No,District,NRSC,GSI,New,Type_of_sl,Length,Width,Area,Building_I,Road_impac,Impact_Agr,LU_2010,LU_2018,Specific_r,Remarks,longitude,latitude,Reclass_Sl,RASTERVALU
1,Ernakulam,Y,Y,N,DF,98,26,2548.00000000000,0,N,FMP,FMP,FMP,,"Two quarters belonging to Kerala Plantation Corporation are at very close vicinity of the slide flow path, are at risk, Built up increased",76.48493900000,10.28600100000,5,26.04970169070
2,Ernakulam,Y,N,N,DF,0,0,647.43200000000,0,N,N,BRF,BRF,,,76.79917400000,10.07499800000,8,43.72699356080
3,Ernakulam,Y,N,N,DF,0,0,3000.00000000000,0,N,N,BRF,BRF,,,76.84589500000,10.09343100000,7,35.94050979610
4,Ernakulam,Y,N,N,DF,0,0,2962.66000000000,0,N,N,BRF,BRF,,,76.84840200000,10.27099400000,5,28.75805091860
5,Ernakulam,Y,N,N,DF,0,0,5123.88000000000,0,N,N,BRF,BRF,,,76.89504200000,10.25260600000,8,41.06077194210
6,Ernakulam,Y,N,N,DF,0,0,1425.47000000000,0,N,N,BRF,BRF,,,76.89541900000,10.25208000000,7,35.47848510740
7,Ernakulam,Y,N,N,DF,0,0,898.02400000000,0,N,N,BRS,BRS,,,76.75286400000,10.27260000000,8,41.68753814700
8,Ernakulam,Y,N,N,DF,0,0,2447.78000000000,0,N,N,BRS,BRS,,,76.75358200000,10.27067500000,5,28.92477989200
10,Ernakulam,Y,N,N,DF,0,0,42439.90000000000,0,N,N,BRS,BRS,,Tea nearby,76.86095500000,10.27240700000,8,40.23725128170
11,Ernakulam,Y,N,N,DF,0,0,1196.41000000000,0,N,N,BRS,BRS,,Tea nearby,76.86540900000,10.26901300000,5,28.84431457520
12,Ernakulam,N,Y,N,DF,0,0,0.00000000000,1,N,N,BUI,BUI,,1 cattle shed fully damaged during the slide and i cow got dead due to the incidence (as per information from the local residents),76.81731000000,10.02836000000,2,13.99843406680
13,Ernakulam,Y,Y,N,DF,0,0,3170.33000000000,2,N,N,BUI,BUI,,"Debris material deposited in the back side of the houses along with water, during the event and cracks developed in the walls of the houses (as per information from the local residents)",76.80325200000,10.03203700000,4,23.81869506840
14,Ernakulam,N,Y,N,DF,0,0,0.00000000000,0,C,N,BUI,BUI,,"Slided material blocked the road for few hours during the slide, NH-49 at risk due to this slide",76.76389000000,10.05445000000,5,25.56449890140
15,Ernakulam,N,Y,N,DF,0,0,0.00000000000,1,N,N,BUI,BUI,,"unstable slope downslope of the house, ground cracks developed",76.75846000000,10.06026000000,3,15.26147937770
16,Ernakulam,N,Y,N,DF,0,0,0.00000000000,1,N,N,BUI,BUI,,The slide zone has numerous ground cracks and is in highly unstable condition. A detailed site specific study is recommended,76.57484000000,9.99272000000,3,17.50498580930
17,Ernakulam,N,Y,N,DF,0,0,0.00000000000,0,N,N,BUI,BUI,,"Highly jointed  rock is exposed in the slide course, widening of stream channel after the event, unstable boulders are present along the nala course, Built up increased",76.54872000000,10.04355000000,2,14.32916355130
18,Ernakulam,N,Y,N,DF,0,0,0.00000000000,1,N,N,FMP,BUI,1,"crown cracks were seen at top which may cause reactivation of slide, if untreated, Built up increased",76.53725000000,10.02042000000,1,1.66223752499
19,Ernakulam,N,Y,N,DF,102,15,1530.00000000000,1,N,N,BUI,BUI,,"Widening of stream after the slide, unstable debris material present at source and slide course, Built up increased",76.47764600000,10.24695500000,4,24.87360954280
20,Ernakulam,N,Y,N,DF,0,0,0.00000000000,1,N,N,BUI,BUI,1,"Debris was induced by steep slope cutting, Built up increased",76.38667000000,10.02798000000,2,13.51120376590
21,Ernakulam,N,Y,N,SS,41,31,1271.00000000000,1,N,N,BUI,BUI,,"the slope is consisted of lithomargic clay material, which is highly prone to sliding, Built up increased",76.38650000000,10.02849000000,1,7.15650749207
22,Ernakulam,Y,N,N,DF,0,0,9717.76000000000,0,N,N,BUI,BUI,,,76.84908300000,10.27712800000,6,33.54017639160
23,Ernakulam,Y,N,N,DF,0,0,8773.97000000000,0,N,N,BUI,BUI,,,76.85158500000,10.27651000000,8,44.57830429080
24,Ernakulam,Y,N,N,DF,0,0,3350.80000000000,0,N,N,FDN,FDN,,,76.83081400000,10.01642800000,6,31.28344154360
25,Ernakulam,Y,N,N,DF,0,0,1675.00000000000,0,N,N,FDN,FDN,,,76.81166900000,10.02232500000,6,34.97696685790
26,Ernakulam,Y,N,N,DF,0,0,4226.87000000000,0,N,N,FDN,FDN,,,76.81751500000,10.01875800000,7,38.47692108150
27,Ernakulam,Y,N,N,DF,0,0,4970.13000000000,0,N,N,FDN,FDN,,,76.79361900000,10.10885500000,5,26.04491996770
28,Ernakulam,Y,N,N,DF,0,0,4551.87000000000,0,N,N,FDN,FDN,,,76.76462100000,10.11373100000,4,24.76358985900
29,Ernakulam,Y,N,N,SS,0,0,373.95600000000,0,N,N,FDN,FDN,,,76.95641800000,10.17891200000,3,16.33199501040
30,Ernakulam,Y,N,N,SS,0,0,484.53000000000,0,N,N,FDN,FDN,,,76.92779500000,10.18559900000,5,27.63265991210
31,Ernakulam,Y,N,N,SS,0,0,645.60400000000,0,N,N,FDN,FDN,,,76.94266500000,10.20541600000,2,14.30431365970
32,Ernakulam,Y,N,N,DF,0,0,1370.77000000000,0,N,N,FDN,FDN,,,76.90374600000,10.23244200000,9,51.73615264890
33,Ernakulam,Y,N,N,SS,0,0,905.18100000000,0,N,N,FDN,FDN,,,76.85891300000,10.23381800000,6,30.51536750790
34,Ernakulam,Y,N,N,DF,0,0,11649.33720300000,0,N,N,FDN,FDN,,,76.87408700000,10.24486400000,6,30.98024559020
35,Ernakulam,Y,N,N,DF,0,0,1761.91000000000,0,N,N,FDN,FDN,,,76.84607600000,10.26745700000,3,15.80295848850
36,Ernakulam,Y,N,N,DF,0,0,2478.16000000000,0,N,N,FDN,FDN,,,76.46087800000,10.28391200000,5,27.78817939760
37,Ernakulam,Y,N,N,DF,0,0,37124.60000000000,0,N,N,FDN,FDN,,,76.57753000000,10.26750700000,4,23.03110885620
38,Ernakulam,Y,N,N,DF,0,0,4566.28000000000,0,N,N,FDN,FDN,,,76.53656900000,10.24113500000,5,26.14978599550
39,Ernakulam,Y,N,N,DF,0,0,5372.06000000000,0,N,N,FDN,FDN,,,76.52810200000,10.24005100000,6,33.24628829960
40,Ernakulam,Y,N,N,DF,0,0,1523.13000000000,0,N,N,FDN,FDN,,,76.52488700000,10.23703500000,4,24.90783882140
41,Ernakulam,Y,N,N,DF,0,0,1355.21000000000,0,N,N,FDN,FDN,,,76.49497000000,10.23073700000,4,24.65281486510
42,Ernakulam,Y,N,N,DF,0,0,20475.10000000000,0,N,N,FDN,FDN,,Built up increased,76.78483000000,10.03614100000,8,41.07336425780
43,Ernakulam,Y,N,N,DF,0,0,7227.84000000000,0,N,N,FDN,FDN,,Built up increased,76.78421600000,10.03659300000,9,46.60583114620
44,Ernakulam,Y,N,N,DF,0,0,3642.70859300000,0,N,FMP,FMP,FMP,,,76.79355200000,10.10350400000,4,20.57041168210
45,Ernakulam,Y,N,N,DF,0,0,1080.68000000000,0,N,FMP,FMP,FMP,,,76.92965700000,10.22999400000,4,20.16839599610
46,Ernakulam,Y,N,N,SS,0,0,29859.70000000000,0,N,FMP,FMP,FMP,1,Built up at toe,76.74604400000,10.11533100000,3,18.23165130620
47,Ernakulam,Y,N,N,DF,0,0,4661.46000000000,0,N,FMP,FMP,FMP,,,76.55205600000,10.25801600000,4,22.97911262510
48,Ernakulam,Y,N,N,SS,0,0,8966.19000000000,0,N,FMP,FMP,FMP,,,76.50161900000,10.23082800000,5,27.53106880190
49,Ernakulam,Y,N,N,DF,0,0,4860.47000000000,0,N,N,FNO,FNO,,,76.80838200000,10.02444100000,9,46.43250274660
50,Ernakulam,Y,N,N,SS,0,0,756.65900000000,0,N,N,FNO,FNO,,,76.75344900000,10.10626000000,6,32.73278427120
51,Ernakulam,Y,N,N,DF,0,0,6715.85000000000,0,N,N,FNO,FNO,,,76.84468500000,10.27869300000,8,41.45613861080
52,Ernakulam,Y,N,N,DF,0,0,790.83500000000,0,N,N,FNO,FNO,,,76.84502800000,10.27524500000,7,37.08703613280
53,Ernakulam,Y,N,N,DF,0,0,3932.52953400000,0,N,N,FNO,FNO,,Quarry nearby,76.51491200000,10.21408800000,4,24.85475349430
54,Ernakulam,Y,N,N,DF,0,0,6233.95000000000,0,N,N,FNO,FNO,,Quarry nearby,76.51219900000,10.21243400000,4,24.92834091190
55,Ernakulam,Y,Y,N,DF,0,0,2122.33500000000,0,C,N,ROA,ROA,2,"Slided material blocked the road for few hours during the slide, NH-49 at risk due to this slide, slide induced by steep slope cutting",76.78227000000,10.06667000000,6,31.88146018980
56,Ernakulam,N,Y,N,DF,0,0,0.00000000000,0,N,N,ROA,ROA,,"Widening of  seasonal 1st order stream after the slide, unstable debris material present at source and slide course",76.77152000000,10.04948000000,5,25.08466529850
57,Ernakulam,Y,N,N,DF,0,0,1500.00000000000,0,N,SPL,SPL,SPL,,,76.87121400000,10.11395200000,7,35.08771896360
58,Ernakulam,Y,N,N,DF,0,0,2434.57000000000,0,N,SPL,SPL,SPL,,,76.96181400000,10.18255700000,5,26.23193359380
59,Ernakulam,Y,N,N,DF,0,0,9096.22000000000,0,N,SPL,SPL,SPL,,,76.71869700000,10.11829800000,3,19.74577140810
60,Ernakulam,Y,N,N,DF,0,0,656.95400000000,0,N,SPL,SPL,SPL,,,76.89610400000,10.25510200000,4,22.75766944890
61,Ernakulam,Y,N,N,DF,0,0,1381.31000000000,0,N,N,BRF,BRF,,,76.85378500000,10.27051200000,6,30.12685585020
62,Ernakulam,Y,N,N,DF,0,0,1156.41000000000,0,N,N,BRF,BRF,,,76.85200200000,10.26871400000,4,23.42603302000
63,Ernakulam,Y,N,N,DF,0,0,1167.47000000000,0,N,N,BRF,BRF,,,76.82828500000,10.01819100000,4,24.74287796020
64,Ernakulam,Y,N,N,DF,0,0,930.18600000000,0,N,N,FDN,FDN,,,76.52806600000,10.27401100000,6,32.04952239990
65,Ernakulam,Y,N,N,DF,0,0,17549.20000000000,0,N,N,FDN,FDN,,,76.53728100000,10.27020600000,6,33.99890899660
66,Ernakulam,Y,N,N,DF,0,0,1932.97000000000,0,N,N,FDN,FDN,,,76.53724200000,10.27102400000,3,19.13306999210
67,Ernakulam,Y,N,N,DF,0,0,3247.34000000000,0,N,N,FDN,FDN,,,76.54032700000,10.26973500000,5,27.21357345580
68,Ernakulam,Y,N,N,DF,0,0,859.65700000000,0,N,N,FDN,FDN,,,76.55251200000,10.27684700000,6,30.84262657170
69,Ernakulam,Y,N,N,DF,0,0,6625.52000000000,0,N,N,FDN,FDN,,,76.55210500000,10.26880300000,5,28.40841674800
70,Ernakulam,Y,N,N,DF,0,0,8208.18000000000,0,N,N,FDN,FDN,,,76.56702800000,10.28088100000,3,17.43803405760
71,Ernakulam,Y,N,N,DF,0,0,1772.94000000000,0,N,N,FDN,FDN,,,76.57180100000,10.27893400000,5,27.89674758910
72,Ernakulam,Y,N,N,DF,0,0,773.97100000000,0,N,N,FDN,FDN,,,76.56413200000,10.28227800000,4,23.16893005370
73,Ernakulam,Y,N,N,DF,0,0,1928.63000000000,0,N,N,FDN,FDN,,,76.59740600000,10.27437600000,2,11.29391288760
74,Ernakulam,Y,N,N,DF,0,0,1213.71000000000,0,N,N,FDN,FDN,,,76.60416500000,10.27046400000,6,30.30134010310
75,Ernakulam,Y,N,N,DF,0,0,1795.62000000000,0,N,N,FDN,FDN,,,76.61753700000,10.27560300000,5,28.46353721620
76,Ernakulam,Y,N,N,DF,0,0,1648.75000000000,0,N,N,FDN,FDN,,,76.62229800000,10.27013000000,5,29.65108299260
77,Ernakulam,Y,N,N,DF,0,0,922.31100000000,0,N,N,FDN,FDN,,,76.61968700000,10.25979000000,5,29.50318527220
78,Ernakulam,Y,N,N,DF,0,0,435.67400000000,0,N,N,FDN,FDN,,,76.61927400000,10.26128700000,7,36.87523651120
79,Ernakulam,Y,N,N,DF,0,0,3755.99000000000,0,N,N,FDN,FDN,,,76.61892500000,10.26093700000,7,36.10631179810
80,Ernakulam,Y,N,N,DF,0,0,3120.53000000000,0,N,N,FDN,FDN,,,76.60936100000,10.25770100000,4,22.91533088680
81,Ernakulam,Y,N,N,DF,0,0,754.20300000000,0,N,N,FDN,FDN,,,76.78562600000,10.26262200000,2,10.01070880890
82,Ernakulam,Y,N,N,DF,0,0,374.41700000000,0,N,N,FDN,FDN,,,76.78617400000,10.26304000000,2,12.54126644130
83,Ernakulam,Y,N,N,DF,0,0,619.36000000000,0,N,N,FDN,FDN,,,76.80097500000,10.27791700000,1,6.36162900925
84,Ernakulam,Y,N,N,DF,0,0,679.31800000000,0,N,N,FDN,FDN,,,76.90918800000,10.23006900000,3,19.70761680600
85,Ernakulam,Y,N,N,DF,0,0,629.14900000000,0,N,N,FDN,FDN,,,76.88537000000,10.20685400000,2,14.07110404970
86,Ernakulam,Y,N,N,DF,0,0,629.14900000000,0,N,N,FDN,FDN,,,76.88562100000,10.20634700000,2,13.39673900600
87,Ernakulam,Y,N,N,DF,0,0,542.22000000000,0,N,N,FDN,FDN,,,76.89184400000,10.20584900000,3,16.10256385800
88,Ernakulam,Y,N,N,SS,0,0,1129.03000000000,0,N,N,FDN,FDN,,,76.56463500000,10.28044700000,3,19.26407051090
89,Ernakulam,Y,N,N,SS,0,0,405.01000000000,0,N,N,FDN,FDN,,,76.79011900000,10.26605500000,4,20.97957229610
90,Ernakulam,Y,N,N,DF,0,0,3021.57000000000,0,N,N,FNO,FNO,,,76.63557200000,10.27106500000,5,28.14685440060
91,Ernakulam,Y,N,N,DF,0,0,1025.17000000000,0,N,N,FNO,FNO,,,76.82154400000,10.27996300000,8,42.94359970090
92,Ernakulam,Y,N,N,DF,0,0,398.35200000000,0,N,N,FNO,FNO,,,76.82014200000,10.28031000000,7,39.40441513060
93,Ernakulam,Y,N,N,DF,0,0,628.98900000000,0,N,N,FNO,FNO,,,76.81983000000,10.27949100000,6,32.51678085330
94,Ernakulam,Y,N,N,DF,0,0,863.99800000000,0,N,N,FNO,FNO,,,76.83675000000,10.28123500000,5,29.62801933290
95,Ernakulam,Y,N,N,DF,0,0,2452.12000000000,0,N,N,FNO,FNO,,,76.84955100000,10.27455400000,5,29.90140342710
96,Ernakulam,Y,N,N,DF,0,0,559.36400000000,0,N,N,FNO,FNO,,,76.85073100000,10.27254000000,6,33.83285903930
97,Ernakulam,Y,N,N,DF,0,0,2190.93000000000,0,N,N,GNA,GNA,,,76.66501100000,10.27350100000,4,20.63563728330
98,Ernakulam,Y,N,N,DF,0,0,2107.58000000000,0,N,N,GNA,GNA,,,76.66548800000,10.27343300000,5,28.10754203800
99,Ernakulam,Y,N,N,DF,0,0,1654.30000000000,0,N,N,GNA,GNA,,,76.66552600000,10.27260200000,5,26.74690818790
100,Ernakulam,Y,N,N,DF,0,0,926.68600000000,0,N,N,GNA,GNA,,,76.66533900000,10.27151400000,5,28.98887062070
101,Ernakulam,Y,N,N,DF,0,0,2787.28000000000,0,N,N,GNA,GNA,,,76.66517700000,10.27159900000,6,31.92168426510
102,Ernakulam,Y,N,N,DF,0,0,822.73400000000,0,N,N,SNA,SNA,,,76.85855300000,10.27373900000,6,31.65619087220
103,Ernakulam,Y,N,N,DF,0,0,851.56600000000,0,N,N,SNA,SNA,,,76.85577400000,10.27421100000,7,35.75092697140
104,Ernakulam,Y,N,N,DF,0,0,786.14500000000,0,N,N,SNA,SNA,,,76.86024000000,10.26671600000,8,40.00220108030
105,Ernakulam,Y,N,N,SS,0,0,2875.00000000000,0,N,N,SNA,SNA,,,76.90806300000,10.23584500000,3,17.47154998780
106,Ernakulam,Y,N,N,DF,0,0,1329.53000000000,0,N,SPL,SPL,SPL,,,76.51806000000,10.27827800000,4,24.82556915280
107,Ernakulam,Y,N,N,DF,0,0,2273.19000000000,0,N,SPL,SPL,SPL,,,76.51756000000,10.27915800000,3,17.08399963380
108,Ernakulam,Y,N,N,DF,0,0,1230.96000000000,0,N,SPL,SPL,SPL,,,76.51848700000,10.27867800000,4,24.67537689210
109,Kannur,Y,Y,N,DF,0,0,56592.60000000000,0,N,FMP,FMP,FMP,,,75.89119300000,11.87277100000,4,24.05297851560
110,Kannur,Y,Y,N,DF,0,0,8725.15000000000,0,N,FMP,FMP,FMP,,,75.75899600000,12.06818400000,5,28.19027137760
111,Kannur,Y,Y,N,DF,0,0,7649.85000000000,0,N,FMP,FMP,FMP,,,75.76863400000,12.06941300000,5,29.09514045720
112,Kannur,Y,N,N,SS,0,0,1219.05000000000,0,N,N,BRF,BRF,,,75.56185700000,12.16999300000,6,31.43355178830
113,Kannur,Y,N,N,DF,0,0,3929.43000000000,0,N,N,BRS,BRS,,,75.62594900000,12.12587900000,5,29.50318527220
114,Kannur,N,Y,N,DF,217,9,1953.00000000000,0,N,N,BRS,BRS,,One family was evacuated temporarily.,75.57819400000,12.15807700000,1,0.00000000000
115,Kannur,Y,N,N,DF,0,0,6991.27000000000,0,N,N,FDN,FDN,,,75.78479400000,11.83602100000,4,24.33710861210
116,Kannur,Y,N,N,DF,0,0,1330.32000000000,0,N,N,FDN,FDN,,,75.79764600000,12.01746000000,8,43.52914810180
117,Kannur,Y,N,N,DF,0,0,6326.54000000000,0,D,N,FDN,FDN,,,75.79075800000,12.00841100000,6,30.75543022160
118,Kannur,Y,N,N,SS,0,0,542.09200000000,0,N,N,FDN,FDN,,,75.83307100000,11.95740000000,2,12.97504711150
119,Kannur,Y,N,N,DF,0,0,1101.82000000000,0,N,N,FDN,FDN,,,75.84814900000,11.96415500000,7,39.12775802610
120,Kannur,Y,N,N,SS,0,0,944.85300000000,0,N,N,FDN,FDN,,,75.75656700000,11.81041700000,6,30.25449752810
121,Kannur,Y,N,N,SS,0,0,1038.61000000000,0,N,N,FDN,FDN,,,75.63252400000,12.08690600000,5,28.80123901370
122,Kannur,Y,N,N,DF,0,0,2524.57000000000,0,N,N,FDN,FDN,,,75.50036800000,12.18645600000,5,27.46396446230
123,Kannur,Y,N,N,DF,0,0,5692.26000000000,0,N,FMP,FMP,FMP,,,75.73550200000,11.78589300000,6,31.59825134280
124,Kannur,Y,N,N,DF,0,0,2214.67000000000,0,N,FMP,FMP,FMP,,,75.85112500000,11.85568400000,6,34.54147720340
125,Kannur,Y,N,N,SS,0,0,644.04200000000,0,N,FMP,FMP,FMP,,,75.84023500000,11.91330400000,6,32.70514297490
126,Kannur,Y,N,N,SS,0,0,667.66900000000,0,N,FMP,FMP,FMP,,,75.83561600000,11.91423400000,6,32.84606552120
127,Kannur,Y,N,N,DF,0,0,3555.10000000000,0,N,FMP,FMP,FMP,,,75.77275200000,12.01645900000,3,17.90279197690
128,Kannur,Y,N,N,DF,0,0,4010.53000000000,0,N,FMP,FMP,FMP,,,75.79643800000,12.00696800000,6,31.66185951230
129,Kannur,Y,N,N,SS,0,0,2957.93000000000,0,N,FMP,FMP,FMP,,,75.52589100000,12.18273400000,3,18.00789260860
130,Kannur,N,Y,N,DF,0,0,1190.56000000000,0,N,FMP,FMP,FMP,,Displaced rock boulder are randomly scattered along the stream course.,75.69080000000,12.08867000000,3,18.34746742250
131,Kannur,N,Y,N,RF,0,0,3845.47000000000,1,N,FMP,FMP,FMP,,,75.69022000000,12.09856000000,4,22.88625335690
132,Kannur,N,Y,N,DF,0,0,8725.15000000000,0,N,FMP,FMP,FMP,,,75.75856000000,12.07206000000,4,24.38486099240
133,Kannur,Y,Y,N,DF,0,0,8725.15000000000,0,N,FMP,FMP,FMP,,,75.75761000000,12.07092000000,4,20.27221107480
134,Kannur,N,Y,N,SS,0,0,3555.10000000000,1,N,FMP,FMP,FMP,,,75.71351000000,12.02903000000,2,11.59612178800
135,Kannur,Y,Y,N,DF,0,0,2945.09000000000,0,N,FMP,FMP,FMP,,,75.77653000000,12.02021000000,4,20.66926383970
136,Kannur,N,Y,N,SS,0,0,3555.10000000000,1,N,FMP,FMP,FMP,1,Unplanned slope modification.,75.75671000000,12.00518000000,3,19.17274093630
137,Kannur,Y,Y,N,DF,0,0,4806.57000000000,1,D,FMP,FMP,FMP,,Road has been partly damaged by the flood water.,75.77842800000,12.01442300000,6,30.46669197080
138,Kannur,N,Y,N,DF,0,0,4812.82000000000,1,N,FMP,FMP,FMP,,,75.86396000000,11.86084000000,2,13.32751655580
139,Kannur,Y,Y,N,SS,0,0,4306.60000000000,5,D,FMP,FMP,FMP,,Electric poles and local pavements/approach road were also damaged.,75.87109000000,11.86205000000,4,24.49222755430
140,Kannur,N,Y,N,SS,0,0,2858.38000000000,23,N,FMP,FMP,FMP,,Earlier the cracks appeared in 2004 and 2 houses were affected.,75.85948000000,11.91209000000,1,9.89869403839
141,Kannur,Y,Y,N,DF,0,0,3845.47000000000,2,N,FMP,FMP,FMP,,,75.64093700000,12.12623300000,5,25.88312911990
142,Kannur,Y,Y,N,DF,0,0,3704.23000000000,0,N,FMP,FMP,FMP,,Two families were temporarily evacuated.,75.57156400000,12.16393800000,7,36.77200317380
143,Kannur,N,Y,N,DF,0,0,1500.20000000000,0,N,FMP,FMP,FMP,,,75.57490000000,12.13916000000,3,16.24985504150
144,Kannur,N,Y,N,DF,88,22,1936.00000000000,1,N,FMP,FMP,FMP,,The natural drainage was obstructed for the construction of house. During rainfall the original course of stream got activated and huge volume of water with debris material followed the original drainage path.,75.64750000000,11.97909000000,4,21.42925643920
145,Kannur,N,Y,N,DF,115,9,1035.00000000000,0,N,FMP,FMP,FMP,,,75.62801900000,12.12924500000,6,33.61987686160
146,Kannur,N,Y,N,DF,189,6,1134.00000000000,0,N,FMP,FMP,FMP,,Culvert of proper dimensions may be provided.,75.78092800000,12.04704600000,6,34.00775909420
147,Kannur,Y,N,N,DF,0,0,2507.92000000000,0,N,SPL,FMP,SPL,,,75.85773300000,11.85230300000,4,22.22646903990
148,Kannur,Y,N,N,SS,0,0,2858.38000000000,0,N,SPL,FMP,SPL,,,75.84219600000,11.91273000000,6,33.83285903930
149,Kannur,Y,N,N,DF,0,0,4735.94000000000,0,N,SPL,SPL,SPL,,,75.80180700000,12.00563400000,6,34.11649322510
150,Kannur,N,N,Y,DF,0,0,1500.20000000000,0,N,SPL,SPL,SPL,,,75.58011800000,12.15645500000,6,32.99729156490
151,Kannur,Y,N,N,SS,0,0,3425.89000000000,0,N,SPL,SPL,SPL,,,75.64143800000,12.12868300000,4,23.80405044560
152,Kannur,Y,N,N,SS,0,0,1190.56000000000,0,N,SPL,SPL,SPL,,,75.63293600000,12.08541900000,3,15.95049285890
153,Kannur,Y,N,N,SS,0,0,663.92000000000,0,N,SPL,SPL,SPL,,,75.61074300000,12.13603800000,6,31.33208847050
154,Kannur,Y,N,N,SS,0,0,1004.41000000000,0,N,SPL,SPL,SPL,,,75.51626300000,12.22944000000,1,8.31430816650
155,Kannur,Y,N,N,SS,0,0,878.13700000000,0,N,SPL,SPL,SPL,,,75.59586700000,12.13420300000,4,21.92610931400
156,Kannur,N,Y,N,DF,0,0,1190.56000000000,0,N,SPL,SPL,SPL,,"At this location, the materials flown along two different streams coalesced at loc 12e 05'27.52"" N, 75 o41'39.44"" E. The co-ordinate of two stream are 1).12 d05'30.15""N, 75 f41'38.00""E  ;(2). 12 d05in29.09""N, 75 241'39.56"" E",75.69389000000,12.09171000000,4,23.11356353760
157,Kannur,Y,Y,N,DF,0,0,2437.25000000000,1,N,SPL,FMP,SPL,,,75.85677700000,11.85238500000,5,26.25870132450
158,Kannur,N,Y,N,DF,0,0,663.92000000000,0,N,SPL,SPL,SPL,,"At this place, material flown down from different directions following three streams got accumulated as it is a break in slope. Larger boulders that rolled down to river was carried further downstream. There are 20 nos. of family and 20 houses were affec",75.60595000000,12.14786000000,3,15.02223587040
159,Kannur,Y,N,N,RF,0,0,1603.98000000000,0,N,N,BRF,BRF,,,75.78651300000,12.05330800000,6,34.82343673710
160,Kannur,Y,N,N,DF,0,0,857.55700000000,0,N,N,FDN,FDN,,,75.93552700000,11.90876200000,2,14.02755451200
161,Kannur,Y,N,N,DF,0,0,500.09600000000,0,N,N,FDN,FDN,,,75.91382600000,11.91799600000,7,37.94721603390
162,Kannur,Y,N,N,DF,0,0,3207.31000000000,0,N,N,FDN,FDN,,,75.91490800000,11.91810000000,7,37.69355010990
163,Kannur,Y,N,N,DF,0,0,3507.89000000000,0,N,N,FDN,FDN,,,75.91857900000,11.91721500000,6,33.47938156130
164,Kannur,Y,N,N,DF,0,0,1694.81000000000,0,N,N,FDN,FDN,,,75.92074500000,11.91246500000,6,32.45855331420
165,Kannur,Y,N,N,DF,0,0,2037.13000000000,0,N,N,FDN,FDN,,,75.92101000000,11.90955800000,3,19.32300758360
166,Kannur,Y,N,N,DF,0,0,1938.24000000000,0,N,N,FDN,FDN,,,75.92369900000,11.91803300000,8,44.99891281130
167,Kannur,Y,N,N,DF,0,0,938.52600000000,0,N,N,FDN,FDN,,,75.92509800000,11.91922000000,1,6.90995883942
168,Kannur,Y,N,N,DF,0,0,941.20300000000,0,N,N,FDN,FDN,,,75.92572200000,11.91822000000,3,18.81175422670
169,Kannur,Y,N,N,DF,0,0,662.88300000000,0,N,N,FDN,FDN,,,75.92622400000,11.91804300000,3,17.61585807800
170,Kannur,Y,N,N,DF,0,0,645.39900000000,0,N,N,FDN,FDN,,,75.92549400000,11.91761100000,7,36.19931411740
171,Kannur,Y,N,N,DF,0,0,1164.88000000000,0,N,N,FDN,FDN,,,75.92587200000,11.90423800000,3,18.18930053710
172,Kannur,Y,N,N,DF,0,0,2106.30000000000,0,N,N,FDN,FDN,,,75.92380300000,11.90146000000,7,38.65230178830
173,Kannur,Y,N,N,DF,0,0,6387.48000000000,0,N,N,FDN,FDN,,,75.92340800000,11.89838500000,8,42.86392974850
174,Kannur,Y,N,N,DF,0,0,2251.14000000000,0,N,N,FDN,FDN,,,75.88877100000,11.84720100000,7,36.13047409060
175,Kannur,Y,N,N,DF,0,0,1905.88000000000,0,N,N,FDN,FDN,,,75.92149600000,11.89530700000,6,33.49155807500
176,Kannur,Y,N,N,DF,0,0,980.06500000000,0,N,N,FDN,FDN,,,75.92092900000,11.89156500000,6,34.77099990840
177,Kannur,Y,N,N,DF,0,0,6597.24000000000,0,N,N,FDN,FDN,,,75.92477200000,11.89068500000,9,45.73616027830
178,Kannur,Y,N,N,DF,0,0,775.09100000000,0,N,N,FDN,FDN,,,75.88724200000,11.88050500000,3,17.73681259160
179,Kannur,Y,N,N,DF,0,0,1290.89000000000,0,N,N,FDN,FDN,,,75.88617700000,11.87886200000,4,22.11884307860
180,Kannur,Y,N,N,DF,0,0,1479.06000000000,0,N,N,FDN,FDN,,,75.88433300000,11.87638500000,3,18.38673591610
181,Kannur,Y,N,N,DF,0,0,9115.44000000000,0,N,N,FDN,FDN,,,75.89357000000,11.86942800000,2,10.28240013120
182,Kannur,Y,N,N,DF,0,0,1019.66000000000,0,N,N,FDN,FDN,,,75.82206800000,11.93913000000,4,21.94054412840
183,Kannur,Y,N,N,DF,0,0,570.53800000000,0,N,N,FDN,FDN,,,75.86731300000,11.93790700000,3,17.86758232120
184,Kannur,Y,N,N,DF,0,0,1161.86000000000,0,N,N,FDN,FDN,,,75.88999300000,11.93075500000,7,38.18930435180
185,Kannur,Y,N,N,DF,0,0,2114.80000000000,0,N,N,FDN,FDN,,,75.89382200000,11.93346800000,5,27.90955543520
186,Kannur,Y,N,N,DF,0,0,2287.68000000000,0,N,N,FDN,FDN,,,75.89665400000,11.94240200000,6,33.16681289670
187,Kannur,Y,N,N,DF,0,0,1241.81000000000,0,N,N,FDN,FDN,,,75.89749400000,11.94088400000,7,38.29881286620
188,Kannur,Y,N,N,DF,0,0,2310.05000000000,0,N,N,FDN,FDN,,,75.89851000000,11.93938100000,5,27.26987457280
189,Kannur,Y,N,N,DF,0,0,469.25000000000,0,N,N,FDN,FDN,,,75.90670400000,11.93754100000,7,35.60102844240
190,Kannur,Y,N,N,DF,0,0,896.93400000000,0,N,N,FDN,FDN,,,75.90904700000,11.93777400000,3,18.61497306820
191,Kannur,Y,N,N,DF,0,0,545.93100000000,0,N,N,FDN,FDN,,,75.92009100000,11.90220900000,8,40.46746444700
192,Kannur,Y,N,N,DF,0,0,2388.42000000000,0,N,N,FDN,FDN,,,75.91416100000,11.90453800000,7,35.09415435790
193,Kannur,Y,N,N,DF,0,0,3548.39000000000,0,N,N,FDN,FDN,,,75.91339700000,11.90121900000,7,35.73502731320
194,Kannur,Y,N,N,DF,0,0,767.39100000000,0,N,N,FDN,FDN,,,75.91728700000,11.90073200000,4,24.47994422910
195,Kannur,Y,N,N,DF,0,0,769.91100000000,0,N,N,FDN,FDN,,,75.91547700000,11.90009200000,8,43.92012023930
196,Kannur,Y,N,N,DF,0,0,7499.24000000000,0,N,N,FDN,FDN,,,75.90802100000,11.89519800000,7,35.50450134280
197,Kannur,Y,N,N,DF,0,0,2197.58000000000,0,N,N,FDN,FDN,,,75.90811200000,11.89032200000,3,19.26161003110
198,Kannur,Y,N,N,DF,0,0,740.03900000000,0,N,N,FDN,FDN,,,75.90424100000,11.89164100000,4,22.63591384890
199,Kannur,Y,N,N,DF,0,0,1275.67000000000,0,N,N,FDN,FDN,,,75.90270200000,11.89526100000,7,36.04747772220
200,Kannur,Y,N,N,DF,0,0,1008.52000000000,0,N,N,FDN,FDN,,,75.89314600000,11.90070700000,6,30.68461799620
201,Kannur,Y,N,N,DF,0,0,620.90800000000,0,N,N,FDN,FDN,,,75.89253500000,11.89874100000,7,35.66506195070
202,Kannur,Y,N,N,DF,0,0,1843.88000000000,0,N,N,FDN,FDN,,,75.89561100000,11.89656600000,6,30.40808868410
203,Kannur,Y,N,N,DF,0,0,480.51200000000,0,N,N,FDN,FDN,,,75.90737200000,11.84612400000,9,45.92051696780
204,Kannur,Y,N,N,DF,0,0,1388.30000000000,0,N,N,FDN,FDN,,,75.91014500000,11.84644600000,5,26.63352012630
205,Kannur,Y,N,N,DF,0,0,864.41700000000,0,N,N,FDN,FDN,,,75.91094500000,11.84988700000,6,31.14482498170
206,Kannur,Y,N,N,DF,0,0,1582.66000000000,0,N,N,FDN,FDN,,,75.91282900000,11.84831200000,7,39.95557022090
207,Kannur,Y,N,N,DF,0,0,1129.66000000000,0,N,N,FDN,FDN,,,75.91319800000,11.85262200000,4,22.49332618710
208,Kannur,Y,N,N,DF,0,0,469.17100000000,0,N,N,FDN,FDN,,,75.91532200000,11.84837400000,6,33.79307174680
209,Kannur,Y,N,N,DF,0,0,1364.81000000000,0,N,N,FDN,FDN,,,75.91576200000,11.84824600000,6,30.24214744570
210,Kannur,Y,N,N,DF,0,0,990.14500000000,0,N,N,FDN,FDN,,,75.91563000000,11.84661900000,8,40.94698715210
211,Kannur,Y,N,N,DF,0,0,2738.16000000000,0,N,N,FDN,FDN,,,75.92273700000,11.85354200000,6,34.03329086300
212,Kannur,Y,N,N,DF,0,0,1682.91000000000,0,N,N,FDN,FDN,,,75.92547000000,11.84863600000,6,31.61076545720
213,Kannur,Y,N,N,DF,0,0,1235.44000000000,0,N,N,FDN,FDN,,,75.92062100000,11.85747400000,8,43.44614028930
214,Kannur,Y,N,N,DF,0,0,3660.40000000000,0,N,N,FDN,FDN,,,75.91736300000,11.86408100000,5,25.57598686220
215,Kannur,Y,N,N,DF,0,0,441.30900000000,0,N,N,FDN,FDN,,,75.91785500000,11.86803900000,5,28.95685577390
216,Kannur,Y,N,N,DF,0,0,430.66800000000,0,N,N,FDN,FDN,,,75.91312000000,11.86999400000,4,24.50800895690
217,Kannur,Y,N,N,DF,0,0,2937.39000000000,0,N,N,FDN,FDN,,,75.90821800000,11.87427600000,7,35.03797149660
218,Kannur,Y,N,N,DF,0,0,556.67700000000,0,N,N,FDN,FDN,,,75.90636500000,11.87657600000,4,21.79142189030
219,Kannur,Y,N,N,DF,0,0,699.48600000000,0,N,N,FDN,FDN,,,75.91055300000,11.87655300000,7,37.84840774540
220,Kannur,Y,N,N,DF,0,0,539.00100000000,0,N,N,FDN,FDN,,,75.92824800000,11.88769500000,5,29.65108299260
221,Kannur,Y,N,N,DF,0,0,2863.22000000000,0,N,N,FDN,FDN,,,75.92912100000,11.88729000000,5,26.97437095640
222,Kannur,Y,N,N,DF,0,0,2074.41000000000,0,N,N,FDN,FDN,,,75.93113500000,11.88817300000,5,27.06148529050
223,Kannur,Y,N,N,DF,0,0,774.95100000000,0,N,N,FDN,FDN,,,75.93097200000,11.88724800000,7,37.08784866330
224,Kannur,Y,N,N,DF,0,0,1755.41000000000,0,N,N,FDN,FDN,,,75.78869700000,12.05285600000,6,34.82997894290
225,Kannur,Y,N,N,DF,0,0,2957.47000000000,0,N,N,FDN,FDN,,,75.79703200000,12.06974100000,7,36.75956726070
226,Kannur,Y,N,N,DF,0,0,1840.98000000000,0,N,N,FDN,FDN,,,75.79481400000,12.06603400000,7,35.42902374270
227,Kannur,Y,N,N,DF,0,0,4309.82000000000,0,N,N,FDN,FDN,,,75.80743500000,12.02550900000,7,38.54597473140
228,Kannur,Y,N,N,SS,0,0,388.73600000000,0,N,N,FDN,FDN,,,75.86731300000,11.93404400000,4,20.97957229610
229,Kannur,Y,N,N,DF,0,0,1655.33000000000,0,N,FMP,FMP,FMP,,,75.87284300000,11.89561600000,6,34.26712799070
230,Kannur,Y,N,N,DF,0,0,2041.47000000000,0,N,FMP,FMP,FMP,,,75.86972500000,11.86580700000,2,13.45792675020
231,Kannur,Y,N,N,DF,0,0,4776.35000000000,0,N,FMP,FMP,FMP,,,75.86306500000,11.86515500000,6,34.27293014530
232,Kannur,Y,N,N,DF,0,0,4812.82000000000,0,N,FMP,FMP,FMP,,,75.86428700000,11.85576600000,3,17.96486854550
233,Kannur,Y,N,N,DF,0,0,642.51100000000,0,N,FMP,FMP,FMP,,,75.86099200000,11.85561800000,6,34.87943267820
234,Kannur,Y,N,N,DF,0,0,2959.52000000000,0,N,FMP,FMP,FMP,,,75.87078400000,11.85464500000,8,41.42112350460
235,Kannur,Y,N,N,DF,0,0,402.38700000000,0,N,FMP,FMP,FMP,,,75.87744400000,11.85675400000,4,21.44416236880
236,Kannur,Y,N,N,DF,0,0,3683.36000000000,0,N,FMP,FMP,FMP,,,75.88354200000,11.86239100000,2,13.40057277680
237,Kannur,Y,N,N,DF,0,0,2011.41000000000,0,N,FMP,FMP,FMP,,,75.89165800000,11.84744300000,5,27.09291267400
238,Kannur,Y,N,N,DF,0,0,1662.99000000000,0,N,FMP,FMP,FMP,,,75.90117900000,11.84755900000,5,28.67812538150
239,Kannur,Y,N,N,DF,0,0,2786.67000000000,0,N,FMP,FMP,FMP,,,75.90351100000,11.84775300000,6,30.62557792660
240,Kannur,Y,N,N,DF,0,0,587.82900000000,0,N,FMP,FMP,FMP,,,75.90413300000,11.84771300000,6,30.48130989070
241,Kannur,Y,N,N,DF,0,0,595.07400000000,0,N,FMP,FMP,FMP,,,75.90462300000,11.84826400000,7,36.94095611570
242,Kannur,Y,N,N,DF,0,0,2324.95000000000,0,N,FMP,FMP,FMP,,,75.38823400000,12.27242800000,3,15.85022449490
243,Kannur,Y,N,N,SS,0,0,1210.86000000000,0,N,FMP,FMP,FMP,,,75.39489100000,12.26967300000,7,35.09691238400
244,Kannur,Y,N,N,DF,0,0,901.65500000000,0,N,N,FNO,FNO,,,75.77635700000,12.06791900000,3,19.69806289670
245,Kannur,Y,N,N,DF,0,0,874.77800000000,0,N,N,GNA,GNA,,,75.93522000000,11.88638900000,6,34.91014862060
246,Kannur,Y,N,N,DF,0,0,1275.67000000000,0,N,N,GNA,GNA,,,75.90500900000,11.89666400000,2,13.26175975800
247,Kannur,Y,N,N,DF,0,0,5385.88000000000,0,N,N,GNA,GNA,,,75.92217300000,11.89431700000,7,36.47766876220
248,Kannur,Y,N,N,DF,0,0,8370.56000000000,0,N,N,GNA,GNA,,,75.92106800000,11.89449700000,8,41.23361206050
249,Kannur,Y,N,N,DF,0,0,2159.31000000000,0,N,N,SNA,SNA,,,75.80932700000,11.95013300000,2,13.48078918460
250,Kasaragod,Y,N,N,SS,0,0,2720.43947800000,0,N,N,BRG,BRG,,,75.13636200000,12.34799600000,1,7.71625232697
251,Kasaragod,Y,N,N,SS,0,0,1196.74477400000,0,N,N,SPL,BUI,,Buildings increased,75.01541400000,12.65495300000,3,18.67915725710
252,Kasaragod,Y,N,N,SS,0,0,497.33475200000,0,N,FCP,FCP,FCP,,,75.41356600000,12.34914400000,4,22.33134651180
253,Kasaragod,Y,N,N,SS,0,0,864.11132800000,0,N,FMP,FMP,FMP,,,75.34335300000,12.31997100000,5,26.84586334230
254,Kasaragod,Y,N,N,SS,0,0,619.44700600000,1,N,FMP,FMP,FMP,,,75.35696800000,12.33079700000,4,24.47994422910
255,Kasaragod,Y,N,N,SS,0,0,526.10976100000,0,N,FMP,FMP,FMP,,,75.34506300000,12.33877300000,1,5.70234584808
256,Kasaragod,Y,N,N,SS,0,0,427.71209600000,0,N,FMP,FMP,FMP,,,75.34400700000,12.33991800000,3,16.77058410640
257,Kasaragod,Y,N,N,SS,0,0,613.42061900000,0,N,FMP,FMP,FMP,,,75.36071200000,12.37651200000,1,8.88209342957
258,Kasaragod,Y,N,N,DF,0,0,1651.37622900000,0,N,FMP,FMP,FMP,,,75.35831100000,12.42008900000,2,13.23457431790
259,Kasaragod,Y,N,N,DF,0,0,1421.03101500000,0,N,FMP,FMP,FMP,,,75.30295900000,12.48998700000,5,26.68724823000
260,Kasaragod,Y,N,N,SS,0,0,759.98853800000,0,N,FMP,FMP,FMP,,,75.28938000000,12.26677800000,2,10.84253787990
261,Kasaragod,Y,N,N,SS,0,0,719.62793300000,0,N,FMP,FMP,FMP,,,75.19077100000,12.29959000000,3,19.49599266050
262,Kasaragod,Y,N,N,SS,0,0,737.13484700000,0,N,FMP,FMP,FMP,,,75.21888300000,12.30699000000,2,12.46244812010
263,Kasaragod,Y,N,N,SS,0,0,578.78409300000,0,N,FMP,FMP,FMP,,,75.08556500000,12.46259000000,3,16.47678565980
264,Kasaragod,Y,N,N,SS,0,0,1593.29740000000,0,N,FMP,FMP,FMP,,,75.14404100000,12.52475200000,2,14.67535209660
265,Kasaragod,Y,N,N,SS,0,0,310.81971800000,0,N,FMP,FMP,FMP,,,75.12342900000,12.56919500000,2,14.97855377200
266,Kasaragod,Y,N,N,SS,0,0,847.01939700000,0,N,SPL,SPL,SPL,,,75.41544700000,12.33475600000,3,16.48578453060
267,Kasaragod,Y,N,N,SS,0,0,605.44888600000,0,N,SPL,FMP,SPL,,,75.35008400000,12.35104500000,4,22.68119239810
268,Kasaragod,Y,N,N,DF,0,0,646.61997700000,0,N,SPL,SPL,SPL,,,75.40879300000,12.37405900000,4,23.64948272710
269,Kasaragod,Y,N,N,SS,0,0,2163.77849100000,0,N,SPL,SPL,SPL,,,75.16020700000,12.61580900000,3,17.87842559810
270,Kasaragod,Y,N,N,SS,0,0,903.65000000000,0,N,N,BUI,BUI,,,75.36508000000,12.30587100000,1,5.43768978119
271,Kasaragod,Y,N,N,SS,0,0,601.69900000000,0,N,N,FDN,FDN,,,75.40850000000,12.36362300000,7,36.30543518070
272,Kasaragod,Y,N,N,DF,0,0,491.50900000000,0,N,FMP,FMP,FMP,,,75.13522600000,12.64106400000,2,14.82957267760
273,Kasaragod,Y,N,N,DF,0,0,684.38100000000,0,N,FMP,FMP,FMP,,,75.38777600000,12.34747700000,4,22.83961677550
274,Kollam,Y,N,N,DF,0,0,958.23400000000,0,N,N,FDN,FDN,,,77.17563700000,9.05123500000,6,30.47765541080
275,Kollam,Y,N,N,DF,0,0,306.13900000000,0,N,N,FDN,FDN,,,77.18097700000,9.05289800000,6,31.77709198000
276,Kollam,Y,N,N,DF,0,0,936.02000000000,0,N,N,FDN,FDN,,,77.18691300000,8.82126300000,8,42.21656799320
277,Kollam,Y,N,N,DF,0,0,576.07600000000,0,N,N,FDN,FDN,,,77.18790000000,8.82109200000,9,49.84325408940
278,Kollam,Y,N,N,DF,0,0,859.47900000000,0,N,N,FDN,FDN,,,77.18897500000,8.82646800000,5,28.66453933720
279,Kollam,Y,N,N,DF,0,0,8378.52000000000,0,N,N,FDN,FDN,5,,77.20171900000,8.82363200000,6,34.81502151490
280,Kollam,Y,N,N,SS,0,0,1473.68000000000,0,N,SPL,FDN,SPL,,,77.12766400000,9.08331800000,1,6.82306718826
281,Kollam,Y,N,N,DF,0,0,15317.70000000000,0,N,SPL,SPL,SPL,4,,77.20646100000,8.82694200000,7,38.13084030150
282,Kollam,Y,N,N,DF,0,0,5616.10000000000,0,N,SPL,SPL,SPL,4,,77.20881600000,8.82559700000,3,19.58293342590
283,Kollam,Y,N,N,DF,0,0,5616.10000000000,0,N,SPL,SPL,SPL,4,,77.20803700000,8.82612700000,6,31.14950370790
284,Kottayam,Y,N,N,SS,0,0,434.58500000000,0,N,N,BRF,BRF,2,,76.86223600000,9.71369900000,7,38.45383834840
285,Kottayam,Y,N,N,DF,0,0,1741.52000000000,0,N,N,BRG,BRG,,,76.87577800000,9.70511600000,7,36.59621810910
286,Kottayam,Y,Y,N,DF,0,0,4305.51000000000,0,D,N,BRO,BRO,,Foot track damaged,76.88771500000,9.63925800000,5,29.15857505800
287,Kottayam,Y,N,N,DF,0,0,1489.87000000000,0,N,N,BRO,BRO,,,76.88638800000,9.71458400000,4,23.91900253300
288,Kottayam,Y,Y,N,DF,0,0,1851.04000000000,0,N,N,BRS,BRS,,Unstable debris materials  present on the crown of slide as well as flow path,76.84184500000,9.72856400000,7,35.53047561650
289,Kottayam,Y,N,N,DF,0,0,3353.56000000000,0,N,N,BRS,BRS,,TEA plantation nearby.,76.87271600000,9.72137700000,4,21.57134437560
290,Kottayam,Y,N,N,DF,0,0,494.96800000000,0,N,N,BRS,BRS,,,76.86681600000,9.71530100000,4,22.22039604190
291,Kottayam,Y,N,N,DF,0,0,2398.38000000000,0,N,N,BRS,BRS,,,76.86049400000,9.68522100000,5,26.68111610410
292,Kottayam,Y,N,N,DF,0,0,812.61800000000,0,N,N,BRS,BRS,,,76.89205000000,9.65330500000,6,33.73021316530
293,Kottayam,N,Y,N,DF,0,0,0.00000000000,0,D,N,BUI,BUI,,Slab culvert partly chocked by debris material after the slide,76.87361000000,9.61754000000,6,31.05215644840
294,Kottayam,N,Y,N,DF,0,0,0.00000000000,0,N,N,BUI,BUI,,"Widening of flow path of stream after slide, unstable boulders present on the flow path",76.89306000000,9.64287000000,5,27.77240753170
295,Kottayam,N,Y,N,DF,80,12,960.00000000000,0,N,N,BUI,BUI,,Unstable debris materials  present on the flow path,76.89647100000,9.64434800000,6,30.84262657170
296,Kottayam,N,Y,N,DF,0,0,0.00000000000,1,N,N,BUI,BUI,,Nil,76.89672000000,9.65936000000,3,19.63341331480
297,Kottayam,N,Y,N,DF,0,0,0.00000000000,1,N,N,BUI,BUI,,"Built up increased, 4 persons belonging to the house died on account of the slide",76.86585000000,9.70027000000,4,24.38486099240
298,Kottayam,Y,N,N,DF,0,0,1658.75000000000,0,N,N,BUI,BUI,,,76.72614600000,9.80825000000,3,18.60467720030
299,Kottayam,Y,N,N,DF,0,0,8376.74000000000,0,N,N,BUI,BUI,,Built up increased,76.86865200000,9.72785000000,8,42.43261718750
300,Kottayam,Y,N,N,SS,0,0,657.90100000000,0,N,N,BUI,BUI,,,76.86448400000,9.71502700000,5,25.77166938780
301,Kottayam,Y,N,N,DF,0,0,2319.62000000000,0,N,N,BUI,BUI,,,76.90918800000,9.66199000000,3,18.81175422670
302,Kottayam,N,Y,N,DF,0,0,0.00000000000,0,N,N,FDN,FDN,,Unstable debris materials  present on the crown of slide as well as flow path,76.84107000000,9.74144000000,7,35.78532409670
303,Kottayam,Y,N,N,DF,0,0,464.73600000000,0,N,N,FDN,FDN,,,76.84847700000,9.73683200000,8,44.78794479370
304,Kottayam,Y,N,N,DF,0,0,520.02400000000,0,N,N,FDN,FDN,,,76.84776600000,9.73254600000,7,35.15380859380
305,Kottayam,Y,N,N,DF,0,0,342.36700000000,0,N,N,FDN,FDN,,,76.86532300000,9.73062900000,4,24.82728767400
306,Kottayam,Y,N,N,DF,0,0,2782.18000000000,0,N,N,FDN,FDN,,,76.85476200000,9.72993500000,8,43.95750808720
307,Kottayam,Y,N,N,DF,0,0,3950.24000000000,0,N,N,FDN,FDN,,Built up with ponds near by,76.90985200000,9.65552000000,8,44.82804107670
308,Kottayam,N,N,Y,DF,65,10,650.00000000000,0,N,N,FDN,FDN,,,76.86566900000,9.73241100000,7,39.93118286130
309,Kottayam,Y,Y,N,SS,0,0,465.00600000000,0,C,FMP,FMP,FMP,2,Temporary blockage of forest road,76.90126600000,9.65847600000,4,21.38658523560
310,Kottayam,Y,Y,N,DF,0,0,3173.36340300000,0,N,FMP,FMP,FMP,2,"Death of 1 person (Joby, 33 yrs) on bike",76.84917500000,9.70720200000,7,39.10847091670
311,Kottayam,Y,Y,N,DF,0,0,3534.49000000000,1,N,FMP,FMP,FMP,,House present very close to the slide flow path,76.81548600000,9.73170500000,5,27.21357345580
312,Kottayam,N,Y,N,DF,0,0,0.00000000000,0,D,FMP,FMP,FMP,,"Temporary blockage and damage to road, no culvert available",76.86205700000,9.61659700000,5,29.35264968870
313,Kottayam,N,Y,N,DF,0,0,0.00000000000,0,N,FMP,FMP,FMP,,Unstable materials and rubbles present on the flow path,76.90502000000,9.64532000000,6,31.45996856690
314,Kottayam,N,Y,N,DF,0,0,0.00000000000,0,N,FMP,FMP,FMP,,"Built up increased, Rubble wall constructed across  the seasonal stream along which debris flow occured",76.90203000000,9.64688000000,4,20.47317886350
315,Kottayam,N,Y,N,DF,57,7,399.00000000000,0,N,FMP,FMP,FMP,,"There are fractured rock at the source of the slide, at unstable condition",76.83479400000,9.69951200000,5,29.59722137450
316,Kottayam,Y,N,N,SS,0,0,1310.73000000000,0,N,FMP,FMP,FMP,,,76.89131000000,9.64351100000,6,31.44619178770
317,Kottayam,Y,N,N,SS,0,0,966.18700000000,0,N,FMP,FMP,FMP,2,,76.82631600000,9.63301900000,3,17.72585868840
318,Kottayam,Y,N,N,DF,0,0,1220.86000000000,0,N,FMP,FMP,FMP,,,76.88866400000,9.62850900000,5,27.33188056950
319,Kottayam,Y,N,N,SS,0,0,330.24400000000,0,N,FMP,FMP,FMP,,,76.87387600000,9.62381400000,6,32.50170516970
320,Kottayam,Y,Y,N,DF,0,0,672.28600000000,0,N,N,FNO,FNO,,Culvert partly chocked by debris materials,76.90110600000,9.65898700000,5,29.65108299260
321,Kottayam,Y,Y,N,DF,0,0,7930.35000000000,0,D,N,FNO,FNO,,"Buildings and road at toe, Partial damage to road",76.88964000000,9.70843600000,7,36.21047210690
322,Kottayam,Y,N,N,DF,0,0,1841.19000000000,0,N,N,FNO,FNO,,,76.86698900000,9.72722900000,4,24.66496849060
323,Kottayam,Y,N,N,DF,0,0,1346.38000000000,0,N,N,FNO,FNO,,,76.86992400000,9.72703500000,7,36.98598480220
324,Kottayam,Y,N,N,DF,0,0,1929.27809200000,0,N,N,FNO,FNO,,,76.86370300000,9.72328300000,3,19.35972404480
325,Kottayam,Y,N,N,DF,0,0,2510.96000000000,0,N,N,FNO,FNO,,Road developed nearby,76.89782000000,9.66687100000,5,26.02259063720
326,Kottayam,Y,N,N,SS,0,0,507.23100000000,0,N,N,FNO,FNO,,,76.90395800000,9.65873800000,3,15.81242465970
327,Kottayam,Y,N,N,DF,0,0,1048.83000000000,0,N,N,FNO,FNO,,,76.86545200000,9.63997100000,4,24.21620941160
328,Kottayam,Y,N,N,DF,0,0,513.66900000000,0,N,N,FNO,FNO,,,76.97676800000,9.48978000000,5,28.95685577390
329,Kottayam,Y,Y,N,DF,0,0,1671.78000000000,0,D,N,QUU,QUU,,Loose material is still existing in the source region,76.88752500000,9.64883200000,3,19.58293342590
330,Kottayam,N,Y,N,DF,0,0,0.00000000000,0,N,N,QUU,QUU,,"Debris flow was originated on the upslope portion of Vazhathara Granite Quarry, Loose material is still existing in the source region",76.88979000000,9.65001000000,4,20.89155769350
331,Kottayam,Y,Y,N,DF,0,0,541.22800000000,0,N,N,ROA,ROA,,Temporary blockage of forest road,76.90231000000,9.65870500000,5,29.54318237300
332,Kottayam,N,Y,N,SS,0,0,0.00000000000,0,D,N,ROA,ROA,5,Road damaged,76.90342000000,9.65309000000,2,11.82378768920
333,Kottayam,N,Y,N,DF,0,0,0.00000000000,0,D,N,ROA,ROA,,Partial damage to road,76.86824000000,9.63894000000,6,31.63689994810
334,Kottayam,N,Y,N,DF,0,0,0.00000000000,0,C,N,ROA,ROA,,Temporary blockage of road,76.86842000000,9.64372000000,3,19.85019302370
335,Kottayam,N,Y,N,DF,0,0,0.00000000000,0,N,N,ROA,ROA,,1 house at near vicinity on the left flank of the stream,76.86787000000,9.64449000000,3,18.02935600280
336,Kottayam,N,Y,N,DF,0,0,0.00000000000,0,C,N,ROA,ROA,,Temporary blockage of road,76.87125000000,9.63086000000,4,23.51019477840
337,Kottayam,N,Y,N,DF,0,0,0.00000000000,0,C,N,ROA,ROA,,Temporay blockage of the road for 1 day,76.82231000000,9.73388000000,5,27.05698966980
338,Kottayam,N,Y,N,DF,0,0,0.00000000000,0,D,N,ROA,ROA,,Road and culvert damaged,76.90318000000,9.65340000000,2,11.44612312320
339,Kottayam,Y,N,N,DF,0,0,1342.79000000000,0,N,N,ROA,ROA,,,76.89080600000,9.69673800000,7,39.76557159420
340,Kottayam,Y,N,N,SS,0,0,520.93300000000,0,N,N,ROA,ROA,2,,76.85369600000,9.66365200000,7,35.49463653560
341,Kottayam,Y,N,N,DF,0,0,5905.80000000000,0,N,N,BRF,ROA,,New road constructed,76.90586100000,9.66171700000,5,27.08693122860
342,Kottayam,Y,N,N,DF,0,0,2319.62000000000,0,N,N,BRF,ROA,,,76.90841400000,9.66017400000,5,26.65656852720
343,Kottayam,Y,N,N,DF,0,0,1704.03000000000,0,N,N,ROA,ROA,,Quarry present nearby,76.88439800000,9.65072400000,4,21.20606422420
344,Kottayam,Y,N,N,DF,0,0,1521.86870500000,0,N,N,ROA,ROA,,,76.87235600000,9.64602900000,3,18.84977722170
345,Kottayam,Y,N,N,DF,0,0,463.84500000000,0,N,N,ROA,ROA,,,76.87180500000,9.64605600000,6,30.52630043030
346,Kottayam,Y,Y,N,DF,0,0,753.12600000000,0,N,SPL,SPL,SPL,,Unstable boulders present on the flow path,76.86280200000,9.61392600000,5,26.28385353090
347,Kottayam,Y,Y,N,DF,0,0,4137.09000000000,0,N,SPL,SPL,SPL,,"Widening of flow path of stream after slide, unstable boulders present on the flow path",76.86310600000,9.61361200000,6,33.20092010500
348,Kottayam,Y,Y,N,DF,0,0,978.86800000000,0,N,SPL,SPL,SPL,,Source/ crown portion of the slide has been totally covered with creepers and hence it is very difficult to appreciate the slide,76.82049000000,9.74295000000,5,25.32635688780
349,Kottayam,Y,Y,N,DF,0,0,5905.80000000000,0,D,SPL,SPL,SPL,,Road damaged,76.90575600000,9.65921300000,6,30.74584579470
350,Kottayam,Y,N,N,SS,0,0,747.69600000000,0,N,SPL,SPL,SPL,,,76.86440400000,9.61676600000,2,13.87019729610
351,Kottayam,Y,N,N,DF,0,0,1131.85000000000,0,N,SPL,FMP,SPL,,,76.88230200000,9.66237700000,5,29.06333160400
352,Kottayam,Y,N,N,DF,0,0,913.27800000000,0,N,SPL,FMP,SPL,,Quarry present nearby,76.88349300000,9.65074700000,5,29.20993804930
353,Kottayam,Y,N,N,DF,0,0,564.07800000000,0,N,SPL,SPL,SPL,,,76.87176800000,9.64639100000,4,23.36403083800
354,Kottayam,Y,N,N,DF,0,0,667.69200000000,0,N,SPL,SPL,SPL,,,76.86660400000,9.64481000000,5,28.54998016360
355,Kottayam,Y,N,N,DF,0,0,448.41500000000,0,N,SPL,SPL,SPL,,,76.86703400000,9.64423800000,2,13.62832355500
356,Kottayam,Y,N,N,DF,0,0,523.34400000000,0,N,SPL,SPL,SPL,,,76.87626400000,9.63964500000,6,31.61644935610
357,Kottayam,Y,N,N,DF,0,0,454.88200000000,0,N,SPL,SPL,SPL,,,76.87627300000,9.63997200000,5,26.45262527470
358,Kottayam,Y,N,N,DF,0,0,885.70900000000,0,N,SPL,SPL,SPL,,,76.87617000000,9.64009600000,5,27.12875556950
359,Kottayam,N,N,Y,SS,44,29,1276.00000000000,0,N,SPL,FMP,SPL,,,76.87178000000,9.61490600000,3,15.37617683410
360,Kozhikode,Y,Y,N,DF,0,0,1823.83859100000,0,N,N,FDN,FDN,,,75.91377300000,11.54987400000,6,34.82997894290
361,Kozhikode,Y,Y,N,DF,0,0,22967.50500000000,0,C,N,BRF,BRF,,"Flows through FMP & BUI, During heavy rainfall the debris material slided and  blocked small un mettaled road.",76.07392100000,11.34551600000,6,31.04509735110
362,Kozhikode,N,N,Y,DF,0,0,6337.27688200000,0,N,N,BRF,BRF,,,75.98938500000,11.53639900000,9,56.23663330080
363,Kozhikode,N,N,Y,DF,419,28,11732.00000000000,0,N,N,BRF,BRF,,,75.98914600000,11.53369300000,6,34.69202423100
364,Kozhikode,N,N,Y,DF,246,18,4428.00000000000,0,N,N,BRF,BRF,,,75.98878100000,11.53366000000,5,28.94082641600
365,Kozhikode,N,N,Y,DF,503,18,9054.00000000000,0,N,N,BRF,BRF,,,75.99082000000,11.53094500000,7,35.35681533810
366,Kozhikode,N,N,Y,DF,260,17,4420.00000000000,0,N,N,BRF,BRF,,,75.98534500000,11.53630200000,7,37.44132232670
367,Kozhikode,N,N,Y,DF,80,12,960.00000000000,0,N,N,BRF,BRF,,,75.99125600000,11.53039700000,4,24.98288536070
368,Kozhikode,N,N,Y,DF,104,12,1248.00000000000,0,N,N,BRF,BRF,,,75.99175300000,11.53045700000,4,22.49332618710
369,Kozhikode,N,N,Y,DF,377,16,6032.00000000000,0,N,N,BRF,BRF,,,75.98805200000,11.53500800000,9,45.84569931030
370,Kozhikode,N,N,Y,DF,1392,24,33408.00000000000,0,N,N,BRF,BRF,,,75.98435300000,11.53627500000,8,43.20356369020
371,Kozhikode,N,N,Y,DF,480,20,9600.00000000000,0,N,N,BRF,BRF,,,76.00058500000,11.52209900000,5,27.96636581420
372,Kozhikode,N,N,Y,DF,284,42,11928.00000000000,0,N,N,BRF,BRF,,,75.98284300000,11.53321900000,8,41.30257415770
373,Kozhikode,N,N,Y,DF,116,22,2552.00000000000,0,N,N,BRF,BRF,,,75.98367000000,11.53001900000,2,13.62832355500
374,Kozhikode,N,N,Y,DF,94,14,1316.00000000000,0,N,N,BRF,BRF,,,75.98395000000,11.53066000000,6,30.98497009280
375,Kozhikode,N,N,Y,DF,3138,40,125520.00000000000,0,N,N,BRF,BRF,,,75.98718600000,11.53675600000,6,33.99202346800
376,Kozhikode,N,N,Y,DF,546,12,6552.00000000000,0,N,N,BRF,BRF,,,75.99234100000,11.53379800000,8,41.15056991580
377,Kozhikode,N,N,Y,DF,340,17,5780.00000000000,0,N,N,BRF,BRF,,,75.99304700000,11.53525300000,7,39.39669799800
378,Kozhikode,N,N,Y,DF,427,12,5124.00000000000,0,N,N,BRF,BRF,,,75.99344500000,11.53573900000,2,13.16828536990
379,Kozhikode,N,N,Y,DF,76,21,1596.00000000000,0,N,N,BRF,BRF,,,75.99494500000,11.53436900000,9,54.18423843380
380,Kozhikode,N,N,Y,DF,86,8,688.00000000000,0,N,N,BRF,BRF,,,75.99428500000,11.53547900000,6,31.31241416930
381,Kozhikode,N,N,Y,DF,111,22,2442.00000000000,0,N,N,BRF,BRF,,,75.99516100000,11.53408500000,9,49.06295394900
382,Kozhikode,N,N,Y,DF,615,44,27060.00000000000,0,N,N,BRF,BRF,,,75.99630500000,11.53368000000,6,34.31831741330
383,Kozhikode,N,N,Y,DF,329,42,13818.00000000000,0,N,N,BRF,BRF,,,75.99696300000,11.53075900000,8,44.24862289430
384,Kozhikode,N,N,Y,DF,259,40,10360.00000000000,0,N,N,BRF,BRF,,,75.99806000000,11.52605700000,9,50.21938705440
385,Kozhikode,N,N,Y,DF,662,67,44354.00000000000,0,N,N,BRF,BRF,,,76.00459900000,11.51996600000,9,45.83751297000
386,Kozhikode,N,N,Y,DF,264,25,6600.00000000000,0,N,N,BRF,BRF,,,76.00500100000,11.51510000000,4,21.09976959230
387,Kozhikode,N,N,Y,DF,135,26,3510.00000000000,0,N,N,BRF,BRF,,,76.00661100000,11.51815000000,3,17.19259071350
388,Kozhikode,N,N,Y,DF,567,40,22680.00000000000,0,N,N,BRF,BRF,,,76.10972700000,11.45022900000,7,38.82501983640
389,Kozhikode,N,N,Y,DF,269,12,3228.00000000000,0,N,N,BRF,BRF,,,76.10843600000,11.45058700000,8,41.27589797970
390,Kozhikode,N,N,Y,DF,532,14,7448.00000000000,0,N,N,BRF,BRF,,,76.11006900000,11.44888000000,4,21.40580177310
391,Kozhikode,N,N,Y,DF,223,28,6244.00000000000,0,N,N,BRF,BRF,,,76.11152700000,11.44394500000,8,43.66839599610
392,Kozhikode,N,N,Y,DF,805,40,32200.00000000000,0,N,N,BRF,BRF,,,76.11868700000,11.44153100000,9,53.41575622560
393,Kozhikode,N,N,Y,DF,422,27,11394.00000000000,0,N,N,BRF,BRF,,,76.10826800000,11.43936800000,3,16.80576515200
394,Kozhikode,N,N,Y,DF,292,8,2336.00000000000,0,N,N,BRF,BRF,,,76.10651100000,11.43942400000,7,37.54901123050
395,Kozhikode,N,N,Y,DF,145,33,4785.00000000000,0,N,N,BRF,BRF,,,76.10540300000,11.43618000000,5,29.36177253720
396,Kozhikode,N,N,Y,DF,137,19,2603.00000000000,0,N,N,BRF,BRF,,,76.10231000000,11.43878300000,7,39.88025665280
397,Kozhikode,N,N,Y,DF,1236,30,37080.00000000000,0,N,N,BRF,BRF,,,76.04926500000,11.50264600000,8,43.75804519650
398,Kozhikode,N,N,Y,DF,709,23,16307.00000000000,0,N,N,BRF,BRF,,,76.05093500000,11.49861600000,9,45.53915023800
399,Kozhikode,N,N,Y,DF,53,11,583.00000000000,0,N,N,BRF,BRF,,,76.08690000000,11.48632100000,9,49.99541854860
400,Kozhikode,N,N,Y,DF,947,20,18940.00000000000,0,N,N,BRF,BRF,,,76.13259400000,11.46090400000,3,19.35727882390
401,Kozhikode,N,N,Y,DF,615,19,11685.00000000000,0,N,N,BRF,BRF,,,76.13019800000,11.46076400000,8,43.23573684690
402,Kozhikode,N,N,Y,DF,750,39,29250.00000000000,0,N,N,BRF,BRF,,,76.13366500000,11.45933700000,7,38.86281967160
403,Kozhikode,N,N,Y,DF,278,16,4448.00000000000,0,N,N,BRF,BRF,,,76.13502400000,11.45964200000,1,8.73614883423
404,Kozhikode,N,N,Y,DF,1677,41,68757.00000000000,0,N,N,BRF,BRF,,,76.13543200000,11.45964200000,4,22.79869651790
405,Kozhikode,N,N,Y,DF,155,17,2635.00000000000,0,N,N,BRF,BRF,,,76.13561600000,11.45937700000,4,21.89099693300
406,Kozhikode,N,N,Y,DF,416,40,16640.00000000000,0,N,N,BRF,BRF,,,76.13657500000,11.45580400000,8,40.53996276860
407,Kozhikode,N,N,Y,DF,166,32,5312.00000000000,0,N,N,BRF,BRF,,,76.13857600000,11.45418600000,9,50.01047134400
408,Kozhikode,N,N,Y,DF,1192,33,39336.00000000000,0,N,N,BRF,BRF,,,76.14018300000,11.45338800000,8,43.67421340940
409,Kozhikode,N,N,Y,DF,360,34,12240.00000000000,0,N,N,BRF,BRF,,,76.13726600000,11.45552300000,8,42.48772048950
410,Kozhikode,N,N,Y,DF,332,16,5312.00000000000,0,N,N,BRF,BRF,,,76.13751000000,11.45490700000,8,43.42034149170
411,Kozhikode,N,N,Y,DF,221,11,2431.00000000000,0,N,N,BRF,BRF,,,76.12778200000,11.45762900000,9,56.90016937260
412,Kozhikode,N,N,Y,DF,655,28,18340.00000000000,0,N,N,BRF,BRF,,,76.11246800000,11.43870500000,8,42.03401947020
413,Kozhikode,N,N,Y,DF,417,16,6672.00000000000,0,N,N,BRF,BRF,,,76.11471300000,11.43873000000,9,48.66758728030
414,Kozhikode,N,N,Y,DF,233,30,6990.00000000000,0,N,N,BRF,BRF,,,76.11752100000,11.43913700000,6,32.28371810910
415,Kozhikode,N,N,Y,DF,1344,18,24192.00000000000,0,N,N,BRF,BRF,,,76.12124300000,11.43752700000,8,44.28061294560
416,Kozhikode,N,N,Y,DF,1047,25,26175.00000000000,0,N,N,BRF,BRF,,,76.12305100000,11.43611100000,4,24.90099906920
417,Kozhikode,N,N,Y,DF,190,17,3230.00000000000,0,N,N,BRF,BRF,,,76.12108600000,11.43735600000,8,42.43261718750
418,Kozhikode,N,N,Y,DF,541,40,21640.00000000000,0,N,N,BRF,BRF,,,76.12064500000,11.43698000000,7,36.82328796390
419,Kozhikode,N,N,Y,DF,767,15,11505.00000000000,0,N,N,BRF,BRF,,,76.12385000000,11.43537500000,5,29.68816947940
420,Kozhikode,N,N,Y,DF,368,21,7728.00000000000,0,N,N,BRF,BRF,,,76.12692900000,11.43367700000,7,38.08665847780
421,Kozhikode,N,N,Y,DF,412,12,4944.00000000000,0,N,N,BRF,BRF,,,76.12327500000,11.42654500000,9,54.17183303830
422,Kozhikode,N,N,Y,DF,895,25,22375.00000000000,0,N,N,BRF,BRF,,,76.11889400000,11.42361300000,4,22.31324577330
423,Kozhikode,N,N,Y,DF,123,22,2706.00000000000,0,N,N,BRF,BRF,5,,76.10089200000,11.42500200000,7,35.06470870970
424,Kozhikode,N,N,Y,SS,84,26,2184.00000000000,0,N,N,BRF,BRF,5,,76.10200800000,11.42376800000,6,31.95846939090
425,Kozhikode,N,N,Y,DF,350,28,9800.00000000000,0,N,N,BRF,BRF,,,75.77964900000,11.76772300000,5,27.85397720340
426,Kozhikode,Y,N,N,DF,0,0,7849.44454300000,0,N,N,BRF,BRF,,,75.99673900000,11.52208500000,8,44.19515228270
427,Kozhikode,Y,N,N,DF,0,0,13041.85777000000,0,N,N,BRF,BRF,,,76.11057100000,11.42814200000,9,51.78306198120
428,Kozhikode,Y,N,N,SS,0,0,295.98797800000,0,N,N,BRF,BRF,,,76.07841900000,11.33908300000,5,26.50074958800
429,Kozhikode,Y,N,N,DF,0,0,1861.90401300000,0,N,N,BRF,BRF,,,76.08056000000,11.33920200000,6,32.72640991210
430,Kozhikode,N,N,Y,DF,242,32,7744.00000000000,0,N,N,BRO,BRO,,,76.10423300000,11.47734500000,9,47.29793930050
431,Kozhikode,Y,N,N,DF,0,0,1256.36476100000,0,N,N,BRS,BRS,,,76.08442100000,11.33120300000,6,34.64294052120
432,Kozhikode,N,Y,N,DF,0,0,130983.56120000000,0,N,N,BUI,BUI,,Building increased,75.93039600000,11.47461800000,5,28.36418724060
433,Kozhikode,N,Y,N,DF,0,0,7151.09920800000,1,N,N,BUI,BUI,,Retaining wall already constructed by house owner with no proper outlets.,75.88011000000,11.51956000000,5,27.39952278140
434,Kozhikode,Y,Y,N,DF,0,0,1525.32917400000,0,N,N,FCP,BUI,,"Above the slided area an amusement park is builded and to regulate the park activity, proper precasinary measures has to be taken",76.11104900000,11.31919300000,5,29.41120910640
435,Kozhikode,N,Y,N,DF,135,12,1620.00000000000,0,N,N,FCP,BUI,,"Above the slided area an amusement park is builded and to regulate the park activity, proper precasinary measures has to be taken",76.11149400000,11.31901800000,5,28.97953987120
436,Kozhikode,N,Y,N,DF,0,0,1624.80612700000,0,N,N,BUI,BUI,,Further construction has to be permitted only after providing necessary remedial measures to stablize the slope.,76.11188000000,11.32288000000,3,16.18561553960
438,Kozhikode,N,Y,N,DF,0,0,1198.96860200000,0,N,N,BUI,BUI,,No loss for life and property,76.10091000000,11.33124000000,4,21.50364494320
439,Kozhikode,N,Y,N,DF,0,0,777.26954800000,1,N,N,BUI,BUI,,Precarious boulders sitting at the back side of the home are to be removed.Further modification of the slope should not be permitted.,76.06301100000,11.45892000000,3,18.00520706180
440,Kozhikode,N,Y,N,DF,0,0,578.90518700000,1,N,N,BUI,BUI,,"Built up increased at the exact location, Further modification of the slope should not be permitted.",76.06040000000,11.45160000000,1,7.68822336197
441,Kozhikode,N,Y,N,DF,0,0,578.90518700000,1,N,N,BUI,BUI,,"Built up increased, Further modification of the slope should not be permitted.",76.06418000000,11.44703000000,3,18.36580657960
442,Kozhikode,Y,Y,N,DF,0,0,907.81863100000,0,N,N,BUI,BUI,,"Built up increase, No plantation and modification should be permitted",76.07776000000,11.39247600000,2,14.52617836000
443,Kozhikode,Y,Y,N,DF,0,0,10595.32391000000,1,N,N,BUI,BUI,,Further modification of the slope should not be permitted.,76.05970700000,11.35259900000,6,30.76740264890
444,Kozhikode,N,Y,N,DF,0,0,10595.32391000000,1,N,N,BUI,BUI,,"Built up increase, Mr.Rajesh, S/O Thomas got injured when slide occurred",76.05895000000,11.35099000000,3,15.99723148350
445,Kozhikode,Y,Y,N,DF,0,0,1655.12130900000,1,N,N,FMP,BUI,,No further settlement and slope modification should be permitted,76.08464300000,11.38072400000,7,35.08311843870
446,Kozhikode,N,Y,N,DF,129,20,2580.00000000000,1,N,N,BUI,BUI,,"Built up increased, No further construction of house is to be allowed",76.05628300000,11.30113000000,3,18.52204132080
447,Kozhikode,N,Y,N,DF,0,0,4669.74267800000,1,N,N,BUI,BUI,,"Built up increased and road developed, No further construction of house is to be allowed",76.05678000000,11.30010000000,2,11.45984935760
448,Kozhikode,N,Y,N,DF,0,0,2314.96397600000,0,N,N,BUI,BUI,,No further settlement and slope modification should be permitted,76.06978000000,11.35579000000,2,11.50091934200
449,Kozhikode,N,Y,N,DF,0,0,4669.74267800000,0,N,N,BUI,BUI,,"Built up increased, According to local people,Overblasting in the nearby stone quarry causes cracks in house walls. During the visit of GSI officers blasting was stopped by quarry workers",76.05552000000,11.30005000000,2,11.45984935760
450,Kozhikode,Y,N,N,DF,0,0,777.26954800000,0,N,N,BUI,BUI,,Plantation removed,76.06268600000,11.45978600000,4,22.68119239810
451,Kozhikode,Y,N,N,DF,0,0,777.26954800000,0,N,N,BUI,BUI,,Plantation removed,76.06273700000,11.45954100000,4,21.17143821720
452,Kozhikode,Y,N,N,DF,0,0,1789.38342100000,0,N,N,BUI,BUI,,Builtup increased,75.90106200000,11.50654200000,6,33.54421997070
453,Kozhikode,Y,N,N,DF,0,0,3599.11302700000,0,N,N,BUI,BUI,,Built up increased,76.09720500000,11.32596600000,2,10.73011493680
454,Kozhikode,Y,N,N,DF,0,0,7151.09920800000,0,N,N,FMP,BUI,,,75.87566900000,11.51694200000,5,28.49240303040
455,Kozhikode,Y,N,N,SS,0,0,1666.46229000000,0,N,N,FMP,BUI,,,76.10723400000,11.45345200000,2,13.84069156650
456,Kozhikode,Y,N,N,DF,0,0,3081.73614700000,0,N,N,SPL,BUI,1,Road built,76.09591100000,11.36394700000,1,7.34313344955
457,Kozhikode,Y,N,N,DF,0,0,2934.07056000000,0,N,N,SPL,BUI,,,76.11557500000,11.32726200000,4,23.52511024480
458,Kozhikode,Y,N,N,DF,0,0,1775.49011800000,0,N,N,SPL,BUI,,,76.11823300000,11.32562500000,2,13.57935047150
459,Kozhikode,Y,N,N,DF,0,0,1624.80612700000,0,N,N,FMP,BUI,,Earth materials removed,76.11163000000,11.32139300000,4,20.67821693420
460,Kozhikode,N,Y,N,DF,37,11,407.00000000000,0,N,FCP,FCP,FCP,,Built up increased,76.05896000000,11.35419000000,4,24.18226623540
461,Kozhikode,N,Y,N,DF,114,8,912.00000000000,1,N,FCP,FCP,FCP,,Plantation removed at 2017,76.05801400000,11.30346000000,5,28.70932769780
462,Kozhikode,N,Y,N,SS,0,0,1655.12130900000,0,N,N,FDN,FDN,,,76.10913000000,11.39678000000,5,27.42444992070
463,Kozhikode,N,Y,N,DF,0,0,1823.83859100000,0,C,N,FDN,FDN,,"Road present, During heavy rainfall the debris material slided and  blocked the road leads to Kakkayam Dam",75.91303000000,11.55711000000,4,24.08179855350
464,Kozhikode,N,Y,N,DF,0,0,1823.83859100000,0,N,N,FDN,FDN,,Danger posing Boulders on the slope are to be removed  to avert further slide/Fall,75.91486000000,11.56103000000,4,20.88493537900
465,Kozhikode,Y,Y,N,DF,0,0,1823.83859100000,0,C,N,FDN,FDN,,"Road present, During heavy rainfall the debris material slided and  blocked the road leads to Kakkayam Dam",75.91486000000,11.55610000000,7,36.49622344970
466,Kozhikode,N,Y,N,DF,0,0,1823.83859100000,0,C,N,FDN,FDN,,"Road present, During heavy rainfall the debris material slided and  blocked the road leads to Kakkayam Dam",75.91320000000,11.55700000000,2,14.96845149990
467,Kozhikode,N,N,Y,DF,289,18,5202.00000000000,0,N,N,FDN,FDN,,,76.01306900000,11.51863300000,4,22.20824432370
468,Kozhikode,N,N,Y,DF,384,46,17664.00000000000,0,N,N,FDN,FDN,,,76.11253800000,11.44766900000,4,22.52313804630
469,Kozhikode,N,N,Y,DF,582,15,8730.00000000000,0,N,N,FDN,FDN,,,76.11860500000,11.44637700000,6,34.26809692380
470,Kozhikode,N,N,Y,DF,163,27,4401.00000000000,0,N,N,FDN,FDN,,,76.10480200000,11.43857300000,3,18.28177833560
471,Kozhikode,N,N,Y,DF,0,0,590.03491600000,0,N,N,FDN,FDN,,,76.07980200000,11.51463700000,9,46.75233459470
472,Kozhikode,N,N,Y,DF,55,7,385.00000000000,0,N,N,FDN,FDN,,,76.08762600000,11.48453300000,6,34.96492385860
473,Kozhikode,N,N,Y,SS,55,18,990.00000000000,0,N,N,FDN,FDN,,,76.08720600000,11.48378900000,8,41.83905792240
474,Kozhikode,N,N,Y,DF,190,43,8170.00000000000,0,N,N,FDN,FDN,,,76.13715200000,11.43609200000,6,31.54581832890
475,Kozhikode,N,N,Y,DF,267,24,6408.00000000000,0,N,N,FDN,FDN,,,76.11856500000,11.43943800000,6,34.28742980960
476,Kozhikode,N,N,Y,DF,905,24,21720.00000000000,0,N,N,FDN,FDN,,,76.12072600000,11.43814800000,9,51.36434173580
477,Kozhikode,N,N,Y,DF,626,27,16902.00000000000,0,N,N,FDN,FDN,,,76.11386100000,11.42650400000,2,14.49822616580
478,Kozhikode,N,N,Y,DF,140,9,1260.00000000000,0,N,N,FDN,FDN,,,76.11037200000,11.41888300000,9,45.08407211300
479,Kozhikode,N,N,Y,DF,278,14,3892.00000000000,0,N,N,FDN,FDN,,,76.11089900000,11.41827400000,8,42.44583892820
480,Kozhikode,N,N,Y,DF,1080,33,35640.00000000000,0,N,N,FDN,FDN,,,76.09908800000,11.41531500000,9,50.73301315310
481,Kozhikode,N,N,Y,DF,434,26,11284.00000000000,0,N,N,FDN,FDN,,,76.08869400000,11.41660600000,2,11.71726417540
482,Kozhikode,Y,N,N,DF,0,0,8532.23573100000,0,N,N,FDN,FDN,,,75.99395300000,11.52054500000,6,33.62591552730
483,Kozhikode,Y,N,N,DF,0,0,6219.45783100000,0,N,N,FDN,FDN,,,76.10070100000,11.43811700000,7,39.27766418460
484,Kozhikode,Y,N,N,DF,0,0,1149.05519200000,0,N,N,BRF,FDN,,,76.01153100000,11.50489000000,6,33.02549362180
485,Kozhikode,N,Y,N,RF,154,12,1848.00000000000,0,N,FMP,FMP,FMP,,Natural slope had been modified for planning crops and temprory road by blocking natural gullies and streamlets.,75.89815000000,11.51611000000,7,38.65230178830
486,Kozhikode,Y,Y,N,DF,0,0,1577.62627900000,1,N,FMP,FMP,FMP,,During heavy rainfall the debris material got dumped in the house located at downslope area (Shri .Sabu).,75.86280800000,11.51811200000,5,29.84582138060
487,Kozhikode,N,Y,N,DF,0,0,16997.96984000000,0,N,FMP,FMP,FMP,,Natural slope had been modifiedfor planning crops .,75.86513000000,11.52623000000,1,3.75687646866
488,Kozhikode,N,Y,N,SS,0,0,16997.96984000000,0,N,FMP,FMP,FMP,,Built up increase,75.86695000000,11.52966000000,4,20.49584579470
489,Kozhikode,Y,Y,N,DF,0,0,578.90518700000,0,N,FMP,FMP,FMP,,Further modification of the slope should not be permitted.,76.06673200000,11.44835800000,1,9.14322757721
490,Kozhikode,Y,Y,N,DF,0,0,691.29584800000,0,N,FMP,FMP,FMP,,Further modification of the slope should not be permitted.,76.07713400000,11.35213600000,2,14.99201011660
491,Kozhikode,Y,Y,N,DF,0,0,2314.96397600000,0,D,FMP,FMP,FMP,,Broken road due to slide is to be reconstructed,76.07571700000,11.35070500000,5,28.26005744930
492,Kozhikode,N,Y,N,DF,0,0,4669.74267800000,0,D,FMP,FMP,FMP,,unmettaled road got damaged due to slide. Breast wall with weep holes is to be constructed along the road side,76.04953000000,11.30941000000,3,19.78620338440
493,Kozhikode,Y,Y,N,DF,0,0,4669.74267800000,0,N,FMP,FMP,FMP,,,76.04982400000,11.30805300000,5,26.47282409670
494,Kozhikode,Y,Y,N,DF,0,0,6808.23739200000,0,C,FMP,FMP,FMP,,"According to local people,Overblasting in the nearby stone quarry causes cracks in house walls. During the visit of GSI officers blasting was stopped by quarry workers",76.04520000000,11.30383400000,5,27.57758712770
495,Kozhikode,Y,Y,N,DF,0,0,968.03277000000,0,N,FMP,FMP,FMP,2,Failed due to Slope cut made for local road contruction,76.09114400000,11.33785100000,7,36.93767929080
496,Kozhikode,Y,Y,N,DF,0,0,8262.36377800000,2,N,FMP,FMP,FMP,,Built up increase,76.08013700000,11.33017200000,4,21.60929679870
497,Kozhikode,N,N,Y,DF,47,8,376.00000000000,0,N,FMP,FMP,FMP,,,76.09776900000,11.31221600000,5,29.81035423280
498,Kozhikode,N,N,Y,DF,151,10,1510.00000000000,0,N,FMP,FMP,FMP,,,76.10634600000,11.44837100000,7,39.40441513060
499,Kozhikode,N,N,Y,DF,116,20,2320.00000000000,0,N,FMP,FMP,FMP,,,76.07190200000,11.45027400000,7,38.50740432740
500,Kozhikode,Y,N,N,DF,0,0,1376.46547800000,0,N,FMP,FMP,FMP,,,76.09083300000,11.33758300000,5,26.41527175900
501,Kozhikode,Y,N,N,DF,0,0,5536.26865300000,0,N,FMP,FMP,FMP,,,76.04252200000,11.30368000000,5,25.70182037350
502,Kozhikode,N,N,Y,DF,328,9,2952.00000000000,0,C,FMP,FMP,FMP,,,76.04560800000,11.30476100000,5,29.42159843440
503,Kozhikode,N,N,Y,DF,311,8,2488.00000000000,0,C,FMP,FMP,FMP,,,76.04629300000,11.30432500000,6,34.32892227170
504,Kozhikode,N,N,Y,DF,251,7,1757.00000000000,0,N,FMP,FMP,FMP,,,76.04516700000,11.30496500000,5,25.97783660890
505,Kozhikode,N,N,Y,DF,118,9,1062.00000000000,0,C,FMP,FMP,FMP,,,76.04756500000,11.30447900000,5,28.34895706180
506,Kozhikode,N,N,Y,SS,32,9,288.00000000000,0,C,FMP,FMP,FMP,,,76.04773000000,11.30529500000,6,32.06501770020
507,Kozhikode,Y,N,N,DF,0,0,1393.51180900000,0,N,FMP,FMP,FMP,,,76.09747000000,11.31222600000,6,31.61076545720
508,Kozhikode,Y,N,N,DF,0,0,9920.50532300000,0,N,FMP,FMP,FMP,,Plantation changes observed,75.78751900000,11.79116400000,4,22.34942817690
509,Kozhikode,Y,N,N,SS,0,0,9920.50532300000,0,N,FMP,FMP,FMP,5,,75.79302400000,11.78547000000,5,25.07620811460
510,Kozhikode,Y,N,N,DF,0,0,9444.94016500000,0,N,FMP,FMP,FMP,,,75.87581800000,11.51934100000,7,39.92304611210
511,Kozhikode,Y,N,N,DF,0,0,1823.83859100000,0,N,FMP,FMP,FMP,,,75.88574100000,11.51616900000,5,29.51222610470
512,Kozhikode,Y,N,N,DF,0,0,8858.70543400000,0,N,FMP,FMP,FMP,,,75.84850500000,11.50448000000,6,34.19441223140
513,Kozhikode,Y,N,N,DF,0,0,4567.79312500000,0,N,FMP,FMP,FMP,,,76.03013300000,11.47730400000,5,25.64311027530
514,Kozhikode,Y,N,N,DF,0,0,130983.56120000000,0,N,FMP,FMP,FMP,,,75.92121200000,11.47106000000,7,36.49622344970
515,Kozhikode,Y,N,N,DF,0,0,4266.96762400000,0,N,FMP,FMP,FMP,,,76.02920700000,11.46540500000,5,29.13745689390
516,Kozhikode,Y,N,N,DF,0,0,2513.54778500000,0,N,FMP,FMP,FMP,,,76.03595700000,11.46123300000,3,18.30809021000
517,Kozhikode,Y,N,N,DF,0,0,905.02630000000,0,N,FMP,FMP,FMP,,,75.97916500000,11.50403500000,5,28.72152137760
518,Kozhikode,Y,N,N,DF,0,0,2104.96804800000,0,N,FMP,FMP,FMP,,Road built,76.07105700000,11.44658400000,4,21.38658523560
519,Kozhikode,Y,N,N,DF,0,0,1625.82373800000,0,N,FMP,FMP,FMP,,Road built,76.07389400000,11.44543100000,4,23.36403083800
520,Kozhikode,Y,N,N,SS,0,0,703.12764200000,0,N,FMP,FMP,FMP,,,76.07916300000,11.36173400000,4,20.49811172490
521,Kozhikode,Y,N,N,DF,0,0,2482.16073200000,0,N,FMP,FMP,FMP,,,76.08759600000,11.36042800000,6,32.31970596310
522,Kozhikode,Y,N,N,SS,0,0,409.52598600000,0,N,FMP,FMP,FMP,,,76.09119600000,11.36011700000,4,20.13131141660
523,Kozhikode,N,N,Y,SS,37,7,259.00000000000,0,N,FMP,FMP,FMP,,,76.08998000000,11.35886000000,5,27.95643806460
524,Kozhikode,Y,N,N,DF,0,0,2890.09364300000,0,N,FMP,FMP,FMP,,,76.08741500000,11.35212400000,5,29.48379707340
525,Kozhikode,Y,N,N,DF,0,0,3668.68172600000,0,N,FMP,FMP,FMP,,,76.07734500000,11.34095400000,6,33.99890899660
526,Kozhikode,Y,N,N,DF,0,0,888.21941700000,0,N,FMP,FMP,FMP,,,76.10226100000,11.33696900000,5,25.91690254210
527,Kozhikode,Y,N,N,DF,0,0,4676.30730500000,0,N,FMP,FMP,FMP,,,76.09052000000,11.33534000000,5,29.56893730160
528,Kozhikode,Y,N,N,DF,0,0,841.03160600000,0,N,FMP,FMP,FMP,,,76.08920200000,11.33360200000,5,27.27578926090
529,Kozhikode,Y,N,N,DF,0,0,2820.74257900000,0,N,FMP,FMP,FMP,,,76.08544000000,11.33287400000,3,19.06338691710
530,Kozhikode,Y,N,N,DF,0,0,2071.26148800000,0,N,FMP,FMP,FMP,,Built up increased,76.08316900000,11.33035100000,5,26.29798316960
531,Kozhikode,N,N,Y,DF,107,18,1926.00000000000,0,N,N,FNO,FNO,,,76.01826800000,11.50913900000,8,40.06751632690
532,Kozhikode,Y,N,N,SS,0,0,374.64020200000,0,N,N,SPL,QUU,,,76.10815100000,11.31608300000,6,34.32217407230
533,Kozhikode,Y,N,N,DF,0,0,423.86169600000,0,N,N,SPL,QUU,,,76.10751000000,11.31681900000,3,19.10075759890
534,Kozhikode,Y,N,N,DF,0,0,2214.27815900000,0,D,N,ROA,ROA,,Landslide Destroyed part of the road,76.02342500000,11.48906000000,3,17.77235031130
535,Kozhikode,Y,N,N,DF,0,0,2860.35766900000,0,N,N,FMP,ROA,,,76.08745600000,11.35466300000,6,34.73814010620
536,Kozhikode,Y,Y,N,DF,0,0,16997.96984000000,0,N,SPL,SPL,SPL,,During 1968 flood nearly 9 peoples died and 5 houses were completely damaged. Their is no loss of life and property in 2018 flooding.,75.86329500000,11.52126300000,6,33.45601654050
537,Kozhikode,Y,Y,N,DF,0,0,5434.42503200000,0,N,SPL,FMP,SPL,,Further modification of the slope should not be permitted.,75.98173200000,11.50001300000,6,32.51678085330
538,Kozhikode,Y,Y,N,DF,0,0,2920.72188700000,0,N,SPL,FMP,SPL,,Further modification of the slope should not be permitted.,75.98281000000,11.50054200000,3,18.48054504390
539,Kozhikode,Y,N,N,DF,151,9,1359.00000000000,0,N,SPL,SPL,SPL,,,75.86296800000,11.52053700000,5,28.08081054690
540,Kozhikode,Y,N,N,DF,0,0,645.16217000000,0,N,SPL,SPL,SPL,,,76.10267200000,11.33916600000,5,28.70932769780
541,Kozhikode,Y,N,N,DF,0,0,924.47919600000,0,N,SPL,SPL,SPL,,,76.10204500000,11.34009300000,6,30.05704307560
542,Kozhikode,Y,N,N,DF,0,0,801.41230700000,0,N,SPL,SPL,SPL,,,76.10259500000,11.33974700000,4,24.74114990230
543,Kozhikode,Y,N,N,DF,0,0,2020.33184900000,0,N,SPL,SPL,SPL,,,76.01189500000,11.50181400000,7,39.69208145140
544,Kozhikode,Y,N,N,DF,0,0,590.03491600000,0,N,SPL,SPL,SPL,,,76.06480100000,11.46130100000,5,28.75399589540
545,Kozhikode,Y,N,N,DF,0,0,1415.38779400000,0,N,SPL,SPL,SPL,,Built up increased,76.09273200000,11.43440200000,3,18.18930053710
546,Kozhikode,Y,N,N,DF,0,0,552.86138100000,0,N,SPL,SPL,SPL,,,76.09687100000,11.43382600000,6,33.81596374510
547,Kozhikode,Y,N,N,DF,0,0,1499.63247900000,0,N,SPL,SPL,SPL,,,76.09147700000,11.43538200000,4,21.44416236880
548,Kozhikode,Y,N,N,DF,0,0,1499.63247900000,0,N,SPL,SPL,SPL,,,76.09134000000,11.43579200000,5,27.33040618900
549,Kozhikode,Y,N,N,SS,0,0,1133.09962700000,0,N,SPL,SPL,SPL,,,76.08093800000,11.36973500000,3,19.23944282530
550,Kozhikode,Y,N,N,DF,0,0,10297.72255000000,0,N,SPL,SPL,SPL,,,76.07559000000,11.36918800000,5,29.12688827510
551,Kozhikode,Y,N,N,SS,0,0,417.22689100000,0,N,SPL,SPL,SPL,,,76.08925400000,11.36718500000,4,23.54001235960
552,Kozhikode,Y,N,N,DF,0,0,1622.70520300000,0,N,SPL,SPL,SPL,,,76.10299800000,11.33595400000,4,23.84611320500
553,Kozhikode,Y,N,N,SS,0,0,1198.96860200000,0,N,SPL,SPL,SPL,,,76.09789100000,11.33435900000,5,25.52998542790
554,Kozhikode,Y,N,N,DF,0,0,885.20797800000,0,C,SPL,SPL,SPL,,,76.09819200000,11.33474200000,4,22.34741973880
555,Kozhikode,Y,N,N,DF,0,0,405.74796100000,0,N,SPL,SPL,SPL,,,76.09844400000,11.31366200000,5,29.42549324040
556,Kozhikode,Y,N,N,SS,0,0,1393.51180900000,0,N,SPL,FMP,SPL,,,76.08840700000,11.30700800000,5,25.15721511840
557,Kozhikode,Y,N,N,DF,0,0,1838.03946200000,0,N,SPL,FCP,SPL,,Qarry present nearby,75.85759200000,11.50865200000,5,26.84434509280
558,Kozhikode,Y,N,N,DF,0,0,1059.03033400000,0,N,SPL,FCP,SPL,,,75.85523800000,11.50780200000,7,35.45692062380
559,Kozhikode,Y,N,N,DF,0,0,1042.40949800000,0,N,SPL,FMP,SPL,,Quarry present,76.08779400000,11.32967400000,5,27.48295593260
560,Kozhikode,Y,N,N,DF,0,0,11532.30000000000,0,N,N,BRF,BRF,,,75.91581300000,11.55020400000,9,49.16747283940
561,Kozhikode,Y,N,N,RF,0,0,1350.49000000000,0,N,N,BRF,BRF,,,75.90671100000,11.57490100000,8,42.14229202270
562,Kozhikode,Y,N,N,RF,0,0,2289.89000000000,0,N,N,BRF,BRF,,,75.96452800000,11.54190800000,8,41.08657455440
563,Kozhikode,Y,N,N,RF,0,0,1674.86000000000,0,N,N,BRF,BRF,,,75.96371200000,11.54223400000,6,33.74620056150
564,Kozhikode,Y,N,N,RF,0,0,1036.42000000000,0,N,N,BRF,BRF,,,75.91657700000,11.52507000000,6,31.34018135070
565,Kozhikode,Y,N,N,RF,0,0,745.96900000000,0,N,N,BRF,BRF,,,75.91721100000,11.51924300000,7,35.96143722530
566,Kozhikode,Y,N,N,DF,0,0,739.09600000000,0,N,N,BRF,BRF,,,75.91083000000,11.55559900000,8,43.81523895260
567,Kozhikode,Y,N,N,DF,0,0,89346.60000000001,0,N,N,FDN,FDN,,,75.89913000000,11.66557200000,7,38.94754028320
568,Kozhikode,Y,N,N,DF,0,0,1388.93000000000,0,N,N,FDN,FDN,,,75.88764500000,11.66531300000,5,25.57598686220
569,Kozhikode,Y,N,N,DF,0,0,20813.70000000000,0,N,N,FDN,FDN,,,75.88314900000,11.65335500000,6,31.76357650760
570,Kozhikode,Y,N,N,DF,0,0,1656.05000000000,0,N,N,FDN,FDN,,,75.92431700000,11.56312500000,6,30.13556289670
571,Kozhikode,Y,N,N,DF,0,0,2543.14000000000,0,N,N,FDN,FDN,,,75.92893300000,11.55603900000,6,32.08160400390
572,Kozhikode,Y,N,N,DF,0,0,838.93500000000,0,N,N,FDN,FDN,,,75.94692300000,11.56899400000,5,27.98337173460
573,Kozhikode,Y,N,N,DF,0,0,1241.50000000000,0,N,N,FDN,FDN,,,75.94339300000,11.55556200000,4,20.08715248110
574,Kozhikode,Y,N,N,DF,0,0,499.30800000000,0,N,N,FDN,FDN,,,75.94836100000,11.54863100000,8,41.05132293700
575,Kozhikode,Y,N,N,DF,0,0,2365.60000000000,0,N,N,FDN,FDN,,,75.95372300000,11.54081700000,3,15.82818794250
576,Kozhikode,Y,N,N,DF,0,0,1243.07000000000,0,N,N,FDN,FDN,,,75.95464600000,11.54179000000,2,10.01070880890
577,Kozhikode,Y,N,N,DF,0,0,1220.39000000000,0,N,N,FDN,FDN,,,75.95984400000,11.54356700000,5,26.41527175900
578,Kozhikode,Y,N,N,DF,0,0,456.78000000000,0,N,N,FDN,FDN,,,75.95701000000,11.54285900000,5,25.19252777100
579,Kozhikode,Y,N,N,DF,0,0,693.92100000000,0,N,N,FDN,FDN,,,75.95316100000,11.53895800000,4,23.24498367310
580,Kozhikode,Y,N,N,DF,0,0,1330.96000000000,0,N,N,FDN,FDN,,,75.95755900000,11.53710100000,3,19.35727882390
581,Kozhikode,Y,N,N,DF,0,0,2079.77000000000,0,N,N,FDN,FDN,,,75.95554300000,11.52923500000,5,25.32635688780
582,Kozhikode,Y,N,N,DF,0,0,698.92600000000,0,N,N,FDN,FDN,,,75.93262000000,11.53560200000,4,23.44852066040
583,Kozhikode,Y,N,N,DF,0,0,990.56500000000,0,N,N,FDN,FDN,,,75.92879700000,11.53178500000,4,21.92610931400
584,Kozhikode,Y,N,N,DF,0,0,1409.40000000000,0,N,N,FDN,FDN,,,75.92619600000,11.52480000000,2,11.87664985660
585,Kozhikode,Y,N,N,DF,0,0,931.34100000000,0,N,N,FDN,FDN,,,75.91063600000,11.52335700000,7,35.62596130370
586,Kozhikode,Y,N,N,DF,0,0,1895.38000000000,0,N,N,FDN,FDN,,,75.90987800000,11.51617900000,6,34.60982131960
587,Kozhikode,Y,N,N,SS,0,0,1104.95000000000,0,N,N,FDN,FDN,,,75.93905300000,11.57219700000,3,19.35972404480
588,Kozhikode,Y,N,N,SS,0,0,778.80100000000,0,N,N,FDN,FDN,,,75.94536100000,11.55231400000,2,12.77037715910
589,Malappuram,Y,Y,N,DF,2000,90,66514.30000000000,0,N,N,BRF,BRF,,,76.38175000000,11.11198500000,7,38.29805755620
590,Malappuram,Y,Y,N,DF,113,13,1469.00000000000,0,C,N,BRF,BRF,,,76.38564900000,11.13087000000,6,34.27583312990
591,Malappuram,Y,Y,N,DF,0,0,2018.58000000000,0,N,N,BRF,BRF,,,76.19626700000,11.35766900000,6,31.42205238340
592,Malappuram,N,Y,N,DF,0,0,566.70500000000,0,N,N,BRF,BRF,,,76.14553100000,11.27603300000,5,27.11681747440
593,Malappuram,N,Y,N,DF,90,7,630.00000000000,0,N,N,BRF,BRF,,,76.38550500000,11.12987200000,5,26.42306137080
594,Malappuram,Y,N,N,DF,0,0,1643.11000000000,0,N,N,BRF,BRF,,,76.39794800000,11.42248500000,8,42.98576736450
595,Malappuram,Y,N,N,DF,0,0,2356.79000000000,0,N,N,BRF,BRF,,,76.14635800000,11.34915000000,7,35.03797149660
596,Malappuram,Y,N,N,DF,0,0,3240.04000000000,0,N,N,BRF,BRF,,,76.17140800000,11.34184500000,5,27.73793983460
597,Malappuram,Y,N,N,DF,0,0,3372.61000000000,0,N,N,BRF,BRF,,,76.17102100000,11.33449800000,4,24.82728767400
598,Malappuram,Y,N,N,DF,0,0,4358.85000000000,0,N,N,BRF,BRF,,,76.13708400000,11.29457100000,4,24.74287796020
599,Malappuram,Y,N,N,DF,0,0,9032.60659800000,0,N,N,BRF,BRF,,,76.12073000000,11.29117100000,9,45.12861251830
600,Malappuram,Y,N,N,DF,0,0,6034.86000000000,0,N,N,BRF,BRF,,,76.11662200000,11.28494000000,8,40.38079833980
601,Malappuram,Y,N,N,DF,0,0,2219.44000000000,0,N,N,BRF,BRF,,,76.09869600000,11.28556200000,4,21.53964805600
602,Malappuram,Y,N,N,DF,0,0,4426.01000000000,0,N,N,BRF,BRF,,,76.45073400000,11.28240000000,9,47.92478179930
603,Malappuram,Y,N,N,DF,0,0,2092.02000000000,0,N,N,BRF,BRF,,,76.10802000000,11.28063800000,4,22.44351005550
604,Malappuram,Y,N,N,DF,0,0,1732.33000000000,0,N,N,BRF,BRF,,,76.10784100000,11.27997000000,2,11.20523929600
605,Malappuram,Y,N,N,DF,0,0,1879.88000000000,0,N,N,BRF,BRF,,Quarry present at toe,76.13043200000,11.25693800000,3,16.32896232600
606,Malappuram,Y,N,N,DF,0,0,6388.29000000000,0,N,N,BRF,BRF,,Quarry present at toe,76.12815000000,11.25808400000,8,40.34453964230
607,Malappuram,Y,N,N,DF,0,0,4560.01000000000,0,N,N,BRF,BRF,,,76.14175000000,11.24900800000,7,36.55679702760
608,Malappuram,Y,N,N,SS,0,0,2839.15000000000,0,N,N,BRF,BRF,,,76.42959300000,11.23289400000,4,22.17173385620
609,Malappuram,Y,N,N,DF,0,0,1215.63000000000,0,N,N,BRF,BRF,,,76.36156100000,11.22286500000,3,17.31444549560
610,Malappuram,Y,N,N,DF,0,0,2072.62000000000,0,N,N,BRF,BRF,,,76.35974000000,11.18859800000,4,24.05117607120
611,Malappuram,N,N,Y,DF,684,20,13680.00000000000,0,N,N,BRF,BRF,,,76.36721700000,11.18763000000,6,34.74565505980
612,Malappuram,Y,N,N,DF,0,0,24631.20000000000,0,N,N,BRF,BRF,,,76.39994500000,11.12834500000,9,45.81884765630
613,Malappuram,Y,N,N,DF,0,0,1347.23000000000,0,N,N,BRF,BRF,,,76.38310200000,11.11562100000,6,31.40018463130
614,Malappuram,Y,N,N,DF,0,0,4459.54000000000,0,N,N,BRF,BRF,,,76.37471800000,11.11391000000,5,28.80123901370
615,Malappuram,Y,N,N,DF,0,0,7384.42000000000,0,N,N,BRF,BRF,,,76.37492700000,11.11473900000,9,45.79696655270
616,Malappuram,Y,N,N,DF,0,0,1995.53000000000,0,N,N,BRF,BRF,,,76.38455700000,11.11113700000,7,35.84160614010
617,Malappuram,Y,Y,N,DF,0,0,38635.73883000000,0,N,N,BRG,BRG,,,76.14317200000,11.25066200000,6,33.16681289670
618,Malappuram,Y,N,N,DF,0,0,2532.84000000000,0,N,N,BRG,BRG,,,76.17277400000,11.34095800000,3,19.89741516110
619,Malappuram,Y,N,N,DF,0,0,2635.44000000000,0,N,N,BRG,BRG,,,76.53474900000,11.31272500000,7,38.64567947390
620,Malappuram,N,Y,N,SS,0,0,931.60900000000,0,N,N,BRO,BRO,,,76.11584400000,11.31368600000,6,32.51032257080
621,Malappuram,N,Y,N,DF,140,4,560.00000000000,0,N,N,BRO,BRS,,,76.09995300000,11.25838300000,8,41.51309967040
622,Malappuram,Y,Y,N,DF,430,35,15050.00000000000,0,N,N,BRS,BRS,,,76.21061300000,11.36326400000,7,37.91100692750
623,Malappuram,Y,Y,N,DF,0,0,2018.58000000000,0,N,N,BRS,BRS,,,76.19686100000,11.35805800000,5,27.41712379460
624,Malappuram,Y,N,N,DF,0,0,1295.51000000000,0,N,N,BRS,BRS,,,76.15628500000,11.39116200000,5,28.21822166440
625,Malappuram,Y,N,N,DF,0,0,2681.40000000000,0,N,N,BRS,BRS,,,76.09967400000,11.37881500000,6,34.15939712520
626,Malappuram,Y,N,N,DF,0,0,787.73500000000,0,N,N,BRS,BRS,,,76.15197300000,11.31278400000,7,36.36673355100
627,Malappuram,Y,N,N,DF,0,0,7360.54000000000,0,N,N,BRS,BRS,,,76.10239800000,11.29193500000,6,31.17287445070
628,Malappuram,Y,N,N,DF,0,0,1017.50000000000,0,N,N,BRS,BRS,,,76.09895400000,11.29086600000,8,41.80551910400
629,Malappuram,Y,N,N,DF,0,0,12632.00000000000,0,N,N,BRS,BRS,,,76.09433200000,11.28644600000,6,32.96904373170
630,Malappuram,Y,N,N,DF,0,0,6534.17000000000,0,N,N,BRS,BRS,,,76.09988800000,11.28308900000,6,30.23596954350
631,Malappuram,Y,N,N,DF,0,0,7120.52000000000,0,N,N,BRS,BRS,4,,76.11238400000,11.26556500000,2,13.88124275210
632,Malappuram,Y,N,N,DF,0,0,3102.47000000000,0,N,N,BRS,BRS,,,76.11525900000,11.26555300000,1,9.60417175293
633,Malappuram,Y,N,N,DF,0,0,6127.69000000000,0,N,N,BRS,BRS,,,76.11764000000,11.26493100000,2,11.11105442050
634,Malappuram,Y,N,N,DF,0,0,1094.98000000000,0,N,N,BRS,BRS,,,76.12778600000,11.26111700000,5,25.73596954350
635,Malappuram,N,Y,N,SS,0,0,931.60900000000,0,N,N,BSS,BSS,,,76.11565000000,11.31558900000,4,22.63394355770
636,Malappuram,Y,N,N,DF,0,0,1621.09000000000,0,N,N,BSS,BSS,,,76.15412700000,11.28779200000,4,23.83149528500
637,Malappuram,N,Y,N,DF,0,0,1667.99000000000,0,N,N,RUB,BUI,,Intense Quarrying activity,76.12491900000,11.19737500000,5,28.37110710140
638,Malappuram,Y,Y,N,DF,85,6,510.00000000000,0,N,N,FMP,BUI,,,76.10811100000,11.34156400000,2,13.26175975800
639,Malappuram,N,Y,N,DF,0,0,1667.99000000000,0,N,N,CSV,CSV,,,76.13669100000,11.21344300000,2,10.29783725740
640,Malappuram,N,Y,N,DF,0,0,42778.50000000000,0,N,FCP,SPL,FCP,,,76.14088000000,11.25069800000,5,25.28632354740
641,Malappuram,Y,Y,N,DF,0,0,12249.46606700000,0,N,FCP,SPL,FCP,,,76.14233800000,11.25138200000,5,28.08081054690
642,Malappuram,Y,Y,N,DF,30,12,360.00000000000,0,N,FCP,SPL,FCP,,,76.13835300000,11.26158600000,5,25.65780639650
643,Malappuram,Y,Y,N,DF,0,0,6063.48000000000,0,N,FCP,SPL,FCP,,,76.09120000000,11.28361400000,7,36.04747772220
644,Malappuram,N,Y,N,DF,0,0,2142.27000000000,0,N,FCP,FCP,FCP,,,76.13584900000,11.27730200000,6,32.86715316770
645,Malappuram,N,Y,N,DF,0,0,2811.35000000000,0,N,FCP,GMC,FCP,,,76.08863300000,11.28115300000,8,40.27972793580
646,Malappuram,Y,Y,N,DF,0,0,7773.21000000000,0,N,FCP,FCP,FCP,,,76.32731100000,11.19831100000,2,12.42073822020
647,Malappuram,N,Y,N,DF,0,0,9963.89000000000,0,N,FCP,FCP,FCP,,,76.35857500000,11.16965600000,5,27.37161636350
648,Malappuram,N,Y,N,SS,0,0,7773.21000000000,0,N,FCP,FCP,FCP,,,76.32868100000,11.19939200000,2,10.32863712310
649,Malappuram,N,Y,N,SS,0,0,7773.21000000000,0,N,FCP,FCP,FCP,,,76.32711700000,11.19733600000,1,9.18404197693
650,Malappuram,N,Y,N,DF,0,0,2128.39000000000,0,N,FCP,FCP,FCP,,,76.20512500000,11.35643300000,4,20.38672637940
651,Malappuram,Y,Y,N,DF,56,4,224.00000000000,0,N,FCP,FCP,FCP,,,76.20001100000,11.35704000000,3,18.13618659970
652,Malappuram,N,Y,N,RF,0,0,15812.20000000000,0,N,FCP,FCP,FCP,,,76.20917800000,11.37707800000,1,7.95708942413
653,Malappuram,N,Y,N,SS,0,0,590.70700000000,0,N,FCP,FCP,FCP,,,76.20830000000,11.27210000000,1,3.13405418396
654,Malappuram,N,Y,N,DF,0,0,9578.78000000000,0,N,FCP,FCP,FCP,,,76.12590000000,11.27750000000,4,22.44550704960
655,Malappuram,Y,N,N,DF,0,0,2811.35399400000,0,N,FCP,SPL,FCP,,,76.09091300000,11.28344200000,7,36.18127441410
656,Malappuram,Y,N,N,DF,0,0,940.06700000000,0,N,FCP,FCP,FCP,,,76.35141200000,11.20830100000,6,34.24195861820
657,Malappuram,N,N,Y,DF,217,11,2387.00000000000,0,N,FCP,FCP,FCP,,,76.36706300000,11.18591500000,5,26.37626838680
658,Malappuram,Y,N,N,DF,0,0,1886.44000000000,0,N,FCP,FCP,FCP,,,76.40181500000,11.13562100000,6,30.70385169980
659,Malappuram,N,Y,N,DF,173,10,1730.00000000000,0,N,N,FNO,FDN,,,76.14030300000,11.27803300000,5,26.21932220460
660,Malappuram,Y,Y,N,DF,1800,28,50400.00000000000,0,N,N,FDN,FDN,,,76.18157700000,11.35376900000,5,26.14978599550
661,Malappuram,N,Y,N,DF,15,25,375.00000000000,0,N,N,FDN,FDN,5,,76.33966500000,11.28919700000,1,9.50381183624
662,Malappuram,Y,N,N,SS,0,0,379.89200000000,0,N,N,FDN,FDN,,,76.19696100000,11.46509200000,3,19.96327590940
663,Malappuram,Y,N,N,SS,0,0,796.28400000000,0,N,N,FDN,FDN,,,76.41414000000,11.41709200000,5,26.55800437930
664,Malappuram,Y,N,N,DF,0,0,1999.62000000000,0,N,N,FDN,FDN,,,76.14046000000,11.39288600000,5,29.81035423280
665,Malappuram,N,N,Y,DF,280,38,10640.00000000000,0,N,N,FDN,FDN,,,76.13514600000,11.38816300000,4,22.74592781070
666,Malappuram,N,N,Y,DF,500,27,13500.00000000000,0,N,N,FDN,FDN,,,76.13642100000,11.39417900000,5,29.66260147090
667,Malappuram,N,N,Y,DF,150,8,1200.00000000000,0,N,N,FDN,FDN,,,76.13466100000,11.39435400000,3,16.27119827270
668,Malappuram,N,N,Y,DF,83,22,1826.00000000000,0,N,N,FDN,FDN,,,76.14707700000,11.38793000000,5,27.23582077030
669,Malappuram,Y,N,N,DF,0,0,637.75400000000,0,N,N,FDN,FDN,,,76.15346800000,11.39197200000,3,19.55642127990
670,Malappuram,N,N,Y,DF,98,10,980.00000000000,0,N,N,FDN,FDN,,,76.14925200000,11.39373800000,5,26.48989677430
671,Malappuram,N,N,Y,DF,50,8,400.00000000000,0,N,N,FDN,FDN,,,76.15500600000,11.39179000000,4,21.50788497920
672,Malappuram,Y,N,N,DF,0,0,3414.60000000000,0,N,N,FDN,FDN,,,76.17807400000,11.38154000000,5,28.33093833920
673,Malappuram,Y,N,N,DF,0,0,6499.23000000000,0,N,N,FDN,FDN,,,76.16128200000,11.37930100000,6,31.38750839230
674,Malappuram,N,N,Y,DF,110,10,1100.00000000000,0,N,N,FDN,FDN,,,76.16138400000,11.37539200000,7,37.58369445800
675,Malappuram,N,N,Y,DF,90,9,810.00000000000,0,N,N,FDN,FDN,,,76.16073900000,11.37535400000,4,22.42753601070
676,Malappuram,Y,N,N,DF,0,0,6361.46000000000,0,N,N,FDN,FDN,,,76.16480200000,11.36552000000,3,19.04091644290
677,Malappuram,Y,N,N,DF,0,0,8609.65000000000,0,N,N,FDN,FDN,,,76.17229900000,11.36258400000,6,31.40479087830
678,Malappuram,Y,N,N,DF,0,0,9953.61000000000,0,N,N,FDN,FDN,,,76.16876600000,11.36362000000,3,19.82889366150
679,Malappuram,Y,N,N,SS,0,0,795.84000000000,0,N,N,FDN,FDN,,,76.18883900000,11.36461500000,6,31.67319297790
680,Malappuram,Y,N,N,SS,0,0,1925.40000000000,0,N,N,FDN,FDN,,,76.18188800000,11.35617300000,3,16.29250907900
681,Malappuram,Y,N,N,SS,0,0,2476.82000000000,0,N,N,FDN,FDN,,,76.18468600000,11.35659900000,4,20.12202453610
682,Malappuram,N,N,Y,DF,340,40,13600.00000000000,0,N,N,FDN,FDN,,,76.18791900000,11.35918600000,6,32.90504074100
683,Malappuram,Y,N,N,DF,0,0,4129.96000000000,0,N,N,FDN,FDN,,,76.19452300000,11.35117500000,4,23.75269508360
684,Malappuram,Y,N,N,DF,0,0,2224.18000000000,0,N,N,FDN,FDN,,,76.19739200000,11.34330800000,5,27.19426727290
685,Malappuram,Y,N,N,DF,0,0,563.51000000000,0,N,N,FDN,FDN,,,76.43656300000,11.30999900000,7,35.72883987430
686,Malappuram,Y,N,N,SS,0,0,1112.72000000000,0,N,N,FDN,FDN,,,76.47560800000,11.28921500000,6,31.14014625550
687,Malappuram,Y,N,N,DF,0,0,4596.18347500000,0,N,N,FDN,FDN,,,76.13607400000,11.28659600000,4,24.03674507140
688,Malappuram,Y,N,N,SS,0,0,541.77500000000,0,N,N,FDN,FDN,5,,76.13007100000,11.28800700000,6,33.93585205080
689,Malappuram,Y,N,N,DF,0,0,450.80200000000,0,N,N,FDN,FDN,,,76.13916000000,11.28699400000,3,17.50220108030
690,Malappuram,Y,N,N,DF,0,0,1885.55000000000,0,N,N,FDN,FDN,,,76.10881100000,11.28637400000,5,28.40289497380
691,Malappuram,Y,N,N,DF,0,0,2142.27000000000,0,N,N,FDN,FDN,,,76.14182900000,11.28290900000,6,31.95846939090
692,Malappuram,Y,N,N,DF,0,0,2675.34000000000,0,N,N,FDN,FDN,,,76.40249800000,11.28419800000,5,25.07620811460
693,Malappuram,Y,N,N,DF,0,0,1275.80000000000,0,N,N,FDN,FDN,,,76.11130600000,11.28379700000,7,38.07445144650
694,Malappuram,Y,N,N,DF,0,0,2195.99000000000,0,N,N,FDN,FDN,,,76.09717100000,11.28391900000,5,27.11830902100
695,Malappuram,Y,N,N,SS,0,0,566.70500000000,0,N,N,FDN,FDN,,,76.14459300000,11.28285400000,4,21.66604804990
696,Malappuram,Y,N,N,DF,0,0,3293.12000000000,0,N,N,FDN,FDN,,,76.52508100000,11.27870800000,9,87.86617279050
697,Malappuram,Y,N,N,DF,0,0,769.87700000000,0,N,N,FDN,FDN,5,,76.52371700000,11.28130500000,8,43.27545166020
698,Malappuram,Y,N,N,DF,0,0,1020.23000000000,0,N,N,FDN,FDN,,,76.51861000000,11.27794000000,8,41.98966217040
699,Malappuram,Y,N,N,DF,0,0,592.52900000000,0,N,N,FDN,FDN,,,76.51898700000,11.27706200000,6,34.64294052120
700,Malappuram,Y,N,N,DF,0,0,1035.81000000000,0,N,N,FDN,FDN,,,76.51660200000,11.27395800000,9,47.79032516480
701,Malappuram,Y,N,N,DF,0,0,640.22800000000,0,N,N,FDN,FDN,,,76.51661500000,11.27442000000,7,36.74961471560
702,Malappuram,Y,N,N,DF,0,0,491.87200000000,0,N,N,FDN,FDN,5,,76.49834300000,11.27457500000,6,33.02653884890
703,Malappuram,Y,N,N,DF,0,0,3043.21000000000,0,N,N,FDN,FDN,,,76.50478300000,11.27382000000,8,44.71282577510
704,Malappuram,Y,N,N,DF,0,0,3478.23000000000,0,N,N,FDN,FDN,,,76.49637500000,11.26982200000,6,32.31970596310
705,Malappuram,Y,N,N,SS,0,0,590.70700000000,0,N,N,FDN,FDN,5,,76.20391100000,11.26801200000,4,20.91801452640
706,Malappuram,Y,N,N,SS,0,0,989.80900000000,0,N,N,FDN,FDN,,,76.44939300000,11.26434500000,3,19.63341331480
707,Malappuram,Y,N,N,DF,0,0,3640.15000000000,0,N,N,FDN,FDN,,,76.12493800000,11.26038000000,5,27.97770500180
708,Malappuram,Y,N,N,DF,0,0,1260.27000000000,0,N,N,FDN,FDN,,,76.42970400000,11.26047100000,9,45.28933334350
709,Malappuram,Y,N,N,DF,0,0,2129.13000000000,0,N,N,FDN,FDN,,,76.44820000000,11.24261100000,3,19.53469467160
710,Malappuram,Y,N,N,SS,0,0,382.40700000000,0,N,N,FDN,FDN,,,76.41247600000,11.23984700000,3,18.51167869570
711,Malappuram,Y,N,N,DF,0,0,5824.93249800000,0,N,N,FDN,FDN,,,76.44036400000,11.22946100000,7,35.68989562990
712,Malappuram,Y,N,N,DF,0,0,5382.84000000000,0,N,N,FDN,FDN,,,76.40512200000,11.21932300000,9,51.59524536130
713,Malappuram,Y,N,N,DF,0,0,5892.22000000000,0,N,N,FDN,FDN,,,76.36428200000,11.21524200000,3,17.61585807800
714,Malappuram,Y,N,N,DF,0,0,5429.20000000000,0,N,N,FDN,FDN,,,76.36471100000,11.21488500000,3,17.43803405760
715,Malappuram,Y,N,N,DF,0,0,563.80400000000,0,N,N,FDN,FDN,,,76.44977800000,11.21357900000,2,14.49822616580
716,Malappuram,Y,N,N,DF,0,0,30821.10000000000,0,N,N,FDN,FDN,,,76.40190600000,11.20899100000,9,49.10206604000
717,Malappuram,Y,N,N,DF,0,0,1448.01000000000,0,N,N,FDN,FDN,5,,76.44388800000,11.21133000000,4,23.98432159420
718,Malappuram,Y,N,N,DF,0,0,1075.63000000000,0,N,N,FDN,FDN,,,76.44826000000,11.21033800000,4,24.66496849060
719,Malappuram,Y,N,N,DF,0,0,1032.10000000000,0,N,N,FDN,FDN,,,76.44758500000,11.20497000000,8,41.90769958500
720,Malappuram,Y,N,N,SS,0,0,1226.75000000000,0,N,N,FDN,FDN,,,76.35838400000,11.20196800000,5,27.97770500180
721,Malappuram,Y,N,N,DF,0,0,612.01700000000,0,N,N,FDN,FDN,,,76.36547100000,11.20095700000,5,29.44624710080
722,Malappuram,Y,N,N,SS,0,0,386.15900000000,0,N,N,FDN,FDN,,,76.39942100000,11.19562500000,5,27.34219169620
723,Malappuram,N,N,Y,DF,340,22,7480.00000000000,0,N,N,FDN,FDN,,,76.41133300000,11.14774700000,5,26.72857475280
724,Malappuram,N,N,Y,SS,76,20,1520.00000000000,0,N,N,FDN,FDN,,,76.40805200000,11.14600200000,4,24.38486099240
725,Malappuram,Y,N,N,DF,0,0,2898.76000000000,0,N,N,FDN,FDN,,,76.41445800000,11.14314200000,4,23.03110885620
726,Malappuram,Y,N,N,DF,0,0,10516.40000000000,0,N,N,FDN,FDN,,,76.40813700000,11.13278100000,6,33.82490921020
727,Malappuram,Y,N,N,DF,0,0,2898.76000000000,0,N,N,FDN,FDN,4,,76.40997900000,11.13352000000,8,41.61484527590
728,Malappuram,Y,N,N,DF,0,0,6545.24000000000,0,N,N,FDN,FDN,,,76.39985500000,11.12701500000,8,44.31708526610
729,Malappuram,Y,N,N,DF,0,0,17685.80000000000,0,N,N,FDN,FDN,,,76.40753900000,11.12299400000,4,20.90038108830
730,Malappuram,Y,N,N,DF,0,0,17685.80000000000,0,N,N,FDN,FDN,,,76.40435900000,11.12034600000,8,43.58245086670
731,Malappuram,Y,N,N,DF,0,0,1639.16000000000,0,N,N,FDN,FDN,,,76.38782300000,11.11192600000,5,27.99894332890
732,Malappuram,N,Y,N,SS,0,0,931.60900000000,0,N,FMP,FMP,FMP,,,76.11479200000,11.31310000000,2,14.55058574680
733,Malappuram,N,Y,N,SS,0,0,931.60900000000,0,N,FMP,FMP,FMP,,,76.11458600000,11.31389700000,5,25.27295684810
734,Malappuram,N,Y,N,SS,0,0,1874.84000000000,0,N,FMP,FMP,FMP,,,76.12268300000,11.33040300000,1,8.71157169342
735,Malappuram,Y,Y,N,DF,0,0,14116.60000000000,0,N,FMP,FMP,FMP,,Quarry present nearby,76.08774400000,11.29636400000,4,22.71849632260
736,Malappuram,N,Y,N,SS,0,0,1874.84000000000,0,N,FMP,FMP,FMP,,,76.12625600000,11.32667800000,1,9.92548847198
737,Malappuram,N,Y,N,DF,0,0,1874.84000000000,0,N,FMP,FMP,FMP,,,76.12140600000,11.31757800000,4,21.09976959230
738,Malappuram,N,Y,N,DF,0,0,931.60900000000,0,N,FMP,FMP,FMP,,,76.11435800000,11.31415800000,4,22.56280136110
739,Malappuram,Y,Y,N,DF,0,0,527.79700000000,0,N,FMP,FMP,FMP,,,76.11497500000,11.26321400000,4,20.37987899780
740,Malappuram,Y,Y,N,DF,40,8,320.00000000000,0,N,FMP,FMP,FMP,,,76.13915800000,11.26308300000,4,20.46183204650
741,Malappuram,Y,Y,N,DF,50,8,400.00000000000,0,N,FMP,FMP,FMP,,,76.13920000000,11.26344700000,3,18.22372055050
742,Malappuram,N,Y,N,DF,0,0,9963.89000000000,0,N,FMP,FMP,FMP,,,76.35792500000,11.16921900000,5,29.41120910640
743,Malappuram,N,Y,N,DF,0,0,707.59300000000,0,N,FMP,FMP,FMP,1,,76.20253100000,11.35630300000,3,19.35727882390
744,Malappuram,N,Y,N,DF,0,0,707.59300000000,0,N,FMP,FMP,FMP,,,76.20211100000,11.35650000000,3,17.81324195860
745,Malappuram,Y,Y,N,DF,0,0,1938.28000000000,0,N,FMP,FMP,FMP,,,76.19281700000,11.36014200000,4,23.33576583860
746,Malappuram,N,Y,N,DF,0,0,1987.37000000000,0,N,FMP,FMP,FMP,,,76.09737800000,11.34544400000,4,24.71694946290
747,Malappuram,N,Y,N,DF,0,0,1987.37000000000,0,N,FMP,FMP,FMP,,,76.09553300000,11.34772800000,3,15.20870113370
748,Malappuram,N,Y,N,SS,0,0,1057.49000000000,0,N,FMP,FMP,FMP,,,76.35001900000,11.17035000000,2,14.85339260100
749,Malappuram,N,Y,N,SS,0,0,1874.84000000000,0,N,FMP,FMP,FMP,,,76.12511000000,11.33243700000,3,17.07538986210
750,Malappuram,N,Y,N,SS,0,0,1874.84000000000,0,N,FMP,FMP,FMP,,,76.12303900000,11.33763600000,5,28.04557418820
751,Malappuram,N,Y,N,SS,0,0,1304.74000000000,0,N,FMP,FMP,FMP,,,76.10648900000,11.34713900000,2,12.27349376680
752,Malappuram,Y,Y,N,DF,0,0,1874.84000000000,0,N,FMP,FMP,FMP,,,76.12296900000,11.33993600000,4,23.91354751590
753,Malappuram,N,Y,N,SS,0,0,1874.84000000000,0,N,FMP,FMP,FMP,,,76.12835300000,11.33907500000,4,24.88046073910
754,Malappuram,N,Y,N,DF,0,0,1874.84000000000,0,N,FMP,FMP,FMP,,,76.13535000000,11.33282000000,4,24.81009674070
755,Malappuram,N,Y,N,RF,0,0,1874.84000000000,0,N,FMP,FMP,FMP,,,76.13039000000,11.33822000000,5,27.58629608150
756,Malappuram,N,Y,N,DF,0,0,1874.84000000000,0,N,FMP,FMP,FMP,,,76.12572000000,11.34050000000,5,26.03694915770
757,Malappuram,Y,Y,N,DF,0,0,779.96700000000,0,N,FMP,FMP,FMP,,,76.10291000000,11.34251000000,5,26.97437095640
758,Malappuram,N,Y,N,DF,0,0,17380.50000000000,0,N,FMP,FMP,FMP,5,,76.31046300000,11.28848200000,1,0.74354213476
760,Malappuram,Y,Y,N,DF,48,8,384.00000000000,0,N,FMP,FMP,FMP,,,76.09253300000,11.26179600000,6,31.62440681460
761,Malappuram,Y,Y,N,DF,180,12,2160.00000000000,1,N,FMP,FMP,FMP,,,76.11219500000,11.26349700000,5,25.18580818180
762,Malappuram,Y,Y,N,DF,0,0,2657.38000000000,0,N,FMP,FMP,FMP,,Quarry present nearby,76.11234000000,11.26886000000,4,21.94672584530
763,Malappuram,Y,Y,N,DF,410,8,3280.00000000000,0,N,FMP,FMP,FMP,,,76.11280400000,11.27771700000,5,27.58049011230
764,Malappuram,N,Y,N,SS,0,0,42778.50000000000,0,N,FMP,FMP,FMP,,,76.15302000000,11.23508000000,1,1.32992434502
765,Malappuram,Y,Y,N,DF,322,13,4186.00000000000,0,N,FMP,FMP,FMP,,,76.14069400000,11.24598500000,7,36.68643569950
766,Malappuram,N,Y,N,SS,0,0,42778.50000000000,0,N,FMP,FMP,FMP,,,76.15763000000,11.24378000000,3,16.96296882630
767,Malappuram,Y,N,N,DF,0,0,2001.25000000000,0,N,FMP,FMP,FMP,,,76.19761000000,11.36495300000,5,28.66453933720
768,Malappuram,Y,N,N,DF,0,0,2128.39000000000,0,N,FMP,FMP,FMP,,,76.20369600000,11.36062700000,3,17.84587097170
769,Malappuram,Y,N,N,DF,0,0,1940.50000000000,0,N,FMP,FMP,FMP,,,76.10035600000,11.35922600000,2,11.92925167080
770,Malappuram,Y,N,N,DF,0,0,2916.76000000000,0,N,FMP,FMP,FMP,,,76.19530000000,11.35845000000,6,33.18852615360
771,Malappuram,Y,N,N,DF,0,0,1987.37000000000,0,N,FMP,FMP,FMP,,,76.09858600000,11.35024300000,5,28.45940971370
772,Malappuram,Y,N,N,DF,0,0,2889.44000000000,0,N,FMP,FMP,FMP,,,76.36216200000,11.34991000000,1,4.78481721878
773,Malappuram,Y,N,N,DF,0,0,812.21500000000,0,N,FMP,FMP,FMP,,,76.20031900000,11.34407100000,4,21.04306793210
774,Malappuram,Y,N,N,DF,0,0,385.15000000000,0,N,FMP,FMP,FMP,,,76.11576500000,11.34320700000,3,16.91367530820
775,Malappuram,Y,N,N,DF,0,0,1874.84000000000,0,N,FMP,FMP,FMP,,,76.12446600000,11.34211900000,6,30.09323310850
777,Malappuram,Y,N,N,DF,0,0,779.96700000000,0,N,FMP,FMP,FMP,,,76.10325900000,11.34098700000,3,19.50567817690
778,Malappuram,Y,N,N,DF,0,0,637.33100000000,0,N,FMP,FMP,FMP,,,76.09419600000,11.30813300000,4,20.34560203550
779,Malappuram,Y,N,N,DF,0,0,14116.60000000000,0,N,FMP,FMP,FMP,,Quarry present nearby,76.09117100000,11.29313800000,3,18.43371772770
780,Malappuram,Y,N,N,SS,0,0,1115.20000000000,0,N,FMP,FMP,FMP,,,76.09242000000,11.29255800000,1,9.00179290771
781,Malappuram,Y,N,N,DF,0,0,4231.66000000000,0,N,FMP,FMP,FMP,,,76.10678900000,11.28763400000,5,28.54998016360
782,Malappuram,Y,N,N,DF,0,0,2669.91000000000,0,N,FMP,FMP,FMP,,,76.10990400000,11.28474800000,6,30.45693778990
783,Malappuram,Y,N,N,DF,0,0,1031.32000000000,0,N,FMP,FMP,FMP,,,76.10760300000,11.28310800000,3,15.15570354460
784,Malappuram,Y,N,N,DF,0,0,12632.00000000000,0,N,FMP,FMP,FMP,,,76.09559600000,11.28158200000,5,26.27285385130
785,Malappuram,Y,N,N,DF,0,0,2691.04000000000,0,N,FMP,FMP,FMP,,,76.09100000000,11.27557500000,7,35.77915573120
786,Malappuram,Y,N,N,DF,0,0,1112.02000000000,0,N,FMP,FMP,FMP,,,76.12603200000,11.26529700000,3,15.90358734130
787,Malappuram,Y,Y,N,DF,0,0,2730.31000000000,0,N,FMP,FMP,FMP,,,76.09188300000,11.26282900000,6,32.43260955810
788,Malappuram,Y,N,N,DF,0,0,9869.28000000000,0,N,FMP,FMP,FMP,,,76.13195900000,11.26025300000,6,30.43131065370
789,Malappuram,Y,N,N,DF,0,0,14762.20000000000,0,N,FMP,FMP,FMP,,,76.13165000000,11.26271000000,3,17.41284370420
790,Malappuram,Y,N,N,DF,0,0,3175.02000000000,0,N,FMP,FMP,FMP,,,76.13390200000,11.25806400000,5,29.59593582150
791,Malappuram,Y,N,N,DF,0,0,1126.05000000000,0,N,FMP,FMP,FMP,,,76.13454100000,11.25810400000,5,26.52553367610
792,Malappuram,Y,N,N,DF,0,0,2920.87000000000,0,N,FMP,FMP,FMP,,,76.13833900000,11.25960400000,5,26.30112266540
793,Malappuram,Y,N,N,SS,0,0,1076.65000000000,0,N,FMP,FMP,FMP,,,76.11405700000,11.26029200000,7,35.99538803100
794,Malappuram,Y,N,N,SS,0,0,1015.04000000000,0,N,FMP,FMP,FMP,,,76.10504900000,11.25832900000,4,24.59191131590
795,Malappuram,Y,N,N,DF,0,0,1625.19000000000,0,N,FMP,FMP,FMP,,,76.14904700000,11.25758000000,5,27.39365196230
796,Malappuram,Y,N,N,DF,0,0,1861.78000000000,0,N,FMP,FMP,FMP,,,76.14931500000,11.25488600000,5,29.26900482180
797,Malappuram,N,N,Y,DF,77,18,1386.00000000000,0,N,FMP,FMP,FMP,,,76.15055900000,11.25550400000,5,26.77894401550
798,Malappuram,Y,N,N,DF,0,0,2980.16000000000,0,N,FMP,FMP,FMP,,,76.12506300000,11.25600000000,5,25.18076515200
799,Malappuram,Y,N,N,SS,0,0,466.97700000000,0,N,FMP,FMP,FMP,,,76.07678400000,11.25314200000,3,16.48878097530
800,Malappuram,Y,N,N,DF,0,0,621.72500000000,0,N,FMP,FMP,FMP,,,76.14630800000,11.25204100000,5,25.38123893740
801,Malappuram,N,N,Y,DF,480,10,4800.00000000000,0,N,FMP,FMP,FMP,,,76.13894900000,11.24617100000,5,29.55348968510
802,Malappuram,N,N,Y,DF,194,9,1746.00000000000,0,N,FMP,FMP,FMP,,,76.14038600000,11.24445000000,6,34.65522384640
803,Malappuram,Y,N,N,SS,0,0,1667.99000000000,0,N,FMP,FMP,FMP,,,76.13918400000,11.23646500000,6,30.64608573910
804,Malappuram,Y,N,N,DF,0,0,823.97400000000,0,N,FMP,FMP,FMP,,,76.37925300000,11.20705600000,7,35.76063537600
805,Malappuram,N,N,Y,DF,817,8,6536.00000000000,0,N,FMP,FMP,FMP,,,76.37044500000,11.18627800000,5,25.17740440370
806,Malappuram,Y,N,N,DF,0,0,1320.14000000000,0,N,FMP,FMP,FMP,,,76.34733200000,11.18482900000,6,32.45855331420
807,Malappuram,Y,N,N,DF,0,0,2271.03000000000,0,N,FMP,FMP,FMP,,,76.34645800000,11.18463300000,7,38.24906158450
808,Malappuram,Y,N,N,DF,0,0,9963.89000000000,0,N,FMP,FMP,FMP,,,76.34951100000,11.18398100000,5,29.50447654720
809,Malappuram,Y,N,N,DF,0,0,1057.49000000000,0,N,FMP,FMP,FMP,,,76.34925400000,11.18239300000,3,18.88517761230
810,Malappuram,Y,N,N,DF,0,0,1311.98000000000,0,N,FMP,FMP,FMP,,,76.40290600000,11.14060500000,5,29.54318237300
811,Malappuram,N,N,Y,DF,82,10,820.00000000000,0,N,FMP,FMP,FMP,,,76.40432000000,11.14067900000,3,19.20983505250
812,Malappuram,Y,N,N,DF,0,0,912.16100000000,0,N,FMP,FMP,FMP,,,76.40500000000,11.13765300000,6,30.67499351500
813,Malappuram,Y,N,N,DF,0,0,2170.52000000000,0,N,FMP,FMP,FMP,,,76.39578500000,11.12821100000,4,20.56139373780
814,Malappuram,Y,N,N,DF,0,0,6912.90000000000,0,N,FMP,FMP,FMP,,,76.38380900000,11.12739800000,4,22.91533088680
815,Malappuram,Y,N,N,DF,0,0,1927.04000000000,0,N,FMP,FMP,FMP,,,76.38117000000,11.12967100000,5,25.63493919370
816,Malappuram,Y,N,N,DF,0,0,4280.85000000000,0,N,FMP,FMP,FMP,,,76.36852900000,11.12737100000,4,23.78939437870
817,Malappuram,Y,N,N,DF,0,0,1585.60000000000,0,N,FMP,FMP,FMP,,,76.36955100000,11.12644100000,6,30.44595909120
818,Malappuram,Y,N,N,DF,0,0,5840.20473400000,0,N,FMP,FMP,FMP,,,76.38715600000,11.12786100000,6,31.43240165710
819,Malappuram,Y,N,N,DF,0,0,31109.20000000000,0,N,FMP,FMP,FMP,,,76.38855800000,11.12289700000,6,34.40679931640
820,Malappuram,Y,N,N,DF,0,0,2096.07000000000,0,N,FMP,FMP,FMP,,,76.38874800000,11.12210500000,4,22.96367454530
821,Malappuram,Y,N,N,DF,0,0,66723.20000000000,0,N,FMP,FMP,FMP,,,76.38983700000,11.12168400000,6,30.08325767520
822,Malappuram,Y,N,N,DF,0,0,669.85500000000,0,N,FMP,FMP,FMP,,,76.39359200000,11.12218800000,6,33.44686508180
823,Malappuram,Y,N,N,DF,0,0,552.85000000000,0,N,FMP,FMP,FMP,,,76.39704400000,11.12063800000,8,42.58878707890
824,Malappuram,Y,N,N,DF,0,0,890.00000000000,0,N,FMP,FMP,FMP,,,76.39592200000,11.12142500000,6,33.96051406860
825,Malappuram,Y,N,N,DF,0,0,1204.40000000000,0,N,FMP,FMP,FMP,,,76.38982300000,11.12097300000,7,36.41509628300
826,Malappuram,N,N,Y,DF,375,14,5250.00000000000,0,N,FMP,FMP,FMP,,,76.39600100000,11.11866200000,7,37.05532455440
827,Malappuram,Y,N,N,DF,0,0,1268.48000000000,0,N,FMP,FMP,FMP,,,76.38707900000,11.12454600000,5,25.77977180480
828,Malappuram,Y,N,N,DF,0,0,31109.20000000000,0,N,FMP,FMP,FMP,,,76.38722900000,11.12413800000,5,29.38260650630
829,Malappuram,Y,N,N,DF,0,0,948.54400000000,0,N,FMP,FMP,FMP,,,76.40076900000,11.12393600000,8,40.09370040890
830,Malappuram,Y,N,N,DF,0,0,3925.87000000000,0,N,FMP,FMP,FMP,,,76.40066500000,11.12348700000,7,36.66893005370
831,Malappuram,Y,N,N,DF,0,0,3129.37000000000,0,N,FMP,FMP,FMP,,,76.38604900000,11.12475900000,1,5.30543708801
832,Malappuram,Y,N,N,DF,0,0,1558.33000000000,0,N,FMP,FMP,FMP,,,76.38437500000,11.12353600000,6,32.58230972290
833,Malappuram,Y,N,N,DF,0,0,1669.37000000000,0,N,FMP,FMP,FMP,,,76.38816500000,11.12209500000,2,10.07411193850
834,Malappuram,Y,N,N,DF,0,0,10993.10000000000,0,N,FMP,FMP,FMP,,,76.38741400000,11.12266200000,5,25.01858139040
835,Malappuram,Y,N,N,DF,0,0,3775.45000000000,0,N,FMP,FMP,FMP,,,76.38678700000,11.12357000000,3,19.42071342470
836,Malappuram,Y,N,N,DF,0,0,1063.08000000000,0,N,FMP,FMP,FMP,,,76.38736400000,11.11687500000,5,29.75446510310
837,Malappuram,Y,N,N,DF,0,0,18664.40000000000,0,N,FMP,FMP,FMP,,,76.38898700000,11.11933300000,6,33.39797210690
838,Malappuram,Y,N,N,DF,0,0,457.47700000000,0,N,FMP,FMP,FMP,,,76.38287700000,11.12342400000,3,18.86495971680
839,Malappuram,Y,N,N,DF,0,0,637.12600000000,0,N,FMP,FMP,FMP,,,76.38166000000,11.12098900000,4,20.66926383970
840,Malappuram,Y,N,N,DF,0,0,4555.50000000000,0,N,FMP,FMP,FMP,,,76.37967200000,11.11947300000,4,22.45747566220
841,Malappuram,Y,N,N,DF,0,0,2947.53000000000,0,N,FMP,FMP,FMP,,,76.38061200000,11.11979700000,4,24.43775367740
842,Malappuram,Y,N,N,DF,0,0,517.90900000000,0,N,FMP,FMP,FMP,,,76.38109600000,11.12071400000,5,25.00499153140
843,Malappuram,Y,N,N,DF,0,0,584.51600000000,0,N,FMP,FMP,FMP,,,76.38040100000,11.12067600000,5,26.53172302250
844,Malappuram,Y,N,N,DF,0,0,6948.70000000000,0,N,FMP,FMP,FMP,,,76.37158400000,11.12267500000,5,25.27295684810
845,Malappuram,Y,N,N,DF,0,0,1552.07000000000,0,N,FMP,FMP,FMP,,,76.37346000000,11.12197100000,5,25.07620811460
846,Malappuram,Y,N,N,DF,0,0,2732.67000000000,0,N,FMP,FMP,FMP,,,76.37161700000,11.12191200000,3,16.23153305050
847,Malappuram,Y,N,N,DF,0,0,17341.14960100000,0,N,FMP,FMP,FMP,,,76.37194900000,11.11416300000,8,41.09285736080
848,Malappuram,Y,N,N,DF,0,0,2194.01000000000,0,N,FMP,FMP,FMP,,,76.37626500000,11.11150900000,5,25.72784423830
849,Malappuram,Y,N,N,DF,0,0,4082.47000000000,0,N,FMP,FMP,FMP,,,76.37649600000,11.10949100000,5,27.36720657350
850,Malappuram,Y,N,N,DF,0,0,1169.35000000000,0,N,FMP,FMP,FMP,,,76.37571500000,11.10964300000,6,31.52411079410
851,Malappuram,Y,N,N,SS,0,0,719.69200000000,0,N,FMP,FMP,FMP,,,76.37443000000,11.11075900000,5,27.40245819090
852,Malappuram,Y,N,N,DF,0,0,695.27400000000,0,N,FMP,FMP,FMP,,,76.35741100000,11.10859400000,1,7.99761104584
853,Malappuram,Y,N,N,DF,0,0,3579.58000000000,0,N,FMP,FMP,FMP,,,76.37058000000,11.10448900000,4,23.36403083800
854,Malappuram,Y,N,N,DF,0,0,3200.15000000000,0,N,FMP,FMP,FMP,,,76.37036700000,11.10513600000,7,36.05787658690
855,Malappuram,Y,N,N,DF,0,0,1104.55000000000,0,N,FMP,FMP,FMP,,,76.36990100000,11.10581900000,8,40.30952453610
856,Malappuram,Y,N,N,DF,0,0,4796.80000000000,0,N,FMP,FMP,FMP,,,76.36963300000,11.10632000000,5,25.43262863160
857,Malappuram,Y,N,N,DF,0,0,439.12100000000,0,N,FMP,FMP,FMP,,,76.36907000000,11.10685500000,5,28.19027137760
858,Malappuram,Y,N,N,SS,0,0,467.93800000000,0,N,FMP,FMP,FMP,,,76.35782100000,11.10464200000,4,20.98834609990
859,Malappuram,Y,N,N,DF,0,0,9718.79000000000,0,N,FMP,FMP,FMP,,,76.35695300000,11.10124400000,7,37.36726379390
860,Malappuram,Y,N,N,DF,0,0,1583.35000000000,0,N,FMP,FMP,FMP,,,76.35677100000,11.09671700000,6,32.51032257080
861,Malappuram,Y,N,N,DF,0,0,872.07400000000,0,N,FMP,FMP,FMP,,,76.35412000000,11.09912400000,5,26.11966514590
862,Malappuram,Y,N,N,DF,0,0,3735.49000000000,0,N,FMP,FMP,FMP,,,76.35437600000,11.09495800000,8,43.62177276610
863,Malappuram,Y,N,N,DF,0,0,4515.16000000000,0,N,FMP,FMP,FMP,,,76.32350800000,11.09096000000,6,33.16784667970
864,Malappuram,Y,Y,N,DF,0,0,9578.78000000000,0,N,N,FNO,FNO,,,76.11589600000,11.27993300000,6,33.97430801390
865,Malappuram,Y,Y,N,DF,977,70,66723.20000000000,0,N,N,FNO,FNO,,,76.39166400000,11.11857500000,6,33.52803421020
866,Malappuram,Y,Y,N,DF,181,18,3258.00000000000,0,N,N,FNO,FNO,,,76.15127800000,11.28435300000,6,32.32841873170
867,Malappuram,Y,N,N,SS,0,0,1437.08000000000,0,N,N,FNO,FNO,,,76.24660500000,11.46652000000,7,38.79660797120
868,Malappuram,Y,N,N,SS,0,0,637.44600000000,0,N,N,FNO,FNO,,,76.31639100000,11.44334200000,7,39.74362945560
869,Malappuram,Y,N,N,DF,0,0,1923.54891300000,0,N,N,FNO,FNO,,,76.30850300000,11.43824700000,6,34.64010620120
870,Malappuram,Y,N,N,DF,0,0,5153.24000000000,0,N,N,FNO,FNO,,,76.30827300000,11.43807300000,3,19.31074905400
871,Malappuram,Y,N,N,SS,0,0,517.67900000000,0,N,N,FNO,FNO,,,76.21685800000,11.43721600000,3,17.42684364320
872,Malappuram,Y,N,N,DF,0,0,362.64300000000,0,N,N,FNO,FNO,,,76.40013400000,11.42393200000,9,46.01427078250
873,Malappuram,N,N,Y,DF,86,14,1204.00000000000,0,N,N,FNO,FNO,,,76.13805800000,11.38381400000,6,31.23348617550
874,Malappuram,Y,N,N,DF,0,0,4303.81000000000,0,N,N,FNO,FNO,,,76.18658500000,11.35574200000,3,16.84085655210
875,Malappuram,Y,N,N,DF,0,0,3761.32000000000,0,N,N,FNO,FNO,,,76.18940700000,11.35133000000,7,39.71615982060
876,Malappuram,Y,N,N,DF,0,0,2302.92000000000,0,N,N,FNO,FNO,,,76.17657400000,11.34191200000,4,24.35304260250
877,Malappuram,Y,N,N,DF,0,0,931.60900000000,0,N,N,FNO,FNO,,,76.10030800000,11.30278400000,6,31.85907173160
878,Malappuram,Y,N,N,DF,0,0,2324.65000000000,0,N,N,FNO,FNO,,,76.09882000000,11.30123900000,5,28.85506629940
879,Malappuram,Y,N,N,DF,0,0,3165.19000000000,0,N,N,FNO,FNO,,,76.09985000000,11.30205800000,5,29.63827323910
880,Malappuram,Y,N,N,DF,0,0,9528.52000000000,0,N,N,FNO,FNO,,,76.50535900000,11.28720400000,9,51.68496322630
881,Malappuram,Y,N,N,DF,0,0,2115.88000000000,0,N,N,FNO,FNO,,,76.11541500000,11.27972400000,7,35.70849227910
882,Malappuram,Y,N,N,DF,0,0,17380.50000000000,0,N,N,FNO,FNO,,,76.38495400000,11.27229900000,5,27.95643806460
883,Malappuram,Y,Y,N,DF,0,0,4027.85000000000,0,N,GMC,GMC,GMC,,,76.07901900000,11.27670800000,6,31.17287445070
884,Malappuram,Y,N,N,DF,0,0,3072.19000000000,0,N,N,FNO,GNA,,,76.35775700000,11.42364100000,4,22.28504562380
885,Malappuram,N,Y,N,DF,0,0,1874.84000000000,0,N,N,ROA,ROA,,,76.12720000000,11.32903100000,3,15.46720314030
886,Malappuram,N,Y,N,SS,0,0,1874.84000000000,0,N,N,ROA,ROA,5,,76.12259700000,11.33774400000,1,3.00851702690
887,Malappuram,N,Y,N,SS,0,0,463.58900000000,0,N,N,ROA,ROA,5,,76.21254000000,11.33724000000,1,5.86270046234
888,Malappuram,N,Y,N,DF,0,0,466.97700000000,0,N,N,ROA,ROA,,It falls in river,76.04485000000,11.24051000000,1,7.34313344955
889,Malappuram,Y,N,N,DF,0,0,2502.78000000000,0,N,N,ROA,ROA,,,76.35936200000,11.39093800000,5,25.42600631710
890,Malappuram,N,N,Y,DF,288,32,9216.00000000000,0,N,N,ROA,ROA,,,76.09966200000,11.30918700000,3,15.26147937770
891,Malappuram,Y,Y,N,DF,0,0,1076.04000000000,0,N,RUB,RUB,RUB,,,76.13397400000,11.25602100000,6,32.81755447390
892,Malappuram,N,Y,N,DF,0,0,1076.04000000000,0,N,RUB,RUB,RUB,,,76.13488400000,11.25606500000,6,30.61712646480
893,Malappuram,N,Y,N,DF,0,0,5697.21000000000,0,N,RUB,SPL,RUB,,,76.13866800000,11.25122200000,4,23.17655181880
894,Malappuram,Y,Y,N,DF,0,0,4110.09000000000,0,N,RUB,RUB,RUB,,,76.13913600000,11.25760300000,2,13.32751655580
895,Malappuram,N,Y,N,DF,0,0,3566.15000000000,0,N,RUB,RUB,RUB,,,76.36928900000,11.14465600000,6,32.70514297490
896,Malappuram,N,Y,N,SS,0,0,1874.84000000000,0,N,N,SNA,SNA,,,76.12709400000,11.32625000000,6,32.36104583740
897,Malappuram,Y,N,N,DF,0,0,5630.05565300000,0,N,SPL,SPL,SPL,,,76.10156900000,11.34012600000,6,33.04218292240
898,Malappuram,N,Y,N,SS,74,7,529.20000000000,0,N,SPL,GMC,SPL,2,,76.12957700000,11.32284600000,3,16.51573371890
899,Malappuram,N,Y,N,DF,0,0,1874.84000000000,0,N,SPL,SPL,SPL,,,76.12572800000,11.32280800000,3,17.77235031130
900,Malappuram,N,Y,N,SS,0,0,1874.84000000000,0,N,SPL,SPL,SPL,,,76.12425800000,11.33259400000,3,15.07245063780
901,Malappuram,N,Y,N,SS,0,0,1874.84000000000,0,N,SPL,SPL,SPL,2,,76.12929700000,11.32539400000,2,12.95115947720
902,Malappuram,N,Y,N,DF,0,0,1874.84000000000,0,N,SPL,SPL,SPL,,,76.13030600000,11.32382200000,2,14.93809700010
903,Malappuram,N,Y,N,SS,0,0,1874.84000000000,0,N,SPL,SPL,SPL,,,76.12825500000,11.31909600000,1,2.97166800499
904,Malappuram,N,Y,N,DF,0,0,931.60900000000,0,N,SPL,SPL,SPL,,,76.11574400000,11.31310600000,6,30.81878280640
905,Malappuram,N,Y,N,DF,0,0,2811.35000000000,0,N,SPL,SPL,SPL,,,76.08928100000,11.28272800000,8,41.05825424190
906,Malappuram,Y,Y,N,DF,180,11,1980.00000000000,1,N,SPL,SPL,SPL,,,76.10852800000,11.25787800000,5,28.38078689580
907,Malappuram,N,Y,N,DF,280,35,9800.00000000000,0,N,SPL,SPL,SPL,,,76.13761400000,11.26553300000,6,32.37191009520
908,Malappuram,Y,Y,N,DF,160,20,3200.00000000000,0,N,SPL,SPL,SPL,,,76.13831100000,11.26325800000,2,14.14333820340
909,Malappuram,Y,Y,N,SS,0,0,5697.21000000000,0,N,SPL,SPL,SPL,,,76.14043100000,11.25564700000,3,16.85545158390
910,Malappuram,Y,Y,N,DF,0,0,2916.76000000000,0,N,SPL,SPL,SPL,,,76.19525800000,11.35898600000,4,24.08179855350
911,Malappuram,N,Y,N,SS,0,0,2101.54000000000,0,N,SPL,SPL,SPL,,,76.15363100000,11.28082500000,2,13.21122169490
912,Malappuram,Y,N,N,DF,0,0,5772.49000000000,0,N,SPL,SPL,SPL,,,76.09279700000,11.29894300000,7,37.38162612920
913,Malappuram,Y,N,N,DF,0,0,2726.05000000000,0,N,SPL,SPL,SPL,,,76.13650800000,11.26520600000,4,23.57534790040
914,Malappuram,Y,N,N,DF,0,0,1031.39000000000,0,N,SPL,SPL,SPL,,,76.10174400000,11.25637400000,4,24.19656753540
915,Malappuram,Y,N,N,DF,0,0,1031.39000000000,0,N,SPL,SPL,SPL,,,76.10046700000,11.25643500000,5,28.38078689580
916,Malappuram,Y,N,N,DF,0,0,4043.35000000000,0,N,SPL,SPL,SPL,,,76.32448200000,11.20040700000,6,32.86293792720
917,Malappuram,Y,N,N,DF,0,0,1343.22000000000,0,N,SPL,SPL,SPL,,,76.37993900000,11.19614900000,8,41.08657455440
918,Malappuram,Y,N,N,DF,0,0,3124.41000000000,0,N,SPL,SPL,SPL,,,76.34412900000,11.19115100000,4,23.12885665890
919,Malappuram,Y,N,N,DF,0,0,1121.65000000000,0,N,SPL,SPL,SPL,,,76.34928700000,11.18521600000,2,14.03845691680
920,Malappuram,Y,N,N,DF,0,0,3566.15000000000,0,N,SPL,FMP,SPL,,,76.37322900000,11.14033000000,5,29.17966651920
921,Malappuram,N,N,Y,DF,99,14,1386.00000000000,0,N,SPL,FMP,SPL,,,76.37165800000,11.14064000000,3,18.30809021000
922,Malappuram,Y,N,N,DF,0,0,965.28800000000,0,N,SPL,FMP,SPL,,,76.38640200000,11.13392400000,6,30.47765541080
923,Malappuram,Y,N,N,DF,0,0,1553.59000000000,0,N,SPL,FMP,SPL,2,,76.38336000000,11.12981900000,5,29.42549324040
924,Malappuram,Y,N,N,SS,0,0,299.95500000000,0,N,SPL,FMP,SPL,,,76.36782500000,11.10783600000,5,26.20827865600
925,Malappuram,Y,N,N,DF,0,0,992.37700000000,0,N,SPL,FMP,SPL,,,76.35627200000,11.09784700000,5,27.54707336430
926,Malappuram,Y,N,N,DF,0,0,1266.08000000000,0,N,N,BRF,BRF,,,76.41333200000,11.41870000000,2,14.14333820340
927,Malappuram,Y,N,N,DF,0,0,550.70400000000,0,N,N,BRF,BRF,,,76.42061600000,11.24465500000,6,32.93445205690
928,Malappuram,Y,N,N,DF,0,0,1153.65000000000,0,N,N,BRF,BRF,,,76.44358200000,11.20920600000,8,41.81211090090
929,Malappuram,Y,N,N,DF,0,0,66514.30000000000,0,N,N,BRF,BRF,,,76.37778300000,11.11356000000,6,31.12609863280
930,Malappuram,Y,N,N,DF,0,0,246.54300000000,0,N,N,BRF,BRF,,,76.38205500000,11.19287200000,7,35.55462265010
931,Malappuram,Y,N,N,DF,0,0,1171.07000000000,0,N,N,BRF,BRF,,,76.38960500000,11.20892400000,8,41.43157577510
932,Malappuram,Y,N,N,DF,0,0,599.25200000000,0,N,N,BRF,BRF,,,76.39494000000,11.20470000000,9,45.55076217650
933,Malappuram,Y,N,N,DF,0,0,30821.10000000000,0,N,N,BRF,BRF,,,76.39957600000,11.20885000000,4,20.97957229610
934,Malappuram,Y,N,N,DF,0,0,659.39800000000,0,N,N,BRF,BRF,,,76.22357800000,11.49470300000,2,12.95115947720
935,Malappuram,Y,N,N,DF,0,0,274.10200000000,0,N,N,BRF,BRF,,,76.22389900000,11.49532200000,3,15.11248016360
936,Malappuram,Y,N,N,DF,0,0,478.94100000000,0,N,N,BRF,BRF,,,76.12364800000,11.25851900000,5,25.41275596620
937,Malappuram,Y,N,N,DF,0,0,479.60500000000,0,N,N,BRF,BRF,,,76.09792500000,11.28109200000,5,26.17668724060
938,Malappuram,Y,N,N,DF,0,0,598.68700000000,0,N,N,BRS,BRS,,,76.21574900000,11.47642600000,6,31.01211357120
939,Malappuram,Y,N,N,DF,0,0,677.09500000000,0,N,N,BRS,BRS,,,76.21595800000,11.47629600000,6,31.01211357120
940,Malappuram,Y,N,N,DF,0,0,246.68200000000,0,N,N,BRS,BRS,,,76.21660300000,11.47546500000,7,39.12133407590
941,Malappuram,Y,N,N,DF,0,0,687.63900000000,0,N,N,BRS,BRS,,,76.37343700000,11.40173800000,7,38.29730606080
942,Malappuram,Y,N,N,DF,0,0,764.03500000000,0,N,N,BRS,BRS,,,76.37359100000,11.40045500000,3,17.28054809570
943,Malappuram,Y,N,N,DF,0,0,2862.93000000000,0,N,N,BRS,BRS,,,76.37581600000,11.39498600000,6,30.60383605960
944,Malappuram,Y,N,N,RF,0,0,679.91800000000,0,N,N,BRS,BRS,,,76.42087700000,11.35289100000,5,26.17668724060
945,Malappuram,Y,N,N,RF,0,0,1228.59000000000,0,N,N,BRS,BRS,,,76.42499200000,11.35103500000,9,50.29286193850
946,Malappuram,Y,N,N,RF,0,0,1267.19000000000,0,N,N,BRS,BRS,,,76.42580100000,11.35055900000,8,43.95906448360
947,Malappuram,Y,N,N,DF,0,0,582.38400000000,0,N,N,FDN,FDN,,,76.42759100000,11.34143500000,1,9.88258075714
948,Malappuram,Y,N,N,DF,0,0,474.53200000000,0,N,N,FDN,FDN,,,76.36877100000,11.41951600000,1,1.05146837234
949,Malappuram,Y,N,N,DF,0,0,428.85900000000,0,N,N,FDN,FDN,,,76.37647100000,11.38665600000,4,23.86254310610
950,Malappuram,Y,N,N,DF,0,0,1182.70000000000,0,N,N,FDN,FDN,,,76.42377400000,11.41573200000,1,0.00000000000
951,Malappuram,Y,N,N,DF,0,0,798.68900000000,0,N,N,FDN,FDN,,,76.52081200000,11.34793800000,8,42.88625717160
952,Malappuram,Y,N,N,DF,0,0,2690.82000000000,0,N,N,FDN,FDN,,,76.53376200000,11.33424200000,8,40.84256744380
953,Malappuram,Y,N,N,DF,0,0,1069.72000000000,0,N,N,FDN,FDN,,,76.52440400000,11.32207600000,8,42.54889678960
954,Malappuram,Y,N,N,DF,0,0,1308.38000000000,0,N,N,FDN,FDN,,,76.52296700000,11.31868200000,8,40.23326492310
955,Malappuram,Y,N,N,DF,0,0,1013.47000000000,0,N,N,FDN,FDN,,,76.52202800000,11.31948700000,9,50.15607452390
956,Malappuram,Y,N,N,DF,0,0,1501.21000000000,0,N,N,FDN,FDN,,,76.50220600000,11.31252900000,5,29.82176208500
957,Malappuram,Y,N,N,DF,0,0,282.01800000000,0,N,N,FDN,FDN,,,76.50815500000,11.31103300000,6,32.30226516720
958,Malappuram,Y,N,N,DF,0,0,1713.08000000000,0,N,N,FDN,FDN,,,76.53128300000,11.30348700000,9,45.55911254880
959,Malappuram,Y,N,N,DF,0,0,545.30800000000,0,N,N,FDN,FDN,,,76.52216600000,11.29604200000,9,45.46975326540
960,Malappuram,Y,N,N,DF,0,0,322.56900000000,0,N,N,FDN,FDN,,,76.51393500000,11.27111200000,9,47.20051574710
961,Malappuram,Y,N,N,DF,0,0,525.77700000000,0,N,N,FDN,FDN,,,76.51326500000,11.27278300000,7,38.17186355590
962,Malappuram,Y,N,N,DF,0,0,908.30900000000,0,N,N,FDN,FDN,,,76.51283900000,11.27747800000,7,37.34889602660
963,Malappuram,Y,N,N,DF,0,0,1476.68000000000,0,N,N,FDN,FDN,,,76.48277300000,11.28692300000,3,18.48054504390
964,Malappuram,Y,N,N,DF,0,0,1110.58000000000,0,N,N,FDN,FDN,,,76.47020700000,11.28282500000,5,27.36720657350
965,Malappuram,Y,N,N,DF,0,0,760.98900000000,0,N,N,FDN,FDN,,,76.45156900000,11.24603800000,7,37.89016723630
966,Malappuram,Y,N,N,DF,0,0,446.63700000000,0,N,N,FDN,FDN,,,76.41406400000,11.24606300000,4,20.36389350890
967,Malappuram,Y,N,N,DF,0,0,714.60600000000,0,N,N,FDN,FDN,,,76.41158900000,11.24378500000,6,34.58896636960
968,Malappuram,Y,N,N,DF,0,0,507.36900000000,0,N,N,FDN,FDN,,,76.39980800000,11.25418300000,2,14.97855377200
969,Malappuram,Y,N,N,DF,0,0,524.52400000000,0,N,N,FDN,FDN,,,76.39961500000,11.24946300000,2,12.89922904970
970,Malappuram,Y,N,N,DF,0,0,216.62600000000,0,N,N,FDN,FDN,,,76.44198100000,11.21237500000,6,33.55635070800
971,Malappuram,Y,N,N,DF,0,0,614.60400000000,0,N,N,FDN,FDN,,,76.44782000000,11.21159100000,9,45.70910263060
972,Malappuram,Y,N,N,DF,0,0,203.20200000000,0,N,N,FDN,FDN,,,76.45016200000,11.21057100000,8,43.25533676150
973,Malappuram,Y,N,N,DF,0,0,225.68000000000,0,N,N,FDN,FDN,,,76.40836800000,11.21750500000,5,28.14685440060
974,Malappuram,Y,N,N,DF,0,0,1270.19000000000,0,N,N,FDN,FDN,,,76.40915200000,11.21094100000,9,54.94779968260
975,Malappuram,Y,N,N,DF,0,0,1056.13000000000,0,N,N,FDN,FDN,,,76.36297100000,11.22708100000,3,16.18561553960
976,Malappuram,Y,N,N,DF,0,0,893.10300000000,0,N,N,FDN,FDN,,,76.36438200000,11.22571200000,7,38.27471160890
977,Malappuram,Y,N,N,DF,0,0,609.56300000000,0,N,N,FDN,FDN,,,76.35919100000,11.22567500000,6,34.90270996090
978,Malappuram,Y,N,N,DF,0,0,801.99200000000,0,N,N,FDN,FDN,,,76.41993000000,11.20879100000,6,31.84562301640
979,Malappuram,Y,N,N,DF,0,0,515.89700000000,0,N,N,FDN,FDN,,,76.41857100000,11.21431000000,8,41.10542297360
980,Malappuram,Y,N,N,DF,0,0,641.87600000000,0,N,N,FDN,FDN,,,76.34140900000,11.18943300000,6,34.42117691040
981,Malappuram,Y,N,N,DF,0,0,1429.42000000000,0,N,N,FDN,FDN,,,76.31637900000,11.20852700000,3,19.17274093630
982,Malappuram,Y,N,N,DF,0,0,1475.30000000000,0,N,N,FDN,FDN,,,76.37081800000,11.19925700000,8,43.32101821900
983,Malappuram,Y,N,N,SS,0,0,487.73200000000,0,N,N,FDN,FDN,,,76.42416800000,11.33698600000,1,8.63739490509
984,Malappuram,Y,N,N,SS,0,0,465.16400000000,0,N,N,FDN,FDN,,,76.42165600000,11.33608900000,5,27.95643806460
985,Malappuram,Y,N,N,SS,0,0,593.59000000000,0,N,N,FDN,FDN,,,76.41823800000,11.33291700000,1,9.11981773376
986,Malappuram,Y,N,N,SS,0,0,357.41100000000,0,N,N,FDN,FDN,,,76.43232000000,11.33409900000,4,23.46536445620
987,Malappuram,Y,N,N,SS,0,0,333.47100000000,0,N,N,FDN,FDN,,,76.41462900000,11.42552600000,4,23.70854187010
988,Malappuram,Y,N,N,SS,0,0,335.26000000000,0,N,N,FDN,FNO,,,76.23006500000,11.46649200000,1,7.01893234253
989,Malappuram,Y,N,N,SS,0,0,244.93100000000,0,N,N,FDN,FNO,,,76.22975900000,11.46663900000,2,13.31980037690
990,Malappuram,Y,N,N,DF,0,0,529.43500000000,0,N,N,FMP,BUI,,,76.11769500000,11.25640500000,2,10.48620033260
991,Malappuram,Y,N,N,DF,0,0,1371.95000000000,0,N,FMP,FMP,FMP,,,76.37122300000,11.13163600000,1,3.66801404953
992,Malappuram,Y,N,N,DF,0,0,739.87100000000,0,N,FMP,FMP,FMP,,,76.37212900000,11.12532700000,6,31.50466537480
993,Malappuram,Y,N,N,DF,0,0,17341.14960100000,0,N,FMP,FMP,FMP,,,76.37219500000,11.11502500000,5,28.77965927120
994,Malappuram,Y,N,N,DF,0,0,902.08300000000,0,N,FMP,FMP,FMP,,,76.36983200000,11.10734900000,5,28.18047714230
995,Malappuram,Y,N,N,DF,0,0,898.21700000000,0,N,FMP,FMP,FMP,,,76.36383400000,11.11011000000,4,22.08824729920
996,Malappuram,Y,N,N,DF,0,0,1502.93000000000,0,N,FMP,FMP,FMP,,,76.35421400000,11.09672400000,4,23.10208320620
997,Malappuram,Y,N,N,DF,0,0,5840.20473400000,0,N,FMP,FMP,FMP,,,76.38754700000,11.12782900000,6,31.34018135070
998,Malappuram,Y,N,N,DF,0,0,593.89000000000,0,N,FMP,FMP,FMP,,,76.39475000000,11.12238400000,5,27.15111923220
999,Malappuram,Y,N,N,DF,0,0,935.71400000000,0,N,FMP,FMP,FMP,,,76.38611800000,11.11786700000,7,36.79849243160
1000,Malappuram,Y,N,N,DF,0,0,475.00500000000,0,N,FMP,FMP,FMP,,,76.34471400000,11.18334500000,3,19.55159568790
1001,Malappuram,Y,N,N,DF,0,0,741.09600000000,0,N,FMP,FMP,FMP,,,76.34222700000,11.18068400000,1,4.75034523010
1002,Malappuram,Y,N,N,DF,0,0,3512.75000000000,0,N,FMP,FMP,FMP,,,76.11715900000,11.25686000000,3,17.03801918030
1003,Malappuram,Y,N,N,SS,0,0,518.05800000000,0,N,FMP,FMP,FMP,,,76.28662200000,11.45691500000,1,6.88637399673
1004,Malappuram,Y,N,N,SS,0,0,731.87200000000,0,N,FMP,FMP,FMP,,,76.37296900000,11.10760000000,2,14.91105365750
1005,Malappuram,Y,N,N,SS,0,0,548.90500000000,0,N,FMP,FMP,FMP,,,76.37285000000,11.10808300000,1,5.89978027344
1006,Malappuram,Y,N,N,DF,0,0,904.84200000000,0,N,N,FNO,FNO,,,76.40070800000,11.34815800000,4,22.87460708620
1007,Malappuram,Y,N,N,DF,0,0,2546.92000000000,0,N,N,FNO,FNO,,,76.42228400000,11.32651600000,3,19.51777458190
1008,Malappuram,Y,N,N,DF,0,0,416.60600000000,0,N,N,FNO,FNO,,,76.44797700000,11.34658300000,2,12.52471923830
1009,Malappuram,Y,N,N,DF,0,0,1079.83000000000,0,N,N,FNO,FNO,,,76.44750000000,11.34536300000,2,11.20523929600
1010,Malappuram,Y,N,N,SS,0,0,749.88400000000,0,N,N,FNO,FNO,,,76.40435100000,11.35016600000,3,16.36531448360
1011,Malappuram,Y,N,N,SS,0,0,647.46700000000,0,N,N,FNO,FNO,,,76.40490600000,11.34977800000,3,17.14411544800
1012,Malappuram,Y,N,N,SS,0,0,458.25800000000,0,N,N,FNO,FNO,,,76.40509100000,11.34867500000,2,10.16320037840
1013,Malappuram,Y,N,N,SS,0,0,647.45900000000,0,N,N,FNO,FNO,,,76.40520300000,11.34810600000,8,41.02230834960
1014,Malappuram,Y,N,N,SS,0,0,513.81500000000,0,N,N,FNO,FNO,,,76.40550600000,11.35179500000,2,10.20483303070
1015,Malappuram,Y,N,N,DF,0,0,992.46100000000,0,N,N,ROA,ROA,,,76.36958900000,11.10779000000,4,24.30874443050
1016,Malappuram,Y,N,N,DF,0,0,928.70700000000,0,N,N,ROA,ROA,,,76.34297600000,11.19084300000,6,31.92168426510
1017,Malappuram,Y,N,N,DF,0,0,296.78800000000,0,N,N,SNA,FNO,,,76.43149900000,11.32840500000,6,34.71462631230
1018,Malappuram,Y,N,N,DF,0,0,658.20600000000,0,N,SPL,SPL,SPL,,,76.37756900000,11.19931100000,5,28.01732826230
1019,Malappuram,Y,N,N,DF,0,0,824.48200000000,0,N,SPL,SPL,SPL,,,76.37806900000,11.19914700000,4,21.09541511540
1020,Palakkad,Y,N,N,DF,0,0,4384.69435600000,0,N,N,BRF,BRF,,,76.53452800000,10.46941900000,7,35.44342803960
1021,Palakkad,N,N,Y,DF,610,25,15250.00000000000,0,N,N,BRF,BRF,,,76.52957300000,10.47121200000,7,35.11253356930
1022,Palakkad,Y,N,N,DF,0,0,1240.83112100000,0,N,N,BRF,BRF,,,76.67334200000,10.41293000000,6,30.60383605960
1023,Palakkad,Y,N,N,DF,0,0,510.33330700000,0,N,N,BRF,BRF,,,76.58199800000,10.45643800000,7,39.97789001460
1024,Palakkad,Y,N,N,DF,0,0,1516.03642200000,0,N,N,BRF,BRF,,,76.59287500000,10.45601000000,6,33.76915740970
1025,Palakkad,Y,N,N,DF,0,0,2064.69431400000,0,N,N,BRF,BRF,,,76.59535500000,10.45525500000,3,18.48054504390
1026,Palakkad,Y,N,N,DF,0,0,1130.15455000000,0,N,N,BRF,BRF,,,76.62628100000,10.46471300000,4,22.90564346310
1027,Palakkad,Y,N,N,DF,0,0,1389.44979700000,0,N,N,BRF,BRF,,,76.69153900000,10.47967300000,3,18.22372055050
1028,Palakkad,Y,N,N,DF,0,0,1860.36992900000,0,N,N,BRF,BRF,,,76.66646600000,10.48423600000,4,22.68905258180
1029,Palakkad,Y,N,N,DF,0,0,7497.49520500000,0,N,N,BRF,BRF,,,76.50601400000,10.48247500000,6,34.64010620120
1030,Palakkad,N,N,Y,DF,368,14,5152.00000000000,0,N,N,BRF,BRF,,,76.51988700000,10.48167700000,6,33.02653884890
1031,Palakkad,Y,N,N,DF,0,0,5379.92281600000,0,N,N,BRF,BRF,,,76.50816500000,10.48087300000,6,30.78534317020
1032,Palakkad,N,N,Y,DF,310,25,7750.00000000000,0,N,N,BRF,BRF,,,76.50696300000,10.47799300000,6,32.04619979860
1033,Palakkad,N,N,Y,DF,220,19,4180.00000000000,0,N,N,BRF,BRF,,,76.50381300000,10.47761900000,6,33.85966110230
1034,Palakkad,Y,N,N,SS,0,0,721.39679000000,0,N,N,BRF,BRF,,,76.65115100000,10.48744700000,3,15.45423889160
1035,Palakkad,Y,N,N,DF,0,0,1845.32231200000,0,N,N,BRF,BRF,,,76.69238900000,10.49027600000,6,34.29612350460
1036,Palakkad,Y,N,N,DF,0,0,1845.32231200000,0,N,N,BRF,BRF,,,76.69250400000,10.48911000000,6,34.63253784180
1037,Palakkad,Y,N,N,DF,0,0,2353.69575400000,0,N,N,BRF,BRF,,,76.48470400000,10.48656800000,3,18.11221885680
1038,Palakkad,Y,N,N,DF,0,0,7158.51834200000,0,N,N,BRF,BRF,,,76.48284100000,10.48631800000,5,27.39071464540
1039,Palakkad,Y,N,N,DF,0,0,5844.26377500000,0,N,N,BRF,BRF,,,76.48654500000,10.49041800000,5,26.67958259580
1040,Palakkad,Y,N,N,DF,0,0,7158.51834200000,0,N,N,BRF,BRF,,,76.47814100000,10.48925500000,9,46.85507583620
1041,Palakkad,Y,N,N,DF,0,0,2278.86767400000,0,N,N,BRF,BRF,,,76.51313700000,10.49332300000,5,25.57598686220
1042,Palakkad,Y,N,N,DF,0,0,2989.24243800000,0,N,N,BRF,BRF,,,76.63110000000,10.49991400000,4,21.17143821720
1043,Palakkad,Y,N,N,DF,0,0,1294.42466000000,0,N,N,BRF,BRF,,,76.59022900000,10.50332000000,4,20.20539093020
1044,Palakkad,Y,N,N,DF,0,0,6032.87278600000,0,N,N,BRF,BRF,,,76.59026100000,10.50195500000,3,18.96576690670
1045,Palakkad,Y,N,N,DF,0,0,2891.31959400000,0,N,N,BRF,BRF,,,76.74754700000,10.50466100000,4,21.55656051640
1046,Palakkad,Y,N,N,DF,0,0,6411.19773800000,0,N,N,BRF,BRF,,,76.70889100000,10.50308700000,2,12.46244812010
1047,Palakkad,Y,N,N,DF,0,0,3226.77949900000,0,N,N,BRF,BRF,,,76.70948300000,10.50272400000,3,15.11248016360
1048,Palakkad,Y,N,N,DF,0,0,3629.03770000000,0,N,N,BRF,BRF,,,76.72737500000,10.50548400000,9,48.18860626220
1049,Palakkad,Y,N,N,DF,0,0,967.18394300000,0,N,N,BRF,BRF,,,76.70558700000,10.50497200000,8,40.97741317750
1050,Palakkad,Y,N,N,DF,0,0,1910.78476100000,0,N,N,BRF,BRF,,,76.70667400000,10.50588200000,6,33.74520111080
1051,Palakkad,Y,N,N,DF,0,0,12973.24267000000,0,N,N,BRF,BRF,,,76.74803300000,10.51108800000,4,23.33576583860
1052,Palakkad,Y,N,N,DF,0,0,14218.95498000000,0,N,N,BRF,BRF,,,76.73581800000,10.50944200000,8,42.34957885740
1053,Palakkad,Y,N,N,DF,0,0,1332.52314900000,0,N,N,BRF,BRF,,,76.66094400000,10.51296600000,4,23.70301437380
1054,Palakkad,Y,N,N,DF,0,0,1663.31111500000,0,N,N,BRF,BRF,,,76.72020500000,10.52154000000,5,26.11966514590
1055,Palakkad,Y,N,N,DF,115,15,1725.00000000000,0,N,N,BRF,BRF,,,76.71790000000,10.51191500000,7,35.47848510740
1056,Palakkad,Y,N,N,DF,0,0,3167.88481400000,0,N,N,BRF,BRF,,,76.64606600000,10.52226000000,6,31.97071266170
1057,Palakkad,Y,N,N,DF,0,0,5028.38968500000,0,N,N,BRF,BRF,,,76.62500900000,10.52425900000,8,42.28931808470
1058,Palakkad,Y,N,N,DF,0,0,4173.56485700000,0,N,N,BRF,BRF,,,76.74075100000,10.54185700000,9,53.81409835820
1059,Palakkad,Y,N,N,DF,0,0,427.41216300000,0,N,N,BRF,BRF,,,76.67483900000,10.54872000000,4,24.63891410830
1060,Palakkad,Y,N,N,DF,491,33,16203.00000000000,0,N,N,BRF,BRF,,,76.66559700000,10.54871600000,4,21.71632003780
1061,Palakkad,Y,N,N,DF,0,0,1072.82215900000,0,N,N,BRF,BRF,,,76.66527500000,10.55239400000,6,30.43741607670
1062,Palakkad,Y,N,N,DF,471,26,12246.00000000000,0,N,N,BRF,BRF,,,76.66341100000,10.55436500000,4,22.44550704960
1063,Palakkad,Y,N,N,DF,0,0,2463.06668200000,0,N,N,BRF,BRF,,,76.63510900000,10.55666200000,3,17.87842559810
1064,Palakkad,Y,N,N,DF,0,0,670.36706600000,0,N,N,BRF,BRF,,,76.63337600000,10.55835300000,5,26.55800437930
1065,Palakkad,Y,N,N,DF,414,20,8280.00000000000,0,N,N,BRF,BRF,,,76.65029500000,10.55977100000,6,32.55548477170
1066,Palakkad,Y,N,N,DF,0,0,1467.30215500000,0,N,N,BRF,BRF,,,76.75616800000,10.56229200000,9,57.00193786620
1067,Palakkad,Y,N,N,DF,0,0,9573.31880700000,0,N,N,BRF,BRF,,,76.71107800000,10.55826100000,7,37.47703552250
1068,Palakkad,Y,N,N,DF,0,0,1003.58536200000,0,N,N,BRF,BRF,,,76.65248200000,10.56686400000,6,30.62074851990
1069,Palakkad,Y,N,N,DF,0,0,1382.80629800000,0,N,N,BRF,BRF,,,76.64046400000,10.56755800000,7,37.16241073610
1070,Palakkad,Y,N,N,DF,0,0,4838.19484400000,0,N,N,BRF,BRF,,,76.70252200000,10.56511800000,5,29.26900482180
1071,Palakkad,Y,N,N,DF,0,0,969.31863000000,0,N,N,BRF,BRF,,,76.65805500000,10.56933100000,6,33.71721267700
1072,Palakkad,Y,N,N,DF,0,0,1118.95167700000,0,N,N,BRF,BRF,,,76.62146400000,10.58641400000,5,26.74385452270
1073,Palakkad,Y,N,N,DF,0,0,3595.39692500000,0,N,N,BRF,BRF,,,76.77719900000,10.82885400000,6,33.06718444820
1074,Palakkad,Y,N,N,DF,0,0,5341.62601500000,0,N,N,BRF,BRF,,,76.75128000000,10.82795200000,4,24.73596763610
1075,Palakkad,Y,N,N,DF,0,0,818.48188000000,0,N,N,BRF,BRF,,,76.74654000000,10.83211900000,8,41.44877624510
1076,Palakkad,Y,N,N,DF,0,0,617.07438700000,0,N,N,BRF,BRF,,,76.74484400000,10.83653700000,8,41.03619003300
1077,Palakkad,Y,N,N,DF,0,0,2258.82185100000,0,N,N,BRF,BRF,,,76.73956900000,10.83919700000,5,27.11681747440
1078,Palakkad,Y,N,N,DF,0,0,661.43158300000,0,N,N,BRF,BRF,,,76.73612300000,10.83942700000,3,17.60481071470
1079,Palakkad,Y,N,N,DF,0,0,1087.69301000000,0,N,N,BRF,BRF,,,76.75891300000,10.83927600000,8,44.35144805910
1080,Palakkad,Y,N,N,DF,0,0,990.35028800000,0,N,N,BRF,BRF,,,76.78481600000,10.84655500000,7,35.49732971190
1081,Palakkad,Y,N,N,DF,0,0,3348.90575100000,0,N,N,BRF,BRF,,,76.74196700000,10.84755800000,8,40.01029586790
1082,Palakkad,Y,N,N,DF,0,0,401.05054200000,0,N,N,BRF,BRF,,,76.75331000000,10.84993100000,9,50.38314437870
1083,Palakkad,Y,N,N,DF,0,0,1081.15624100000,0,N,N,BRF,BRF,,,76.74973600000,10.85014600000,9,48.14518356320
1084,Palakkad,Y,N,N,DF,0,0,623.32173400000,0,N,N,BRF,BRF,,,76.73527400000,10.85383900000,7,35.61171722410
1085,Palakkad,Y,N,N,DF,0,0,1344.02848200000,0,N,N,BRF,BRF,,,76.73253300000,10.85292200000,4,20.68940353390
1086,Palakkad,Y,N,N,DF,0,0,1173.67479200000,0,N,N,BRF,BRF,,Quarry present at toe,76.63063300000,10.86316400000,8,40.66262817380
1087,Palakkad,Y,N,N,DF,0,0,3302.17926400000,0,N,N,BRF,BRF,,,76.73608100000,10.86256100000,8,44.88263320920
1088,Palakkad,N,N,Y,DF,329,16,5264.00000000000,0,N,N,BRF,BRF,,,76.74285200000,10.86295300000,6,32.77310562130
1089,Palakkad,N,N,Y,DF,468,24,11232.00000000000,0,N,N,BRF,BRF,,,76.74318700000,10.86274600000,7,38.43668746950
1090,Palakkad,N,N,Y,DF,154,17,2618.00000000000,0,N,N,BRF,BRF,,,76.74594400000,10.86290800000,8,42.28990173340
1091,Palakkad,N,N,Y,DF,105,15,1575.00000000000,0,N,N,BRF,BRF,,,76.74631800000,10.86262200000,7,38.40083694460
1092,Palakkad,Y,N,N,DF,0,0,1260.43360600000,0,N,N,BRF,BRF,,Quarry present at toe,76.62987100000,10.86347500000,4,21.35236358640
1093,Palakkad,Y,N,N,DF,0,0,1694.95528100000,0,N,N,BRF,BRF,,,76.63934300000,10.86294600000,4,23.06759452820
1094,Palakkad,Y,N,N,DF,0,0,4786.96443000000,0,N,N,BRF,BRF,,,76.58093500000,10.88574000000,4,21.64085006710
1095,Palakkad,N,N,Y,DF,635,12,7620.00000000000,0,N,N,BRF,BRF,,,76.58493200000,10.89116000000,7,38.65230178830
1096,Palakkad,N,N,Y,DF,628,16,10048.00000000000,0,N,N,BRF,BRF,,,76.59091000000,10.88333000000,6,34.11649322510
1097,Palakkad,N,N,Y,DF,748,14,10472.00000000000,0,N,N,BRF,BRF,,,76.59182700000,10.88693900000,6,30.28532981870
1098,Palakkad,Y,N,N,DF,0,0,1766.88412800000,0,N,N,BRF,BRF,,,76.57724300000,10.88851100000,6,30.92936515810
1099,Palakkad,Y,N,N,DF,0,0,2684.38947700000,0,N,N,BRF,BRF,,,76.62505600000,10.90402200000,5,28.82279014590
1100,Palakkad,Y,N,N,DF,0,0,2684.38947700000,0,N,N,BRF,BRF,,,76.62468400000,10.90415000000,4,24.46940612790
1101,Palakkad,Y,N,N,DF,0,0,1272.48049000000,0,N,N,BRF,BRF,,,76.62144100000,10.91289700000,7,36.21047210690
1102,Palakkad,N,N,Y,DF,989,16,15824.00000000000,0,N,N,BRF,BRF,,,76.62689000000,10.90927000000,6,33.99890899660
1103,Palakkad,Y,N,N,DF,0,0,837.55591400000,0,N,N,BRF,BRF,,,76.61712500000,10.91576800000,7,36.82907104490
1104,Palakkad,Y,N,N,DF,0,0,837.55591400000,0,N,N,BRF,BRF,,,76.61885900000,10.91820900000,6,30.93173408510
1105,Palakkad,Y,N,N,DF,0,0,2726.53286500000,0,N,N,BRF,BRF,,,76.62116700000,10.92157200000,1,5.24324607849
1106,Palakkad,Y,N,N,DF,0,0,2726.53286500000,0,N,N,BRF,BRF,,,76.62238100000,10.92166700000,8,40.32340621950
1107,Palakkad,Y,N,N,SS,0,0,9468.09800700000,0,N,N,BRF,BRF,,,76.64761100000,10.93363800000,9,50.51884078980
1108,Palakkad,Y,N,N,SS,0,0,9468.09800700000,0,N,N,BRF,BRF,,,76.64711400000,10.93367600000,9,48.20969009400
1109,Palakkad,Y,N,N,DF,0,0,754.87362100000,0,N,N,BRF,BRF,,,76.64057200000,10.93110300000,9,48.02922058110
1110,Palakkad,Y,N,N,DF,0,0,2652.39816400000,0,N,N,BRF,BRF,,,76.63067600000,10.93569400000,9,53.61258697510
1111,Palakkad,Y,N,N,DF,0,0,1967.43640800000,0,N,N,BRF,BRF,,,76.60986400000,10.96479000000,6,34.46424484250
1112,Palakkad,Y,N,N,DF,0,0,2170.73230700000,0,N,N,BRF,BRF,,,76.59179000000,10.97241600000,9,48.50707244870
1113,Palakkad,Y,N,N,DF,0,0,1563.73130000000,0,N,N,BRF,BRF,,,76.47099300000,11.03598900000,4,21.28369140630
1114,Palakkad,Y,N,N,DF,0,0,7119.62494700000,0,N,N,BRF,BRF,,,76.39751500000,11.06011100000,6,32.58230972290
1115,Palakkad,Y,N,N,DF,0,0,5652.47562600000,0,N,N,BRF,BRF,,,76.41119200000,11.08800400000,4,24.12852287290
1116,Palakkad,N,N,Y,DF,1109,44,48796.00000000000,0,N,N,BRF,BRF,,,76.41648900000,11.08272600000,3,19.58293342590
1117,Palakkad,N,N,Y,DF,232,14,3248.00000000000,0,N,N,BRF,BRF,,,76.41709900000,11.08655700000,4,22.93855476380
1118,Palakkad,N,N,Y,DF,439,22,9658.00000000000,0,N,N,BRF,BRF,,,76.41435100000,11.08856900000,4,23.14795112610
1119,Palakkad,Y,N,N,DF,0,0,5652.47562600000,0,N,N,BRF,BRF,,,76.40217800000,11.08968800000,5,27.79534530640
1120,Palakkad,Y,N,N,DF,0,0,5652.47562600000,0,N,N,BRF,BRF,,,76.39955900000,11.08899500000,6,34.35684585570
1121,Palakkad,N,N,Y,DF,821,24,19704.00000000000,0,N,N,BRF,BRF,,,76.39854500000,11.09354500000,9,46.43250274660
1122,Palakkad,N,N,Y,DF,362,15,5430.00000000000,0,N,N,BRF,BRF,,,76.40031900000,11.08837900000,3,17.23805809020
1123,Palakkad,N,N,Y,DF,478,24,11472.00000000000,0,N,N,BRF,BRF,,,76.39484100000,11.08752200000,9,45.11713027950
1124,Palakkad,N,N,Y,DF,1222,18,21996.00000000000,0,N,N,BRF,BRF,,,76.38977500000,11.08913500000,4,21.44416236880
1125,Palakkad,Y,N,N,DF,0,0,2734.10434800000,0,N,N,BRF,BRF,,,76.44033400000,11.09019800000,5,25.58418655400
1126,Palakkad,Y,N,N,DF,0,0,12381.95357000000,0,N,N,BRF,BRF,,,76.46312000000,11.09925400000,9,46.63594436650
1127,Palakkad,Y,N,N,DF,0,0,1375.73159000000,0,N,N,BRF,BRF,,,76.48889200000,11.11074500000,5,28.64414024350
1128,Palakkad,Y,N,N,DF,0,0,10369.68341000000,0,N,N,BRF,BRF,,,76.48046300000,11.13044100000,3,17.53000831600
1129,Palakkad,Y,N,N,DF,0,0,4835.26679900000,0,N,N,BRF,BRF,,,76.48066900000,11.12831500000,8,40.60044479370
1130,Palakkad,Y,N,N,DF,0,0,2060.14872400000,0,N,N,BRF,BRF,,,76.48575800000,11.15537900000,5,28.03851699830
1131,Palakkad,Y,N,N,DF,0,0,386.84505600000,0,N,N,BRF,BRF,,,76.68271100000,10.44014300000,4,24.88559722900
1132,Palakkad,Y,N,N,DF,0,0,3629.03770000000,0,N,N,BRF,BRF,,,76.72461400000,10.50363600000,7,39.18832015990
1133,Palakkad,Y,N,N,DF,227,17,3859.00000000000,0,N,N,BRF,BRF,,,76.72197100000,10.51044300000,5,26.25870132450
1134,Palakkad,Y,N,N,DF,131,21,1632.43774100000,0,N,N,BRF,BRF,,,76.72758600000,10.54303300000,5,28.38078689580
1135,Palakkad,Y,N,N,DF,0,0,2413.62302700000,0,N,N,BRF,BRF,,,76.75191900000,10.54704800000,2,13.73311901090
1136,Palakkad,Y,N,N,DF,0,0,2924.44348600000,0,N,N,BRF,BRF,,,76.75345100000,10.54631100000,4,21.09976959230
1138,Palakkad,Y,Y,N,DF,942,108,101736.00000000000,8,N,N,BRF,BRF,,,76.40589900000,11.04682800000,7,39.46880340580
1139,Palakkad,N,Y,N,DF,1280,31,39680.00000000000,0,N,N,BRF,BRF,,,76.42837500000,11.05623700000,7,39.69139480590
1140,Palakkad,Y,Y,N,DF,0,0,6053.01949800000,0,N,N,BRF,BRF,,,76.52616000000,10.62876400000,6,31.34018135070
1141,Palakkad,N,Y,N,DF,22,15,330.00000000000,0,N,N,BRF,BRF,,,76.74484400000,10.52916700000,5,25.12519836430
1142,Palakkad,Y,Y,N,DF,0,0,8925.39258000000,0,N,N,BRF,BRF,,,76.72806100000,10.53719300000,6,30.97079086300
1143,Palakkad,Y,Y,N,DF,0,0,1257.09754700000,0,N,N,BRF,BRF,,,76.72464100000,10.54130300000,6,33.03592681880
1144,Palakkad,Y,Y,N,DF,0,0,33413.65279000000,0,N,N,BRF,BRF,,,76.72774200000,10.51874700000,1,7.48172283173
1145,Palakkad,Y,N,N,DF,0,0,6053.01949800000,0,N,N,BRF,BRF,,,76.52644900000,10.62907900000,4,22.91533088680
1146,Palakkad,N,N,Y,DF,118,27,3186.00000000000,0,N,N,BRF,BRF,,,76.72432700000,10.54132600000,6,33.35302352910
1147,Palakkad,Y,N,N,DF,0,0,574.91294400000,0,N,N,BRF,BRF,,,76.72733200000,10.54323300000,6,31.46455764770
1148,Palakkad,Y,N,N,DF,264,34,5254.66774400000,0,N,N,BRF,BRF,,,76.72636400000,10.54333500000,5,25.60385131840
1149,Palakkad,Y,N,N,DF,0,0,106519.72289999999,0,N,N,BRF,BRF,,,76.73159300000,10.51920500000,3,19.18264198300
1150,Palakkad,Y,N,N,DF,0,0,6685.05621300000,0,N,N,BRF,BRF,,,76.73342900000,10.51844800000,5,26.41527175900
1151,Palakkad,Y,N,N,DF,0,0,5078.67408800000,0,N,N,BRF,BRF,,,76.73441500000,10.51468800000,7,37.32410049440
1152,Palakkad,Y,N,N,DF,138,36,4968.00000000000,0,N,N,BRF,BRF,,,76.72824200000,10.51880900000,3,17.31444549560
1153,Palakkad,N,N,Y,DF,175,18,3150.00000000000,0,N,N,BRF,BRF,,,76.73000900000,10.51959600000,7,36.01537704470
1154,Palakkad,N,N,Y,DF,74,13,962.00000000000,0,N,N,BRF,BRF,,,76.72799700000,10.52933800000,3,19.79332733150
1155,Palakkad,Y,N,N,DF,0,0,16477.40751000000,0,N,N,BRF,BRF,,,76.73336700000,10.56019300000,1,8.56253623962
1156,Palakkad,Y,N,N,DF,0,0,3193.02776800000,0,N,N,BRF,BRF,,,76.70179400000,10.55567000000,5,26.13235473630
1157,Palakkad,Y,N,N,DF,0,0,1093.82219200000,0,N,N,BRF,BRF,,,76.68995700000,10.56110300000,8,42.75628280640
1158,Palakkad,Y,N,N,DF,0,0,6364.29504300000,0,N,N,BRF,BRF,,,76.67975600000,10.55523800000,9,46.19459915160
1159,Palakkad,Y,N,N,DF,0,0,2433.92194500000,0,N,N,BRG,BRG,,,76.60501900000,10.44708300000,7,37.35208892820
1160,Palakkad,Y,N,N,DF,241,11,2651.00000000000,0,N,N,BRG,BRG,,,76.63431300000,10.46429600000,8,41.59540176390
1161,Palakkad,Y,N,N,DF,83,11,913.00000000000,0,N,N,BRG,BRG,,,76.63401800000,10.46392800000,7,36.06826782230
1162,Palakkad,Y,N,N,DF,0,0,5880.80699300000,0,N,N,BRG,BRG,,,76.75039800000,10.51022800000,8,41.18371582030
1163,Palakkad,Y,N,N,DF,0,0,3152.09884400000,0,N,N,BRG,BRG,,,76.73583000000,10.51907000000,7,36.30117034910
1164,Palakkad,Y,N,N,DF,0,0,625.66277700000,0,N,N,BRG,BRG,,,76.68182400000,10.55077400000,3,18.02935600280
1165,Palakkad,Y,N,N,DF,0,0,2370.21262800000,0,N,N,BRG,BRG,,,76.79600500000,10.55126400000,5,27.14068603520
1166,Palakkad,Y,N,N,DF,0,0,2370.21262800000,0,N,N,BRG,BRG,,,76.79630400000,10.54916800000,8,44.56985473630
1167,Palakkad,Y,N,N,DF,0,0,10155.06088000000,0,N,N,BRG,BRG,,,76.75435200000,10.82892300000,6,33.57250595090
1168,Palakkad,Y,N,N,DF,0,0,1087.69301000000,0,N,N,BRG,BRG,,,76.75395100000,10.83852400000,7,39.71272277830
1169,Palakkad,Y,N,N,SS,0,0,351.27135300000,0,N,N,BRG,BRG,,,76.76047400000,10.86531600000,2,13.12126159670
1170,Palakkad,Y,N,N,SS,0,0,351.27135300000,0,N,N,BRG,BRG,,,76.76147600000,10.86492800000,2,13.57179832460
1171,Palakkad,Y,N,N,DF,0,0,754.87362100000,0,N,N,BRG,BRG,,,76.64143400000,10.93125500000,8,40.17332077030
1172,Palakkad,Y,N,N,DF,0,0,2343.94467700000,0,N,N,BRG,BRG,,,76.58444800000,10.97194300000,6,31.45996856690
1173,Palakkad,Y,N,N,DF,0,0,1018.26461300000,0,N,N,BRG,BRG,,,76.49032800000,11.13359700000,5,28.43600082400
1174,Palakkad,Y,N,N,DF,0,0,2181.51805900000,0,N,N,BRG,BRG,,,76.75010000000,10.54816400000,5,28.45940971370
1175,Palakkad,Y,N,N,DF,0,0,2181.51805900000,0,N,N,BRG,BRG,,,76.75151000000,10.54765600000,3,19.99141311650
1176,Palakkad,N,N,Y,DF,294,20,5880.00000000000,0,N,N,BRG,BRG,,,76.76310000000,10.84213200000,3,17.23805809020
1177,Palakkad,Y,Y,N,DF,0,0,2991.89216100000,0,N,N,BRG,BRG,,,76.72883000000,10.51954500000,4,23.24308586120
1178,Palakkad,Y,N,N,DF,245,28,6860.00000000000,0,N,N,BRG,BRG,,,76.72738200000,10.51747100000,6,32.43477249150
1179,Palakkad,Y,N,N,DF,80,10,800.00000000000,0,N,N,BRG,BRG,,,76.72759700000,10.51563500000,6,32.59516906740
1180,Palakkad,Y,N,N,DF,151,22,3322.00000000000,0,N,N,BRG,BRG,,,76.72601500000,10.51628400000,3,19.50567817690
1181,Palakkad,Y,N,N,SS,0,0,1759.93656500000,0,N,N,BRG,BRG,,,76.72744800000,10.53205900000,4,22.28302955630
1182,Palakkad,Y,N,N,DF,0,0,1748.43539700000,0,N,N,BRG,BRG,,,76.72691200000,10.53015700000,3,19.26161003110
1183,Palakkad,Y,N,N,DF,0,0,829.68438100000,0,N,N,BRG,BRG,,,76.73123700000,10.53630500000,4,20.39813041690
1184,Palakkad,Y,N,N,DF,0,0,3789.55637600000,0,N,N,BRG,BRG,,,76.72774700000,10.53521900000,7,35.12355041500
1185,Palakkad,Y,N,N,DF,0,0,1568.48852000000,0,N,N,BRG,BRG,,,76.73304000000,10.53453200000,4,23.61431121830
1186,Palakkad,Y,N,N,DF,0,0,9490.66965900000,0,N,N,BRO,BRO,,,76.79108800000,10.55135200000,9,65.53728485110
1187,Palakkad,Y,N,N,DF,0,0,14158.29284000000,0,N,N,BRO,BRO,,,76.78379600000,10.84242300000,5,27.48295593260
1188,Palakkad,N,N,Y,DF,124,14,1736.00000000000,0,N,N,BRO,BRO,,,76.75174800000,10.83678100000,3,18.47275161740
1189,Palakkad,N,N,Y,DF,256,26,6656.00000000000,0,N,N,BRO,BRO,,,76.75073900000,10.83593400000,6,30.59416389470
1190,Palakkad,N,N,Y,DF,152,7,1064.00000000000,0,N,N,BRO,BRO,,,76.75027200000,10.83646200000,4,24.90099906920
1191,Palakkad,N,N,Y,DF,156,7,1092.00000000000,0,N,N,BRO,BRO,,,76.75040600000,10.83619200000,7,37.11625671390
1192,Palakkad,Y,N,N,DF,0,0,4767.58338100000,0,N,N,BRO,BRO,,,76.74399800000,10.84711300000,2,13.73311901090
1193,Palakkad,Y,N,N,DF,0,0,12442.06784000000,0,N,N,BRO,BRO,,,76.39423400000,11.05527600000,9,55.22818374630
1194,Palakkad,Y,N,N,DF,0,0,8975.67748500000,0,N,N,BRO,BRO,,,76.69282100000,10.56366400000,5,29.66899681090
1195,Palakkad,Y,N,N,DF,0,0,4399.84542400000,0,N,N,BRO,BRO,,,76.69140300000,10.56422700000,5,28.90469932560
1196,Palakkad,Y,N,N,DF,0,0,4262.40351200000,0,N,N,BRO,BRO,,,76.69065800000,10.56046700000,3,18.16011238100
1197,Palakkad,Y,N,N,DF,0,0,235.77458300000,0,N,N,BRO,BRO,,,76.69076200000,10.55874700000,7,39.67141342160
1198,Palakkad,N,Y,N,DF,315,59,18585.00000000000,0,N,N,BRO,BRO,,Quarry present,76.61352700000,10.58775900000,4,24.68751335140
1199,Palakkad,Y,Y,N,DF,0,0,3632.50474500000,0,N,N,BRO,BRO,,,76.72254100000,10.51499300000,7,39.72509384160
1200,Palakkad,Y,Y,N,DF,0,0,6411.86499000000,0,N,N,BRO,BRO,,,76.72326700000,10.53880700000,8,40.69814300540
1201,Palakkad,Y,N,N,DF,0,0,6584.35456600000,0,N,N,BRO,BRO,,,76.71972200000,10.55860400000,8,43.42034149170
1202,Palakkad,Y,N,N,DF,0,0,8975.67648200000,0,N,N,BRO,BRO,,,76.69236700000,10.56393200000,7,38.49625778200
1203,Palakkad,Y,N,N,DF,0,0,1141.66201800000,0,N,N,BRS,BRS,,Quarry present at toe,76.63778700000,10.86059000000,3,19.28865623470
1204,Palakkad,Y,N,N,DF,0,0,3820.50586600000,0,N,N,FNO,BRS,,,76.77339000000,10.55829500000,7,37.53559112550
1205,Palakkad,Y,N,N,DF,0,0,1891.39052100000,0,N,N,BRS,BRS,,,76.67842200000,10.41571200000,3,16.98610496520
1206,Palakkad,Y,N,N,DF,0,0,7640.59603100000,0,N,N,BRS,BRS,,,76.62540200000,10.42764100000,8,41.84803009030
1207,Palakkad,Y,N,N,DF,0,0,2060.54700000000,0,N,N,BRS,BRS,,,76.63210100000,10.45689700000,2,13.71447372440
1208,Palakkad,Y,N,N,DF,0,0,11829.65585000000,0,N,N,BRS,BRS,,,76.68610900000,10.48097400000,7,36.76371383670
1209,Palakkad,Y,N,N,DF,0,0,648.31116800000,0,N,N,BRS,BRS,,,76.68881200000,10.48893800000,8,40.84767913820
1210,Palakkad,Y,N,N,DF,0,0,765.01284600000,0,N,N,BRS,BRS,,,76.71324500000,10.48643300000,4,22.17579460140
1211,Palakkad,Y,N,N,DF,0,0,4399.37300100000,0,N,N,BRS,BRS,,,76.49180300000,10.49524500000,9,48.12746810910
1212,Palakkad,N,N,Y,DF,421,12,5052.00000000000,0,N,N,BRS,BRS,,,76.48961100000,10.48471100000,9,47.09783172610
1213,Palakkad,Y,N,N,DF,0,0,2278.86767400000,0,N,N,BRS,BRS,,,76.51361800000,10.49223700000,5,25.70182037350
1214,Palakkad,Y,N,N,DF,0,0,545.60014100000,0,N,N,BRS,BRS,,,76.51554800000,10.49207600000,6,34.34241104130
1215,Palakkad,Y,N,N,DF,0,0,4974.80693200000,0,N,N,BRS,BRS,,,76.61386300000,10.50558700000,8,43.84662628170
1216,Palakkad,Y,N,N,DF,0,0,48652.33490000000,0,N,N,BRS,BRS,,,76.73824900000,10.51024000000,3,16.28338050840
1217,Palakkad,Y,N,N,DF,0,0,1782.71485600000,0,N,N,BRS,BRS,,,76.74287000000,10.51143800000,7,36.02579498290
1218,Palakkad,Y,N,N,DF,0,0,4198.70580500000,0,N,N,BRS,BRS,,,76.65697700000,10.51176800000,6,31.11672782900
1219,Palakkad,N,N,Y,DF,249,12,2988.00000000000,0,N,N,BRS,BRS,,,76.65701300000,10.51368900000,5,26.65656852720
1220,Palakkad,Y,N,N,DF,0,0,4198.70580500000,0,N,N,BRS,BRS,,,76.65740700000,10.51240700000,2,12.96310997010
1221,Palakkad,Y,N,N,SS,0,0,4198.70580500000,0,N,N,BRS,BRS,,,76.65679500000,10.51118700000,1,3.78602838516
1222,Palakkad,Y,N,N,DF,0,0,3268.45362100000,0,N,N,BRS,BRS,,,76.64647600000,10.51807200000,6,34.48334884640
1223,Palakkad,Y,N,N,DF,0,0,625.66277700000,0,N,N,BRS,BRS,,,76.68051300000,10.55096300000,7,35.47848510740
1224,Palakkad,Y,N,N,DF,393,70,27510.00000000000,0,N,N,BRS,BRS,,,76.66103500000,10.55904400000,8,44.83878326420
1225,Palakkad,Y,N,N,DF,698,25,17450.00000000000,0,N,N,BRS,BRS,,,76.66911900000,10.55646000000,6,34.25648498540
1226,Palakkad,Y,N,N,DF,0,0,2363.34263500000,0,N,N,BRS,BRS,,,76.68946700000,10.55422200000,8,43.87429428100
1227,Palakkad,Y,N,N,DF,0,0,4282.60409500000,0,N,N,BRS,BRS,,,76.65623100000,10.56584700000,4,23.07143020630
1228,Palakkad,Y,N,N,DF,0,0,9499.76954500000,0,N,N,BRS,BRS,,,76.64580100000,10.56862400000,9,51.37906646730
1229,Palakkad,Y,N,N,DF,0,0,2223.90611900000,0,N,N,BRS,BRS,,,76.80527900000,10.85109800000,6,31.42205238340
1230,Palakkad,Y,N,N,DF,0,0,1634.18918300000,0,N,N,BRS,BRS,,,76.57684500000,10.88073700000,6,32.84078979490
1231,Palakkad,N,N,Y,DF,260,14,3640.00000000000,0,N,N,BRS,BRS,,,76.57710900000,10.88234900000,5,25.78625106810
1232,Palakkad,Y,N,N,DF,0,0,4786.96443000000,0,N,N,BRS,BRS,,,76.57983600000,10.88462500000,7,39.19969558720
1233,Palakkad,Y,N,N,DF,0,0,923.27115800000,0,N,N,BRS,BRS,,,76.62062300000,10.92308200000,7,39.30662536620
1234,Palakkad,N,N,Y,DF,211,14,2954.00000000000,0,N,N,BRS,BRS,,,76.62143300000,10.92458700000,6,34.56998825070
1235,Palakkad,Y,N,N,DF,0,0,9468.09800700000,0,N,N,BRS,BRS,,,76.64670200000,10.93185500000,7,37.58448028560
1236,Palakkad,Y,N,N,DF,0,0,558.16479600000,0,N,N,BRS,BRS,,,76.64578500000,10.93190000000,6,34.36069488530
1237,Palakkad,Y,N,N,DF,0,0,525.59187400000,0,N,N,BRS,BRS,,,76.64289100000,10.93196500000,9,55.93590545650
1238,Palakkad,Y,N,N,DF,0,0,479.42167600000,0,N,N,BRS,BRS,,,76.62846700000,10.93449900000,7,36.20532226560
1239,Palakkad,Y,N,N,DF,0,0,479.42167600000,0,N,N,BRS,BRS,,,76.62880800000,10.93439000000,7,39.49462127690
1240,Palakkad,Y,N,N,DF,0,0,479.42167600000,0,N,N,BRS,BRS,,,76.62883200000,10.93375000000,9,54.80534362790
1241,Palakkad,Y,N,N,DF,0,0,479.42167600000,0,N,N,BRS,BRS,,,76.62928300000,10.93394200000,9,55.29618835450
1242,Palakkad,Y,N,N,DF,0,0,479.42167600000,0,N,N,BRS,BRS,,,76.62975000000,10.93355900000,9,56.93145370480
1243,Palakkad,Y,N,N,DF,0,0,3533.16786900000,0,N,N,BRS,BRS,,,76.68405800000,10.99614600000,6,33.95459747310
1244,Palakkad,N,N,Y,DF,0,0,7119.62494700000,0,N,N,BRS,BRS,,,76.39842000000,11.05771800000,7,36.58867645260
1245,Palakkad,Y,N,N,DF,0,0,3141.32238600000,0,N,N,BRS,BRS,,,76.39549300000,11.05163000000,4,23.81869506840
1246,Palakkad,Y,N,N,DF,0,0,2086.57082800000,0,N,N,BRS,BRS,,,76.48938900000,11.07123000000,3,19.66936492920
1247,Palakkad,Y,N,N,DF,0,0,1088.75391800000,0,N,N,BRS,BRS,,,76.47265400000,11.07422400000,7,35.21232986450
1248,Palakkad,Y,N,N,DF,0,0,8788.07690800000,0,N,N,BRS,BRS,,,76.45372900000,11.08804800000,4,23.17464637760
1249,Palakkad,Y,N,N,DF,0,0,984.05392500000,0,N,N,BRS,BRS,,,76.45486800000,11.08695800000,5,25.92011451720
1250,Palakkad,Y,N,N,DF,0,0,2765.07689200000,0,N,N,BRS,BRS,,,76.44515000000,11.08900400000,3,15.21531009670
1251,Palakkad,Y,N,N,DF,0,0,2734.10434800000,0,N,N,BRS,BRS,,,76.44122600000,11.08800600000,7,39.41423034670
1252,Palakkad,Y,N,N,DF,0,0,5631.84765700000,0,N,N,BRS,BRS,,,76.44229700000,11.10826200000,3,18.38673591610
1253,Palakkad,Y,N,N,DF,0,0,645.55316300000,0,N,N,BRS,BRS,,,76.46162300000,11.15488800000,6,32.88505554200
1254,Palakkad,Y,N,N,DF,0,0,614.65936900000,0,N,N,BRS,BRS,,,76.42736500000,11.19570800000,7,38.34915542600
1255,Palakkad,Y,N,N,DF,0,0,4388.34227200000,0,N,N,BRS,BRS,,,76.67644900000,10.41583300000,7,35.08311843870
1256,Palakkad,Y,N,N,DF,0,0,3164.21604200000,0,N,N,BRS,BRS,,,76.62402500000,10.42795800000,8,40.09101867680
1257,Palakkad,Y,N,N,DF,0,0,2254.14784900000,0,N,N,BRS,BRS,,,76.62459400000,10.44849100000,3,17.37356948850
1258,Palakkad,N,Y,N,DF,0,0,0.00000000000,0,N,N,BRS,BRS,,,76.49044100000,10.48584100000,8,41.84623718260
1259,Palakkad,N,Y,N,DF,160,21,3360.00000000000,0,N,N,BRS,BRS,,,76.49942700000,10.49436000000,6,34.24098968510
1260,Palakkad,Y,Y,N,DF,413,18,7434.00000000000,0,N,N,BRS,BRS,,,76.53670800000,10.62490000000,6,30.88189315800
1261,Palakkad,N,Y,N,DF,180,32,5760.00000000000,0,N,N,BRS,BRS,,,76.53591700000,10.62554100000,4,24.21620941160
1262,Palakkad,N,Y,N,DF,0,0,0.00000000000,0,N,N,BRS,BRS,,,76.53779200000,10.62108500000,5,28.87520599370
1263,Palakkad,Y,Y,N,DF,359,27,20023.98158000000,0,N,N,BRS,BRS,,,76.53546700000,10.62534800000,7,39.22170639040
1264,Palakkad,Y,Y,N,DF,284,37,20023.98158000000,0,N,N,BRS,BRS,,,76.53529300000,10.62634300000,7,35.94050979610
1265,Palakkad,Y,Y,N,DF,177,15,2655.00000000000,0,N,N,BRS,BRS,,,76.53293800000,10.62691000000,3,17.67921447750
1266,Palakkad,N,Y,N,DF,67,8,536.00000000000,0,N,N,BRS,BRS,,,76.53083200000,10.62786900000,6,30.34068489070
1267,Palakkad,Y,Y,N,DF,198,15,2970.00000000000,0,N,N,BRS,BRS,,,76.53186500000,10.62805800000,9,49.05468750000
1268,Palakkad,Y,Y,N,DF,0,0,7112.85444800000,0,N,N,BRS,BRS,,,76.71489800000,10.51484400000,9,48.97100067140
1269,Palakkad,Y,N,N,DF,0,0,1273.62598900000,0,N,N,BUI,BUI,,,76.66836700000,10.45478400000,4,20.17996788020
1270,Palakkad,Y,N,N,SS,0,0,593.22266500000,0,N,N,BUI,BUI,,,76.59687300000,11.07351400000,2,12.15853309630
1271,Palakkad,N,Y,N,DF,0,0,0.00000000000,0,N,N,BUI,BUI,,,76.58060200000,11.04536500000,3,15.64735221860
1272,Palakkad,N,Y,N,DF,0,0,0.00000000000,0,N,N,BUI,BUI,,,76.58101000000,11.04761500000,3,16.98032569890
1273,Palakkad,N,Y,N,DF,0,0,0.00000000000,0,N,N,BUI,BUI,,,76.57190800000,10.95602100000,3,15.80295848850
1274,Palakkad,N,Y,N,DF,29,17,493.00000000000,0,N,N,BUI,BUI,,Built up increased,76.51381000000,10.62590400000,1,5.55691051483
1275,Palakkad,Y,Y,N,DF,0,0,45906.40482000000,0,N,N,BUI,BUI,,,76.66417900000,10.45081400000,1,2.99014973640
1276,Palakkad,N,Y,N,DF,0,0,0.00000000000,0,N,N,BUI,BUI,,,76.67035000000,10.45663500000,4,20.95981407170
1277,Palakkad,N,Y,N,DF,0,0,0.00000000000,0,N,N,BUI,BUI,,,76.66926000000,10.45630000000,6,34.16231536870
1278,Palakkad,Y,Y,N,DF,0,0,5388.11561500000,0,N,N,BUI,BUI,,,76.66476800000,10.45774900000,5,27.52961158750
1279,Palakkad,N,Y,N,DF,0,0,0.00000000000,0,N,N,BUI,BUI,,Built up increased,76.66986000000,10.45381200000,4,22.79869651790
1280,Palakkad,N,Y,N,DF,0,0,0.00000000000,0,N,N,BUI,BUI,,Built up increased,76.66909300000,10.45312000000,2,14.49822616580
1281,Palakkad,N,Y,N,DF,0,0,0.00000000000,0,N,N,BUI,BUI,,Built up increased,76.66855200000,10.45275000000,4,21.59033203130
1282,Palakkad,N,Y,N,DF,0,0,0.00000000000,0,N,N,BUI,BUI,,Built up increased,76.66850500000,10.45264000000,4,21.59033203130
1283,Palakkad,N,Y,N,DF,0,0,0.00000000000,0,N,N,BUI,BUI,,Built up increased,76.66623200000,10.45152300000,3,19.84073066710
1284,Palakkad,Y,Y,N,DF,0,0,10535.62625000000,0,N,N,FNO,BUI,,Built up increased,76.71426700000,10.51601300000,4,21.66604804990
1285,Palakkad,Y,Y,N,DF,41,13,533.00000000000,0,N,N,FNO,BUI,,,76.71484200000,10.51631800000,5,29.38390731810
1286,Palakkad,Y,N,N,SS,0,0,419.15262100000,0,N,N,CSB,CSB,2,Mining Area,76.77155700000,10.86110000000,5,25.41275596620
1287,Palakkad,Y,N,N,DF,0,0,353.83043900000,0,C,N,CSV,CSV,,,76.59130000000,10.97755000000,2,11.03506851200
1288,Palakkad,N,Y,N,DF,0,0,0.00000000000,0,N,FCP,FCP,FCP,,,76.45340800000,10.85504700000,3,16.02829933170
1289,Palakkad,N,Y,N,DF,0,0,0.00000000000,0,N,FCP,FCP,FCP,,Plantation removed,76.45810600000,10.85476600000,4,24.29986953740
1290,Palakkad,N,Y,N,DF,91,10,910.00000000000,0,N,FCP,FCP,FCP,,,76.43992300000,11.04292600000,4,22.40354537960
1291,Palakkad,N,Y,N,DF,0,0,0.00000000000,0,N,FCP,FCP,FCP,,,76.52382200000,10.51333700000,4,24.68751335140
1292,Palakkad,N,Y,N,DF,0,0,0.00000000000,0,N,FCP,FCP,FCP,,,76.56507800000,10.46780100000,4,24.46413612370
1293,Palakkad,Y,N,N,DF,0,0,1509.29915000000,0,N,N,FDN,FDN,,,76.68997900000,10.47928200000,5,27.51213264470
1294,Palakkad,Y,N,N,DF,0,0,5147.61423800000,0,N,N,FDN,FDN,,,76.77062100000,10.55995400000,7,37.46355438230
1295,Palakkad,Y,N,N,SS,0,0,5103.81578800000,0,N,N,FDN,FDN,,,76.66386400000,10.54186500000,4,22.04735946660
1296,Palakkad,Y,N,N,SS,0,0,3590.95408700000,0,N,N,FDN,FDN,,,76.82423200000,10.52984900000,3,15.88791465760
1297,Palakkad,Y,N,N,SS,0,0,1110.45066100000,0,N,N,FDN,FDN,,,76.82220700000,10.52938000000,1,1.66223752499
1298,Palakkad,Y,N,N,DF,0,0,683.80356000000,0,C,N,FDN,FDN,,Vegetation Removal Found,76.64596800000,10.52696100000,7,36.42187500000
1299,Palakkad,Y,N,N,DF,0,0,18982.15941000000,0,N,N,FDN,FDN,,Vegetation Removal,76.78048600000,10.52693500000,4,23.44102859500
1300,Palakkad,Y,N,N,DF,0,0,18982.15941000000,0,N,N,FDN,FDN,,Vegetation Removal,76.78005900000,10.52676200000,5,26.24768447880
1301,Palakkad,Y,N,N,DF,0,0,18982.15941000000,0,N,N,FDN,FDN,,,76.77801200000,10.52500400000,2,14.85339260100
1302,Palakkad,Y,N,N,DF,0,0,703.97487700000,0,C,N,FDN,FDN,2,,76.64686300000,10.52547400000,4,24.63369750980
1303,Palakkad,Y,N,N,DF,0,0,2110.13626300000,0,N,N,FDN,FDN,,Vegetation Decreased,76.81975300000,10.52166500000,4,21.12586975100
1304,Palakkad,Y,N,N,DF,0,0,7794.00554100000,0,N,N,FDN,FDN,,,76.75294700000,10.49951800000,3,19.31074905400
1305,Palakkad,Y,N,N,DF,0,0,8904.38461500000,0,N,N,FDN,FDN,,,76.50998800000,10.49469800000,7,37.22937774660
1306,Palakkad,Y,N,N,DF,0,0,1332.16237600000,0,N,N,FDN,FDN,,,76.56910000000,10.48896300000,8,42.64501571660
1307,Palakkad,N,N,Y,DF,480,20,9600.00000000000,0,N,N,FDN,FDN,,,76.56899300000,10.48564700000,6,30.43863677980
1308,Palakkad,Y,N,N,DF,0,0,1985.32937000000,0,N,N,FDN,FDN,,,76.64659600000,10.41869000000,5,28.15947151180
1309,Palakkad,Y,N,N,SS,0,0,2017.00783700000,0,N,N,FDN,FDN,,,76.63723300000,10.42270600000,2,11.55542755130
1310,Palakkad,Y,N,N,DF,0,0,1519.38109800000,0,N,N,FDN,FDN,,,76.67656100000,10.43903800000,2,14.06748104100
1311,Palakkad,Y,N,N,SS,0,0,1763.24280900000,0,N,N,FDN,FDN,,,76.66297800000,10.44050300000,6,30.06703567500
1312,Palakkad,Y,N,N,DF,0,0,12095.17764000000,0,N,N,FDN,FDN,,,76.62358300000,10.45030100000,4,21.16493606570
1313,Palakkad,Y,N,N,SS,0,0,1222.00319000000,0,N,N,FDN,FDN,,,76.64651500000,10.45471400000,3,18.12553977970
1314,Palakkad,Y,N,N,DF,0,0,508.75753500000,0,N,N,FDN,FDN,,,76.60342200000,10.45754500000,7,37.49605178830
1315,Palakkad,Y,N,N,DF,0,0,966.62682700000,0,N,N,FDN,FDN,,,76.63435400000,10.45964500000,5,26.93818855290
1316,Palakkad,N,N,Y,DF,101,11,1111.00000000000,0,N,N,FDN,FDN,,,76.63376300000,10.46245000000,6,34.21868896480
1317,Palakkad,Y,N,N,DF,0,0,529.79688700000,0,N,N,FDN,FDN,,,76.63373600000,10.45971000000,6,30.42275810240
1318,Palakkad,Y,N,N,DF,0,0,1099.07239800000,0,N,N,FDN,FDN,,,76.63948100000,10.46062100000,4,22.40154266360
1319,Palakkad,Y,N,N,DF,0,0,1386.08864900000,0,N,N,FDN,FDN,,,76.63027900000,10.46622100000,4,22.68708801270
1320,Palakkad,Y,N,N,DF,0,0,377.15105100000,0,N,N,FDN,FDN,,,76.65024300000,10.46842300000,3,19.90684127810
1321,Palakkad,Y,N,N,SS,0,0,705.64593300000,0,N,N,FDN,FDN,,,76.56774100000,10.47625700000,7,35.24697875980
1322,Palakkad,Y,N,N,DF,0,0,1354.58942200000,0,N,N,FDN,FDN,,,76.65886200000,10.47645100000,7,38.59701538090
1323,Palakkad,Y,N,N,DF,0,0,954.82880300000,0,N,N,FDN,FDN,,,76.65577000000,10.48614600000,5,29.44235801700
1324,Palakkad,Y,N,N,DF,0,0,1834.11810300000,0,N,N,FDN,FDN,,,76.71541100000,10.49276500000,4,24.33888053890
1325,Palakkad,Y,N,N,DF,0,0,1124.93677000000,0,N,N,FDN,FDN,,,76.60361600000,10.49321100000,7,35.77474594120
1326,Palakkad,Y,N,N,DF,0,0,2357.75709900000,0,N,N,FDN,FDN,,,76.72429200000,10.50015000000,5,25.30635261540
1327,Palakkad,Y,N,N,DF,240,20,4800.00000000000,0,N,N,FDN,FDN,,,76.72614000000,10.50897600000,4,20.84514427190
1328,Palakkad,Y,N,N,DF,0,0,2889.68582800000,0,N,N,FDN,FDN,,,76.58674300000,10.50162600000,4,22.97718429570
1329,Palakkad,Y,N,N,DF,0,0,2157.81798300000,0,N,N,FDN,FDN,,,76.62627200000,10.50258600000,7,39.08486557010
1330,Palakkad,Y,N,N,DF,0,0,1839.72406400000,0,N,N,FDN,FDN,,,76.46356100000,10.50461100000,3,15.26147937770
1331,Palakkad,Y,N,N,DF,0,0,2137.06507700000,0,N,N,FDN,FDN,,,76.61996500000,10.51087700000,5,29.13217353820
1332,Palakkad,Y,N,N,DF,0,0,748.49033500000,0,N,N,FDN,FDN,,,76.59086200000,10.51195400000,4,22.99261093140
1333,Palakkad,Y,N,N,DF,0,0,2820.30969300000,0,N,N,FDN,FDN,,,76.62193900000,10.51677200000,6,33.95163726810
1334,Palakkad,Y,N,N,DF,0,0,15034.37063000000,0,N,N,FDN,FDN,,,76.62569400000,10.51439500000,3,15.59613609310
1335,Palakkad,Y,N,N,DF,0,0,12975.36376000000,0,N,N,FDN,FDN,,,76.60042200000,10.51484300000,5,27.44202423100
1336,Palakkad,Y,N,N,DF,0,0,477.69606500000,0,N,N,FDN,FDN,,,76.61763300000,10.51959300000,4,24.93346214290
1337,Palakkad,Y,N,N,DF,0,0,628.54802100000,0,N,N,FDN,FDN,,,76.61644000000,10.52102300000,4,24.32825088500
1338,Palakkad,Y,N,N,DF,0,0,5188.86697000000,0,N,N,FDN,FDN,,,76.77564400000,10.52143300000,5,29.38260650630
1339,Palakkad,Y,N,N,DF,0,0,1111.07944300000,0,N,N,FDN,FDN,,,76.73352500000,10.52315500000,5,25.88312911990
1340,Palakkad,Y,N,N,SS,0,0,946.32458500000,0,N,N,FDN,FDN,,,76.61530000000,10.52394900000,8,42.95748138430
1341,Palakkad,Y,N,N,DF,0,0,905.11023400000,0,N,N,FDN,FDN,,,76.61346600000,10.52446400000,5,29.58051300050
1342,Palakkad,Y,N,N,DF,0,0,543.23555000000,0,N,N,FDN,FDN,,,76.64418900000,10.52854400000,6,34.24195861820
1343,Palakkad,Y,N,N,DF,0,0,4902.67942900000,0,N,N,FDN,FDN,,,76.65542300000,10.52732500000,8,40.90441513060
1344,Palakkad,Y,N,N,DF,0,0,10320.77085700000,0,C,N,FDN,FDN,,,76.65294700000,10.52368700000,7,35.13822937010
1345,Palakkad,Y,N,N,DF,0,0,6411.20350400000,0,N,N,FDN,FDN,,,76.65506400000,10.52251100000,5,25.95380973820
1346,Palakkad,Y,N,N,SS,0,0,1558.80396600000,0,N,N,FDN,FDN,,,76.65604400000,10.52558000000,5,26.11966514590
1347,Palakkad,Y,N,N,DF,0,0,19459.86375000000,0,N,N,FDN,FDN,,,76.64116900000,10.52252800000,7,37.19391250610
1348,Palakkad,Y,N,N,DF,0,0,7324.31307000000,0,N,N,FDN,FDN,,,76.63734100000,10.52641500000,5,29.14669990540
1349,Palakkad,Y,N,N,DF,0,0,2765.61786200000,0,N,N,FDN,FDN,,,76.64005300000,10.52679000000,7,36.53158569340
1350,Palakkad,Y,N,N,DF,0,0,3793.13362400000,0,N,N,FDN,FDN,,,76.64406100000,10.53333400000,7,38.95548248290
1351,Palakkad,Y,N,N,DF,0,0,3935.38406600000,0,N,N,FDN,FDN,,,76.64122700000,10.53339300000,7,35.81348800660
1352,Palakkad,Y,N,N,DF,0,0,2015.91494000000,0,N,N,FDN,FDN,,,76.61411400000,10.53558600000,4,23.74718284610
1353,Palakkad,Y,N,N,DF,0,0,1206.81189000000,0,N,N,FDN,FDN,,,76.65919800000,10.53943900000,5,29.46179389950
1354,Palakkad,Y,N,N,DF,0,0,1282.23749200000,0,N,N,FDN,FDN,,,76.72051500000,10.54183500000,5,29.75064659120
1355,Palakkad,Y,N,N,DF,0,0,2061.63922400000,0,N,N,FDN,FDN,,,76.65037100000,10.54318400000,3,15.52215671540
1356,Palakkad,Y,N,N,DF,0,0,829.68513300000,0,N,N,FDN,FDN,,,76.64614200000,10.54650900000,3,19.37926864620
1357,Palakkad,Y,N,N,DF,0,0,967.81657500000,0,N,N,FDN,FDN,,,76.73396000000,10.54542300000,5,29.73409461980
1358,Palakkad,Y,N,N,DF,0,0,1141.63440600000,0,N,N,FDN,FDN,,,76.73254900000,10.54432500000,4,21.70795249940
1359,Palakkad,Y,N,N,DF,0,0,1238.86269500000,0,N,N,FDN,FDN,,,76.73619800000,10.54677300000,6,34.73814010620
1360,Palakkad,Y,N,N,DF,0,0,1206.81414600000,0,N,N,FDN,FDN,,,76.73525500000,10.54564900000,6,30.61712646480
1361,Palakkad,Y,N,N,SS,0,0,754.25928000000,0,N,N,FDN,FDN,,,76.73073800000,10.54319500000,6,33.49967193600
1362,Palakkad,Y,N,N,DF,0,0,1684.51372100000,0,N,N,FDN,FDN,,,76.72873700000,10.54747700000,5,27.06148529050
1363,Palakkad,Y,N,N,DF,0,0,7416.87552500000,0,N,N,FDN,FDN,,,76.74393100000,10.54453400000,6,30.89496040340
1364,Palakkad,Y,N,N,DF,0,0,13135.79816200000,0,N,N,FDN,FDN,,,76.74451100000,10.54676900000,3,18.51686096190
1365,Palakkad,Y,N,N,DF,0,0,5053.53464400000,0,N,N,FDN,FDN,,,76.74366100000,10.54259600000,3,17.57161521910
1366,Palakkad,Y,N,N,DF,0,0,2815.89825400000,0,N,N,FDN,FDN,,,76.67546600000,10.54820700000,5,26.38563728330
1367,Palakkad,Y,N,N,DF,0,0,527.98097000000,0,N,N,FDN,FDN,,,76.67553300000,10.54706100000,4,22.69887351990
1368,Palakkad,Y,N,N,DF,0,0,1048.31847900000,0,N,N,FDN,FDN,,,76.80501700000,10.54910400000,7,35.82755661010
1369,Palakkad,Y,N,N,DF,0,0,2022.74684000000,0,N,N,FDN,FDN,,,76.80042300000,10.54974500000,6,34.82717514040
1370,Palakkad,Y,N,N,DF,0,0,1823.33812700000,0,N,N,FDN,FDN,,,76.78784500000,10.55324900000,6,34.06466293330
1371,Palakkad,Y,N,N,DF,0,0,1823.33812700000,0,N,N,FDN,FDN,,,76.78723300000,10.55654900000,8,41.26160812380
1372,Palakkad,Y,N,N,DF,0,0,1305.44331900000,0,N,N,FDN,FDN,,,76.65106400000,10.55484600000,6,30.77099227910
1373,Palakkad,Y,N,N,DF,0,0,972.22655700000,0,N,N,FDN,FDN,,,76.67554300000,10.56177900000,4,22.74984359740
1374,Palakkad,Y,N,N,DF,0,0,584.53798300000,0,N,N,FDN,FDN,,,76.66995800000,10.56150400000,4,23.93535804750
1375,Palakkad,Y,N,N,DF,0,0,1005.67803700000,0,N,N,FDN,FDN,,,76.66838200000,10.56165500000,5,29.38000297550
1376,Palakkad,Y,N,N,DF,0,0,355.02796400000,0,N,N,FDN,FDN,,,76.74607800000,10.56226000000,5,26.84586334230
1377,Palakkad,Y,N,N,DF,0,0,2463.90743100000,0,N,N,FDN,FDN,,,76.67882100000,10.56062700000,4,24.40074729920
1378,Palakkad,Y,N,N,DF,171,45,7695.00000000000,0,N,N,FDN,FDN,,,76.65250400000,10.56231600000,4,20.72514343260
1379,Palakkad,Y,N,N,DF,326,17,5542.00000000000,0,N,N,FDN,FDN,,,76.64449100000,10.56293700000,3,18.76089859010
1380,Palakkad,Y,N,N,DF,0,0,19233.59071000000,0,N,N,FDN,FDN,,,76.68857900000,10.56177900000,6,33.93190002440
1381,Palakkad,Y,N,N,DF,0,0,18856.46220000000,0,N,N,FDN,FDN,,,76.69643600000,10.56647900000,8,41.02988052370
1382,Palakkad,Y,N,N,DF,0,0,1637.24955000000,0,N,N,FDN,FDN,,,76.74124400000,10.83091200000,4,20.81855964660
1383,Palakkad,Y,N,N,DF,0,0,900.52923000000,0,N,N,FDN,FDN,,,76.76193800000,10.83460600000,5,29.40341377260
1384,Palakkad,Y,N,N,DF,0,0,18777.97509000000,0,N,N,FDN,FDN,,,76.77212400000,10.83613900000,5,25.65780639650
1385,Palakkad,Y,N,N,SS,0,0,389.67132700000,0,N,N,FDN,FDN,,,76.74103700000,10.84155900000,4,22.64182662960
1386,Palakkad,Y,N,N,DF,0,0,307.62815100000,0,N,N,FDN,FDN,,,76.76163800000,10.84503800000,7,36.60961532590
1387,Palakkad,Y,N,N,DF,0,0,932.19347200000,0,N,N,FDN,FDN,,,76.77486400000,10.84804700000,6,32.36647796630
1388,Palakkad,Y,N,N,DF,0,0,2751.61459600000,0,N,N,FDN,FDN,,,76.73901100000,10.84636600000,7,35.09415435790
1389,Palakkad,Y,N,N,DF,0,0,579.58683200000,0,N,N,FDN,FDN,,,76.77849900000,10.84997700000,5,27.50046730040
1390,Palakkad,Y,N,N,SS,0,0,382.99677400000,0,N,N,FDN,FDN,,,76.76209000000,10.85108000000,3,18.62783241270
1391,Palakkad,Y,N,N,DF,0,0,617.77465100000,0,N,N,FDN,FDN,,,76.76369300000,10.85078000000,6,30.29518318180
1392,Palakkad,Y,N,N,DF,0,0,553.63218300000,0,N,N,FDN,FDN,,,76.76038700000,10.85168500000,5,26.16403198240
1393,Palakkad,Y,N,N,DF,0,0,548.64608700000,0,N,N,FDN,FDN,,,76.75741100000,10.85078100000,4,21.68282318120
1394,Palakkad,Y,N,N,DF,0,0,514.70564100000,0,N,N,FDN,FDN,,,76.75650000000,10.85088900000,3,15.65054607390
1395,Palakkad,Y,N,N,DF,0,0,482.71968600000,0,N,N,FDN,FDN,,,76.77865100000,10.85266700000,6,30.20133018490
1396,Palakkad,Y,N,N,DF,0,0,1402.79311100000,0,N,N,FDN,FDN,,,76.77783700000,10.85152800000,3,19.76481246950
1397,Palakkad,Y,N,N,DF,0,0,401.05348400000,0,N,N,FDN,FDN,,,76.74352300000,10.85279500000,1,9.77441978455
1398,Palakkad,Y,N,N,DF,0,0,709.67172900000,0,N,N,FDN,FDN,,,76.74484400000,10.85448200000,8,42.74164581300
1399,Palakkad,Y,N,N,DF,0,0,1031.27115100000,0,N,N,FDN,FDN,,,76.74182200000,10.85035500000,6,32.76992416380
1400,Palakkad,Y,N,N,DF,0,0,709.67172900000,0,N,N,FDN,FDN,,,76.74284400000,10.85366600000,6,31.72748374940
1401,Palakkad,Y,N,N,DF,0,0,304.84015300000,0,N,N,FDN,FDN,,,76.74179700000,10.85358800000,4,24.74287796020
1402,Palakkad,Y,N,N,DF,0,0,916.69522900000,0,N,N,FDN,FDN,,,76.73798900000,10.85359800000,7,35.22510528560
1403,Palakkad,Y,N,N,DF,0,0,576.07000100000,0,N,N,FDN,FDN,,,76.76022900000,10.85584900000,4,24.12313842770
1404,Palakkad,Y,N,N,DF,0,0,486.07618200000,0,N,N,FDN,FDN,,,76.76020600000,10.85484400000,1,9.92548847198
1405,Palakkad,Y,N,N,DF,0,0,211.70558200000,0,N,N,FDN,FDN,,,76.73718300000,10.86035000000,3,18.47275161740
1406,Palakkad,Y,N,N,DF,0,0,250.35628700000,0,N,N,FDN,FDN,,,76.75224000000,10.85596700000,5,27.90386390690
1407,Palakkad,Y,N,N,SS,0,0,250.35628700000,0,N,N,FDN,FDN,,,76.75082200000,10.85610800000,4,22.37751197810
1408,Palakkad,Y,N,N,DF,0,0,945.39176500000,0,N,N,FDN,FDN,,,76.76233100000,10.85698900000,4,20.35017585750
1409,Palakkad,Y,N,N,DF,0,0,945.39176500000,0,N,N,FDN,FDN,,,76.76334600000,10.85757000000,5,27.58049011230
1410,Palakkad,Y,N,N,DF,0,0,689.72613900000,0,N,N,FDN,FDN,,,76.74811500000,10.85701400000,4,22.11068916320
1411,Palakkad,Y,N,N,DF,0,0,689.72613900000,0,N,N,FDN,FDN,,,76.74873900000,10.85690900000,3,17.57161521910
1412,Palakkad,Y,N,N,DF,0,0,787.20288900000,0,N,N,FDN,FDN,,,76.75720100000,10.85761600000,5,27.84112358090
1413,Palakkad,Y,N,N,SS,0,0,845.10911900000,0,N,N,FDN,FDN,,,76.78016200000,10.85803900000,6,33.15128326420
1414,Palakkad,Y,N,N,SS,0,0,867.60414800000,0,N,N,FDN,FDN,,,76.77757700000,10.85915700000,6,34.25745010380
1415,Palakkad,Y,N,N,DF,0,0,1582.11729500000,0,N,N,FDN,FDN,,,76.78304700000,10.85965300000,6,34.17983245850
1416,Palakkad,Y,N,N,DF,0,0,814.33290100000,0,N,N,FDN,FDN,,,76.74851200000,10.85977000000,6,30.68461799620
1417,Palakkad,Y,N,N,DF,0,0,1015.50694500000,0,N,N,FDN,FDN,,,76.75858900000,10.85986200000,6,34.03918075560
1418,Palakkad,Y,N,N,SS,0,0,1015.50694500000,0,N,N,FDN,FDN,,,76.75941500000,10.86221900000,6,32.91239929200
1419,Palakkad,Y,N,N,DF,0,0,1096.81977500000,0,N,N,FDN,FDN,,,76.75506700000,10.86133400000,6,31.52411079410
1420,Palakkad,Y,N,N,SS,0,0,419.15262100000,0,N,N,FDN,FDN,2,Mining Area,76.77148400000,10.86147700000,4,23.26962089540
1421,Palakkad,Y,N,N,SS,0,0,319.81608400000,0,N,N,FDN,FDN,2,Mining Area,76.77193400000,10.86163200000,5,25.65780639650
1422,Palakkad,Y,N,N,SS,0,0,459.44944500000,0,N,N,FDN,FDN,,,76.62900400000,10.86661600000,4,24.51852035520
1423,Palakkad,Y,N,N,SS,0,0,651.52874000000,0,N,N,FDN,FDN,,,76.62586400000,10.86594900000,5,25.90404510500
1424,Palakkad,Y,N,N,SS,0,0,459.44944500000,0,N,N,FDN,FDN,,,76.62874500000,10.86634700000,5,28.03851699830
1425,Palakkad,Y,N,N,SS,0,0,489.55394600000,0,N,N,FDN,FDN,,,76.63231100000,10.86942200000,2,14.91105365750
1426,Palakkad,Y,N,N,SS,0,0,459.44944500000,0,N,N,FDN,FDN,,,76.62815600000,10.86598000000,6,32.37191009520
1427,Palakkad,Y,N,N,SS,0,0,1146.91241600000,0,N,N,FDN,FDN,,,76.62676300000,10.86858500000,5,26.26499176030
1428,Palakkad,Y,N,N,DF,0,0,642.68506700000,0,N,N,FDN,FDN,,,76.62158300000,10.86945800000,3,17.32290840150
1429,Palakkad,Y,N,N,SS,0,0,556.46859400000,0,N,N,FDN,FDN,,,76.62609500000,10.87705400000,6,31.84562301640
1430,Palakkad,Y,N,N,SS,0,0,334.93349700000,0,N,N,FDN,FDN,,,76.61458900000,10.88068200000,4,21.94672584530
1431,Palakkad,Y,N,N,DF,0,0,1835.88533900000,0,N,N,FDN,FDN,,,76.61693400000,10.88974500000,6,30.74584579470
1432,Palakkad,N,N,Y,DF,270,30,8100.00000000000,0,N,N,FDN,FDN,,,76.61892800000,10.89277200000,7,38.77836608890
1433,Palakkad,Y,N,N,DF,0,0,2684.38947700000,0,N,N,FDN,FDN,,,76.62552800000,10.90513600000,4,21.40580177310
1434,Palakkad,N,N,Y,SS,64,34,2176.00000000000,0,N,N,FDN,FDN,,,76.63389100000,10.90334200000,6,32.47474670410
1435,Palakkad,Y,N,N,SS,0,0,3549.16658600000,0,N,N,FDN,FDN,,,76.62816900000,10.91928400000,5,26.99844932560
1436,Palakkad,Y,N,N,SS,0,0,1601.67964900000,0,N,N,FDN,FDN,,,76.64080600000,10.92187700000,7,37.62694168090
1437,Palakkad,Y,N,N,SS,0,0,1431.21852600000,0,N,N,FDN,FDN,,,76.63697000000,10.92274000000,5,28.84431457520
1438,Palakkad,Y,N,N,DF,0,0,789.57300200000,0,N,N,FDN,FDN,,,76.61984300000,10.92106500000,4,23.56977272030
1439,Palakkad,Y,N,N,DF,0,0,4287.53397800000,0,N,N,FDN,FDN,,,76.61954700000,10.92230600000,9,45.72378540040
1440,Palakkad,N,N,Y,DF,203,22,4466.00000000000,0,N,N,FDN,FDN,,,76.61921900000,10.92231800000,8,42.06705474850
1441,Palakkad,N,N,Y,DF,207,20,4140.00000000000,0,N,N,FDN,FDN,,,76.61863300000,10.92471100000,6,32.92500305180
1442,Palakkad,Y,N,N,DF,0,0,486.32035100000,0,N,N,FDN,FDN,,,76.62886600000,10.92834900000,4,20.23307800290
1443,Palakkad,Y,N,N,DF,0,0,450.84446700000,0,N,N,FDN,FDN,,,76.62332900000,10.93060300000,7,39.66658782960
1444,Palakkad,Y,N,N,DF,0,0,974.39289900000,0,N,N,FDN,FDN,,,76.62509600000,10.93179700000,8,40.09101867680
1445,Palakkad,Y,N,N,DF,0,0,974.39289900000,0,N,N,FDN,FDN,,,76.62625800000,10.93100100000,6,33.95163726810
1446,Palakkad,Y,N,N,DF,0,0,1067.82011600000,0,N,N,FDN,FDN,,,76.65809600000,10.93188700000,1,9.89869403839
1447,Palakkad,Y,N,N,DF,0,0,6635.71059800000,0,N,N,FDN,FDN,,,76.63046100000,10.93443600000,8,42.31658172610
1448,Palakkad,Y,N,N,DF,0,0,6635.71059800000,0,N,N,FDN,FDN,,,76.63102500000,10.93445500000,8,41.31806182860
1449,Palakkad,Y,N,N,DF,0,0,450.84446700000,0,N,N,FDN,FDN,,,76.61425000000,10.93737900000,5,25.35132598880
1450,Palakkad,Y,N,N,DF,0,0,12134.97723000000,0,N,N,FDN,FDN,,,76.60839600000,10.96058300000,6,31.28460121150
1451,Palakkad,Y,N,N,SS,0,0,963.11171500000,0,N,N,FDN,FDN,,,76.61465100000,10.96424200000,6,32.27388763430
1452,Palakkad,Y,N,N,SS,0,0,623.21640600000,0,N,N,FDN,FDN,,,76.61217300000,10.96634500000,6,34.28742980960
1453,Palakkad,Y,N,N,DF,0,0,1203.46708300000,0,N,N,FDN,FDN,,,76.58196800000,10.97420900000,7,38.28073883060
1454,Palakkad,Y,N,N,SS,0,0,1776.50546500000,0,N,N,FDN,FDN,,,76.66037400000,10.98584800000,1,9.55970764160
1455,Palakkad,Y,N,N,DF,0,0,2469.41159200000,0,N,N,FDN,FDN,,,76.47756800000,11.03691600000,4,20.98834609990
1456,Palakkad,Y,N,N,SS,0,0,658.05166100000,0,N,N,FDN,FDN,,,76.47697100000,11.08070300000,2,10.40011596680
1457,Palakkad,Y,N,N,DF,0,0,443.51529400000,0,N,N,FDN,FDN,,,76.46678900000,11.08465600000,2,11.92925167080
1458,Palakkad,Y,N,N,DF,0,0,876.64072600000,0,N,N,FDN,FDN,,,76.44967500000,11.08804700000,7,35.57159423830
1459,Palakkad,Y,N,N,DF,0,0,984.05392500000,0,N,N,FDN,FDN,,,76.45430900000,11.08583000000,5,26.13235473630
1460,Palakkad,Y,N,N,DF,0,0,5652.47562600000,0,N,N,FDN,FDN,,,76.41353600000,11.09434700000,7,35.38663864140
1461,Palakkad,N,N,Y,DF,382,40,15280.00000000000,0,N,N,FDN,FDN,,,76.40478800000,11.09720300000,8,42.60186767580
1462,Palakkad,N,N,Y,DF,286,24,6864.00000000000,0,N,N,FDN,FDN,,,76.41062300000,11.09559300000,5,27.25359725950
1463,Palakkad,N,N,Y,DF,162,41,6642.00000000000,0,N,N,FDN,FDN,,,76.41084400000,11.09593100000,5,27.18237495420
1464,Palakkad,N,N,Y,DF,555,43,23865.00000000000,0,N,N,FDN,FDN,,,76.41165100000,11.09743800000,7,36.64222335820
1465,Palakkad,N,N,Y,DF,360,38,13680.00000000000,0,N,N,FDN,FDN,,,76.40860700000,11.09883700000,5,26.09267044070
1466,Palakkad,Y,N,N,DF,0,0,5652.47562600000,0,N,N,FDN,FDN,,,76.40500300000,11.09027400000,8,40.96220779420
1467,Palakkad,Y,N,N,DF,0,0,5652.47562600000,0,N,N,FDN,FDN,,,76.40688400000,11.08895900000,5,28.64414024350
1468,Palakkad,Y,N,N,DF,0,0,5652.47562600000,0,N,N,FDN,FDN,,,76.40749500000,11.08999800000,6,32.59516906740
1469,Palakkad,Y,N,N,DF,0,0,5652.47562600000,0,N,N,FDN,FDN,,,76.40275600000,11.08619200000,5,25.66922950740
1470,Palakkad,Y,N,N,DF,0,0,5652.47562600000,0,N,N,FDN,FDN,,,76.40187000000,11.08544400000,5,27.84255218510
1471,Palakkad,Y,N,N,DF,0,0,2167.90077700000,0,N,N,FDN,FDN,,,76.44163100000,11.08769700000,9,46.21188735960
1472,Palakkad,Y,N,N,SS,0,0,394.74590900000,0,N,N,FDN,FDN,,,76.47486300000,11.08981800000,3,19.44503974910
1473,Palakkad,Y,N,N,SS,0,0,601.53676700000,0,N,N,FDN,FDN,,,76.47498900000,11.08848000000,2,12.59075927730
1474,Palakkad,Y,N,N,DF,0,0,566.54582600000,0,N,N,FDN,FDN,,,76.46977800000,11.09006600000,3,16.56947326660
1475,Palakkad,Y,N,N,DF,0,0,2248.85843200000,0,N,N,FDN,FDN,,,76.46875400000,11.09009900000,4,23.33576583860
1476,Palakkad,Y,N,N,DF,0,0,1094.96500600000,0,N,N,FDN,FDN,,,76.47128300000,11.08835700000,6,31.21369552610
1477,Palakkad,Y,N,N,DF,0,0,671.95187600000,0,N,N,FDN,FDN,,,76.47056100000,11.08920600000,5,26.68724823000
1478,Palakkad,Y,N,N,DF,0,0,10114.76854000000,0,N,N,FDN,FDN,,,76.38297000000,11.08926100000,7,36.39645004270
1479,Palakkad,Y,N,N,DF,0,0,1173.84597400000,0,N,N,FDN,FDN,,,76.48344700000,11.09292200000,6,31.89040756230
1480,Palakkad,Y,N,N,DF,0,0,1173.84597400000,0,N,N,FDN,FDN,,,76.48357000000,11.09190400000,5,26.56418228150
1481,Palakkad,N,N,Y,DF,242,8,1936.00000000000,0,N,N,FDN,FDN,,,76.48021000000,11.09103500000,4,22.77721977230
1482,Palakkad,N,N,Y,DF,244,8,1952.00000000000,0,N,N,FDN,FDN,,,76.47941000000,11.09339700000,3,17.53000831600
1483,Palakkad,Y,N,N,DF,205,15,2392.09535300000,0,N,N,FDN,FDN,,,76.47887700000,11.09326800000,3,15.27135086060
1484,Palakkad,Y,N,N,DF,0,0,3115.96990100000,0,N,N,FDN,FDN,,,76.45861300000,11.09063900000,5,29.16780662540
1485,Palakkad,Y,N,N,DF,0,0,1601.73873000000,0,N,N,FDN,FDN,,,76.45947400000,11.09034600000,6,30.04204559330
1486,Palakkad,Y,N,N,DF,0,0,778.81228700000,0,N,N,FDN,FDN,,,76.47221000000,11.09497000000,3,19.32300758360
1487,Palakkad,Y,N,N,DF,0,0,2306.10459700000,0,N,N,FDN,FDN,,,76.46445500000,11.09547000000,2,12.35367202760
1488,Palakkad,Y,N,N,DF,0,0,1341.90242500000,0,N,N,FDN,FDN,,,76.46617600000,11.09328600000,6,30.62074851990
1489,Palakkad,Y,N,N,DF,0,0,1341.90242500000,0,N,N,FDN,FDN,,,76.46446200000,11.09389500000,4,24.82556915280
1490,Palakkad,Y,N,N,DF,0,0,778.81228700000,0,N,N,FDN,FDN,,,76.46879900000,11.09511700000,4,24.80493545530
1491,Palakkad,Y,N,N,SS,0,0,2306.10459700000,0,N,N,FDN,FDN,,,76.46635400000,11.09661700000,2,12.08552074430
1492,Palakkad,Y,N,N,DF,0,0,5083.52183000000,0,N,N,FDN,FDN,,,76.47472600000,11.09552500000,7,39.49810791020
1493,Palakkad,Y,N,N,DF,0,0,670.52647100000,0,N,N,FDN,FDN,,,76.47606300000,11.09455800000,3,16.53665733340
1494,Palakkad,Y,N,N,DF,0,0,1542.90121900000,0,N,N,FDN,FDN,,,76.47665900000,11.09426700000,2,10.19963932040
1495,Palakkad,Y,N,N,DF,0,0,1173.84597400000,0,N,N,FDN,FDN,,,76.47686000000,11.09352800000,4,23.83515167240
1496,Palakkad,Y,N,N,DF,0,0,546.15199800000,0,N,N,FDN,FDN,,,76.49005100000,11.09919600000,6,34.01365280150
1497,Palakkad,Y,N,N,DF,0,0,627.09379400000,0,N,N,FDN,FDN,,,76.49233100000,11.09762500000,4,22.93855476380
1498,Palakkad,Y,N,N,SS,0,0,1123.42773800000,0,N,N,FDN,FDN,,,76.49525100000,11.10780600000,3,15.50601863860
1499,Palakkad,Y,N,N,DF,0,0,1334.64486200000,0,N,N,FDN,FDN,,,76.45921100000,11.10734700000,5,25.10325622560
1500,Palakkad,Y,N,N,DF,0,0,1334.64486200000,0,N,N,FDN,FDN,,,76.45963100000,11.10714500000,5,29.28995513920
1501,Palakkad,Y,N,N,DF,0,0,2097.09187300000,0,N,N,FDN,FDN,,,76.45950800000,11.10927100000,3,16.50076675420
1502,Palakkad,Y,N,N,DF,0,0,1055.19370100000,0,N,N,FDN,FDN,,,76.45824700000,11.10824300000,7,35.85915756230
1503,Palakkad,Y,N,N,DF,0,0,668.15417400000,0,N,N,FDN,FDN,,,76.45786000000,11.10807800000,6,32.79534530640
1504,Palakkad,Y,N,N,DF,0,0,529.52945600000,0,N,N,FDN,FDN,,,76.46122700000,11.10632700000,3,19.33035850520
1505,Palakkad,Y,N,N,DF,0,0,1190.48445400000,0,N,N,FDN,FDN,,,76.43814300000,11.10997100000,3,19.24929809570
1506,Palakkad,Y,N,N,DF,0,0,2969.29718600000,0,N,N,FDN,FDN,,,76.44228700000,11.10995700000,5,27.85397720340
1507,Palakkad,Y,N,N,DF,0,0,1811.29906500000,0,N,N,FDN,FDN,,,76.46369100000,11.11037400000,6,34.85985565190
1508,Palakkad,Y,N,N,SS,0,0,732.04523800000,0,N,N,FDN,FDN,,,76.49456700000,11.12547300000,5,27.42444992070
1509,Palakkad,Y,N,N,DF,0,0,3983.90355100000,0,N,N,FDN,FDN,,,76.45397900000,11.12342000000,7,35.26609420780
1510,Palakkad,Y,N,N,DF,0,0,1405.79048400000,0,N,N,FDN,FDN,,,76.45495200000,11.12351700000,6,32.00960922240
1511,Palakkad,Y,N,N,DF,0,0,1073.06314400000,0,N,N,FDN,FDN,,,76.45409300000,11.12398900000,7,36.56938934330
1512,Palakkad,Y,N,N,SS,0,0,1084.14284100000,0,N,N,FDN,FDN,,,76.45322800000,11.12273000000,6,30.67499351500
1513,Palakkad,Y,N,N,SS,0,0,771.93861800000,0,N,N,FDN,FDN,,,76.43131100000,11.12633500000,2,13.05826377870
1514,Palakkad,Y,N,N,SS,0,0,355.93587000000,0,N,N,FDN,FDN,,,76.47872300000,11.12696200000,5,27.34366416930
1515,Palakkad,Y,N,N,DF,0,0,1253.87998100000,0,N,N,FDN,FDN,,,76.47623900000,11.12914100000,6,31.07801437380
1516,Palakkad,Y,N,N,DF,0,0,1538.40632800000,0,N,N,FDN,FDN,,,76.46441200000,11.12987300000,3,16.91367530820
1517,Palakkad,Y,N,N,DF,0,0,1247.79540300000,0,N,N,FDN,FDN,,,76.44433300000,11.13040500000,4,21.71632003780
1518,Palakkad,Y,N,N,SS,0,0,807.99766800000,0,N,N,FDN,FDN,,,76.44362600000,11.12744100000,2,13.02267360690
1519,Palakkad,Y,N,N,SS,0,0,575.08439400000,0,N,N,FDN,FDN,,,76.44339000000,11.12825800000,7,38.46054458620
1520,Palakkad,Y,N,N,SS,0,0,971.09090300000,0,N,N,FDN,FDN,,,76.45542100000,11.13315400000,6,31.06979179380
1521,Palakkad,Y,N,N,DF,0,0,2160.68271700000,0,N,N,FDN,FDN,,,76.45985900000,11.13180600000,7,37.11787796020
1522,Palakkad,Y,N,N,DF,0,0,641.11124000000,0,N,N,FDN,FDN,,,76.46164500000,11.13274000000,6,30.58448600770
1523,Palakkad,Y,N,N,SS,0,0,287.27574800000,0,N,N,FDN,FDN,,,76.44888400000,11.13355800000,3,17.23521995540
1524,Palakkad,Y,N,N,SS,0,0,1065.92990500000,0,N,N,FDN,FDN,,,76.44952700000,11.13391800000,4,24.56923103330
1525,Palakkad,Y,N,N,SS,0,0,3452.29601500000,0,N,N,FDN,FDN,,,76.42427300000,11.13465600000,5,25.72296905520
1526,Palakkad,Y,N,N,DF,0,0,3246.62848600000,0,N,N,FDN,FDN,,,76.45180200000,11.13544800000,4,22.18594169620
1527,Palakkad,Y,N,N,SS,0,0,1568.49281500000,0,N,N,FDN,FDN,,,76.45315800000,11.13650400000,7,36.30543518070
1528,Palakkad,Y,N,N,SS,0,0,434.14759700000,0,N,N,FDN,FDN,,,76.43538600000,11.13767400000,5,29.58951187130
1529,Palakkad,Y,N,N,DF,0,0,989.61785000000,0,N,N,FDN,FDN,,,76.43601000000,11.13979700000,1,7.01893234253
1530,Palakkad,Y,N,N,DF,0,0,512.23637000000,0,N,N,FDN,FDN,,,76.43671900000,11.13973500000,1,9.82325077057
1531,Palakkad,Y,N,N,DF,0,0,642.13189400000,0,N,N,FDN,FDN,,,76.43835100000,11.13923100000,7,36.62216567990
1532,Palakkad,Y,N,N,DF,0,0,893.47443200000,0,N,N,FDN,FDN,,,76.43919600000,11.13943300000,5,26.25870132450
1533,Palakkad,Y,N,N,DF,0,0,976.66535900000,0,N,N,FDN,FDN,,,76.46048600000,11.14183900000,6,31.70940589900
1534,Palakkad,Y,N,N,DF,0,0,5079.15327900000,0,N,N,FDN,FDN,,,76.45788900000,11.14181400000,3,18.22372055050
1535,Palakkad,Y,N,N,DF,0,0,31691.25733000000,0,N,N,FDN,FDN,,,76.44112500000,11.14318100000,6,31.43240165710
1536,Palakkad,Y,N,N,DF,0,0,6279.85061100000,0,N,N,FDN,FDN,,,76.45604700000,11.14805100000,7,39.89045715330
1537,Palakkad,Y,N,N,SS,0,0,574.16212000000,0,N,N,FDN,FDN,,,76.45778400000,11.14959100000,5,27.54707336430
1538,Palakkad,Y,N,N,DF,0,0,878.27748300000,0,N,N,FDN,FDN,,,76.45317600000,11.15008800000,4,21.44629096980
1539,Palakkad,Y,N,N,SS,0,0,476.44686600000,0,N,N,FDN,FDN,,,76.42575900000,11.15349900000,3,18.81175422670
1540,Palakkad,Y,N,N,DF,0,0,1901.64373200000,0,N,N,FDN,FDN,,,76.43230100000,11.15458400000,5,28.26841354370
1541,Palakkad,Y,N,N,DF,0,0,645.55316300000,0,N,N,FDN,FDN,,,76.46148400000,11.15498400000,6,31.53325462340
1542,Palakkad,Y,N,N,DF,0,0,1709.58295100000,0,N,N,FDN,FDN,,,76.47417200000,11.15649500000,4,23.80954360960
1543,Palakkad,Y,N,N,SS,0,0,1123.25993100000,0,N,N,FDN,FDN,,,76.42313000000,11.16183800000,3,19.20983505250
1544,Palakkad,Y,N,N,SS,0,0,1250.30519400000,0,N,N,FDN,FDN,,,76.43071100000,11.16285900000,1,8.20361900330
1545,Palakkad,Y,N,N,DF,0,0,10229.79929000000,0,N,N,FDN,FDN,,,76.42986100000,11.16988600000,5,27.59354782100
1546,Palakkad,Y,N,N,DF,0,0,3252.90390300000,0,N,N,FDN,FDN,,,76.63127400000,10.49660000000,9,49.68243408200
1547,Palakkad,Y,N,N,DF,0,0,2966.75046100000,0,N,N,FDN,FDN,,,76.75932100000,10.50642700000,4,20.97079467770
1548,Palakkad,Y,N,N,DF,0,0,5380.37850200000,0,N,N,FDN,FDN,,,76.75195400000,10.53894400000,5,26.31523895260
1549,Palakkad,Y,N,N,DF,0,0,2539.33704400000,0,N,N,FDN,FDN,,,76.75147300000,10.54222900000,4,24.20907020570
1550,Palakkad,N,N,Y,DF,58,14,812.00000000000,0,N,N,FDN,FDN,,,76.66427700000,10.54513000000,6,32.58766937260
1551,Palakkad,Y,Y,N,DF,0,0,6779.03020000000,0,N,N,FDN,FDN,,,76.73470100000,10.84568200000,5,27.78961372380
1552,Palakkad,Y,Y,N,DF,0,0,784.80000000000,0,N,N,FDN,FDN,,,76.81929300000,10.35290700000,4,24.33710861210
1553,Palakkad,N,Y,N,DF,34,20,680.00000000000,0,N,N,FDN,FDN,,,76.76720200000,10.42113400000,4,23.69195365910
1554,Palakkad,N,Y,N,DF,20,9,180.00000000000,0,N,N,FDN,FDN,,,76.76681300000,10.42141800000,3,19.76481246950
1555,Palakkad,Y,Y,N,DF,0,0,31754.28403000000,0,N,N,FDN,FDN,,,76.72832600000,10.52566000000,7,38.83592987060
1556,Palakkad,Y,Y,N,DF,0,0,3821.57654100000,0,N,N,FDN,FDN,,,76.72521600000,10.52889900000,4,20.48904991150
1557,Palakkad,Y,N,N,DF,0,0,891.57884400000,0,N,N,FDN,FDN,,,76.72889900000,10.52740900000,4,23.36403083800
1558,Palakkad,Y,N,N,DF,0,0,1301.98093100000,0,N,N,FDN,FDN,,,76.80162600000,10.54547800000,9,48.35598373410
1559,Palakkad,N,N,Y,DF,540,15,8100.00000000000,0,N,N,FDN,FDN,,,76.80119900000,10.54755300000,9,51.29650115970
1560,Palakkad,Y,N,N,DF,0,0,2022.74850100000,0,N,N,FDN,FDN,,,76.79961800000,10.54965300000,7,39.25572967530
1561,Palakkad,Y,N,N,DF,0,0,1558.80095800000,0,N,N,FDN,FDN,,,76.68235500000,10.55815400000,7,36.49622344970
1562,Palakkad,Y,N,N,DF,0,0,1070.79067200000,0,N,N,FDN,FDN,,,76.68408500000,10.55840700000,5,29.19020271300
1563,Palakkad,Y,N,N,DF,0,0,1386.65151900000,0,N,N,FDN,FDN,,,76.68363300000,10.55943200000,6,31.85795021060
1564,Palakkad,Y,N,N,SS,0,0,4716.82616100000,0,N,FMP,FMP,FMP,,Agricultural Practices,76.54407900000,10.53608400000,1,6.98021650314
1565,Palakkad,Y,N,N,SS,0,0,3369.02092300000,0,N,FMP,FMP,FMP,,Built up increas,76.76729100000,10.53210900000,1,6.22328519821
1566,Palakkad,Y,N,N,SS,0,0,910.93544700000,0,N,FMP,FMP,FMP,5,,76.48603200000,10.51747600000,1,4.31485509872
1567,Palakkad,Y,N,N,DF,0,0,1659.36976400000,0,N,FMP,FMP,FMP,,Road Developed at crown,76.76503300000,10.51450300000,2,11.81937026980
1568,Palakkad,Y,N,N,DF,0,0,1155.91785800000,0,N,FMP,FMP,FMP,,,76.70123700000,10.48719700000,4,22.95981216430
1569,Palakkad,Y,N,N,DF,0,0,574.03693500000,0,N,FMP,FMP,FMP,,,76.51534200000,10.49368600000,3,15.02223587040
1570,Palakkad,Y,N,N,DF,0,0,929.80704900000,0,N,FMP,FMP,FMP,,,76.76119000000,10.50869000000,5,27.55143737790
1571,Palakkad,Y,N,N,SS,0,0,1308.28134600000,0,N,FMP,FMP,FMP,,,76.76077400000,10.50942800000,3,18.60725212100
1572,Palakkad,Y,N,N,DF,0,0,6813.46519200000,0,N,FMP,FMP,FMP,,,76.76024600000,10.50925000000,2,13.01078605650
1573,Palakkad,Y,N,N,DF,0,0,3427.73672700000,0,N,FMP,FMP,FMP,,,76.50388800000,10.51209500000,5,28.69305610660
1574,Palakkad,Y,N,N,DF,0,0,914.50550900000,0,N,FMP,FMP,FMP,,,76.74872000000,10.51725100000,5,25.90243721010
1575,Palakkad,Y,N,N,DF,0,0,10584.75758000000,0,N,FMP,FMP,FMP,,,76.75907600000,10.51544200000,2,13.01474952700
1576,Palakkad,Y,N,N,SS,0,0,873.96561700000,0,N,FMP,FMP,FMP,,,76.61387200000,10.53813000000,2,13.39673900600
1577,Palakkad,Y,N,N,DF,0,0,1622.92896600000,0,N,FMP,FMP,FMP,,,76.58558200000,10.97552500000,7,35.12630462650
1578,Palakkad,Y,N,N,DF,0,0,1606.60265200000,0,N,FMP,FMP,FMP,,,76.48072000000,11.03787700000,3,19.61420249940
1579,Palakkad,Y,N,N,DF,0,0,1606.60265200000,0,N,FMP,FMP,FMP,,,76.48154200000,11.03995400000,1,9.00773334503
1580,Palakkad,N,Y,N,DF,0,0,0.00000000000,0,N,FMP,FMP,FMP,,"Buit up increased,  plantation removed",76.56878100000,10.73137200000,1,1.88045942783
1581,Palakkad,N,Y,N,DF,0,0,0.00000000000,0,N,FMP,FMP,FMP,,,76.73484200000,10.82509800000,1,7.03435707092
1582,Palakkad,N,Y,N,DF,0,0,0.00000000000,0,N,FMP,FMP,FMP,,Built up increase,76.31988300000,10.84864300000,1,7.03435707092
1583,Palakkad,N,Y,N,DF,0,0,0.00000000000,0,N,FMP,FMP,FMP,,,76.31827000000,10.85140500000,1,9.55970764160
1584,Palakkad,N,Y,N,DF,57,7,399.00000000000,0,N,FMP,FMP,FMP,,,76.38995900000,11.06412100000,7,36.87770462040
1585,Palakkad,N,Y,N,DF,45,15,675.00000000000,0,N,FMP,FMP,FMP,,,76.38981800000,11.06157500000,5,26.24768447880
1586,Palakkad,N,Y,N,DF,0,0,0.00000000000,0,N,FMP,FMP,FMP,,,76.38428100000,11.05715100000,6,34.72591781620
1587,Palakkad,N,Y,N,DF,0,0,0.00000000000,0,N,FMP,FMP,FMP,5,,76.52780700000,11.03267700000,2,10.01070880890
1588,Palakkad,N,Y,N,DF,0,0,0.00000000000,0,N,FMP,FMP,FMP,,,76.43119900000,11.04014400000,1,6.32733583450
1589,Palakkad,N,Y,N,DF,0,0,0.00000000000,0,N,FMP,FMP,FMP,,,76.55161700000,11.03258300000,4,20.56364822390
1590,Palakkad,N,Y,N,DF,0,0,0.00000000000,0,N,FMP,FMP,FMP,,,76.50594700000,10.94636000000,5,25.31302261350
1591,Palakkad,N,Y,N,DF,157,12,1884.00000000000,0,N,FMP,FMP,FMP,,,76.51352400000,10.48085100000,4,22.96946525570
1592,Palakkad,N,N,Y,DF,194,21,4074.00000000000,0,N,FMP,FMP,FMP,,,76.52105700000,10.47375500000,4,24.10877227780
1593,Palakkad,N,N,Y,DF,102,17,1734.00000000000,0,N,FMP,FMP,FMP,,,76.52177000000,10.47416300000,5,26.84586334230
1594,Palakkad,N,Y,N,DF,35,28,980.00000000000,0,N,FMP,FMP,FMP,,Quarry present,76.51776700000,10.63392900000,1,5.35669898987
1595,Palakkad,Y,Y,N,DF,107,10,1070.00000000000,0,N,FMP,FMP,FMP,,,76.51079900000,10.48319200000,7,38.39335632320
1596,Palakkad,N,Y,N,DF,265,10,2650.00000000000,0,N,FMP,FMP,FMP,,,76.51257300000,10.47897400000,6,34.61550140380
1597,Palakkad,N,Y,N,DF,0,0,0.00000000000,0,N,FMP,FMP,FMP,,Building constructed,76.37715000000,11.06309500000,2,14.14333820340
1598,Palakkad,N,Y,N,DF,0,0,0.00000000000,0,N,FMP,FMP,FMP,,,76.50115300000,10.48884700000,5,25.68879127500
1599,Palakkad,N,Y,N,DF,0,0,0.00000000000,0,N,FMP,FMP,FMP,,,76.55452300000,10.61932700000,2,12.72167587280
1600,Palakkad,Y,Y,N,DF,62,13,806.00000000000,0,N,FMP,FMP,FMP,,,76.54113900000,10.62288200000,5,27.38924789430
1601,Palakkad,N,Y,N,DF,0,0,6053.01949800000,0,N,FMP,FMP,FMP,,Near by Paddy,76.52505200000,10.62235700000,2,10.32863712310
1602,Palakkad,N,Y,N,DF,0,0,0.00000000000,0,N,FMP,FMP,FMP,,,76.81152800000,10.35520500000,4,23.08293342590
1603,Palakkad,N,Y,N,DF,0,0,0.00000000000,0,N,FMP,FMP,FMP,,,76.81929300000,10.35588700000,5,27.01948738100
1604,Palakkad,Y,Y,N,DF,0,0,1106.24584100000,0,N,FMP,FMP,FMP,,,76.70387800000,10.52647700000,2,12.22680473330
1605,Palakkad,Y,N,N,DF,0,0,804.54243000000,0,N,FMP,FMP,FMP,,,76.73179500000,10.54369200000,5,27.61673545840
1606,Palakkad,Y,N,N,DF,0,0,888.77949600000,0,N,N,FNO,FNO,,Vegetation Level Fluctuates,76.63297700000,10.56203500000,6,30.16165161130
1607,Palakkad,Y,N,N,DF,0,0,413.62318400000,0,N,N,FNO,FNO,,,76.68428600000,10.44124100000,5,26.56418228150
1608,Palakkad,Y,N,N,DF,0,0,647.76177200000,0,N,N,FNO,FNO,,,76.63756200000,10.46651900000,8,40.37618637080
1609,Palakkad,Y,N,N,DF,0,0,1777.24273000000,0,N,N,FNO,FNO,,,76.61886200000,10.46757500000,5,29.53544998170
1610,Palakkad,Y,N,N,DF,0,0,712.29506600000,0,N,N,FNO,FNO,,,76.69576600000,10.49569000000,1,5.78780794144
1611,Palakkad,Y,N,N,DF,0,0,4123.27744600000,0,N,N,FNO,FNO,,,76.70971500000,10.50518200000,7,38.64567947390
1612,Palakkad,Y,N,N,SS,0,0,1181.67395000000,0,N,N,FNO,FNO,,,76.72919700000,10.50781000000,2,11.62316417690
1613,Palakkad,Y,N,N,DF,0,0,733.08943800000,0,N,N,FNO,FNO,,,76.62731600000,10.50980100000,7,38.50666046140
1614,Palakkad,Y,N,N,DF,0,0,41900.26724000000,0,N,N,FNO,FNO,,,76.63304700000,10.51322700000,8,41.60755920410
1615,Palakkad,Y,N,N,DF,0,0,905.11173800000,0,N,N,FNO,FNO,,,76.62879000000,10.51195800000,6,34.82343673710
1616,Palakkad,Y,N,N,DF,0,0,15110.30599000000,0,N,N,FNO,FNO,,,76.62916500000,10.51878500000,1,6.10850000381
1617,Palakkad,Y,N,N,DF,0,0,10559.62115000000,0,N,N,FNO,FNO,,,76.62957000000,10.52263500000,1,9.32252502441
1618,Palakkad,Y,N,N,SS,0,0,681.07409200000,0,N,N,FNO,FNO,,,76.69377900000,10.54483700000,1,4.97556686401
1619,Palakkad,N,N,Y,DF,90,7,630.00000000000,0,N,N,FNO,FNO,,,76.79430100000,10.55216400000,6,34.27293014530
1620,Palakkad,Y,N,N,SS,0,0,1563.73130000000,0,N,N,FNO,FNO,,,76.47054200000,11.03656300000,2,13.21122169490
1621,Palakkad,Y,N,N,SS,0,0,427.84368500000,0,N,N,FNO,FNO,,,76.43966900000,11.08471900000,7,35.47219848630
1622,Palakkad,Y,N,N,SS,0,0,2306.10459700000,0,N,N,FNO,FNO,,,76.46779200000,11.09512300000,5,27.39071464540
1623,Palakkad,Y,N,N,DF,0,0,13995.91320000000,0,N,N,FNO,FNO,,,76.46193500000,11.15928700000,5,25.43428421020
1624,Palakkad,Y,N,N,DF,0,0,2137.06257000000,0,N,N,FNO,FNO,,,76.74341400000,10.50958700000,4,24.12313842770
1625,Palakkad,N,N,Y,DF,461,44,20284.00000000000,0,N,N,FNO,FNO,,,76.40417200000,11.03999900000,4,24.17332077030
1626,Palakkad,Y,Y,N,DF,226,44,9944.00000000000,8,N,N,FNO,FNO,,,76.40166900000,11.04641500000,5,26.52088928220
1627,Palakkad,N,Y,N,DF,0,0,0.00000000000,0,N,N,FNO,FNO,,,76.36786500000,11.08466500000,7,35.75092697140
1628,Palakkad,Y,Y,N,DF,0,0,3821.57654100000,0,N,N,FNO,FNO,,,76.72549800000,10.52763500000,6,31.28344154360
1629,Palakkad,Y,Y,N,DF,0,0,1135.75496000000,0,N,N,FNO,FNO,,,76.72045800000,10.52638100000,3,19.59977912900
1630,Palakkad,N,N,Y,DF,781,15,11715.00000000000,0,N,N,FNO,FNO,,,76.75017400000,10.54682000000,5,26.31523895260
1631,Palakkad,Y,Y,N,DF,0,0,3869.08535900000,0,N,N,GNA,GNA,,,76.74396200000,10.53010700000,5,28.29762077330
1632,Palakkad,Y,N,N,DF,0,0,587.48058600000,0,N,N,FMP,QUU,,Expanding Quarry,76.59957900000,10.53981200000,2,14.74755859380
1633,Palakkad,Y,N,N,SS,0,0,3041.56452200000,0,N,N,FMP,QUU,,Expanding Quarry,76.54124100000,10.53843100000,1,8.86399078369
1634,Palakkad,Y,N,N,DF,0,0,1910.78927400000,0,N,N,ROA,ROA,,,76.67098600000,10.53602300000,7,39.58015060420
1635,Palakkad,Y,N,N,SS,0,0,2363.34564400000,0,N,N,ROA,ROA,,Road Present,76.66701500000,10.53054000000,7,35.86880111690
1636,Palakkad,Y,N,N,DF,0,0,2363.34564400000,0,N,N,ROA,ROA,,Road Present,76.66891500000,10.53157000000,5,28.14685440060
1637,Palakkad,Y,N,N,DF,0,0,879.96853300000,0,N,N,ROA,ROA,,Road Present,76.66620900000,10.52935200000,6,31.37713241580
1638,Palakkad,N,N,Y,DF,63,42,2646.00000000000,0,N,N,ROA,ROA,,Road Present,76.66365200000,10.52970700000,3,19.74577140810
1639,Palakkad,Y,N,N,SS,0,0,493.48694200000,0,N,SPL,ROA,ROA,,,76.71867800000,11.22164200000,1,8.93017864227
1640,Palakkad,Y,N,N,DF,0,0,7120.31394900000,0,N,SPL,FDN,SPL,,,76.64783100000,10.45175400000,4,23.64208412170
1641,Palakkad,Y,N,N,SS,0,0,289.82031000000,0,N,SPL,SPL,SPL,,,76.69157400000,10.43910900000,3,17.75595855710
1642,Palakkad,Y,N,N,DF,0,0,474.41901700000,0,N,SPL,SPL,SPL,,,76.68376700000,10.44088700000,4,20.07550811770
1643,Palakkad,Y,N,N,DF,0,0,788.18148700000,0,N,SPL,SPL,SPL,,,76.68231200000,10.44116400000,6,30.65211296080
1644,Palakkad,Y,N,N,DF,0,0,788.18148700000,0,N,SPL,SPL,SPL,,,76.68273200000,10.44199400000,6,31.17287445070
1645,Palakkad,Y,N,N,DF,0,0,993.18999500000,0,N,SPL,SPL,SPL,,,76.57002500000,10.45941900000,1,8.71157169342
1646,Palakkad,Y,N,N,SS,0,0,937.81743100000,0,N,SPL,FMP,SPL,,,76.76359500000,10.50949100000,4,21.37162399290
1647,Palakkad,Y,N,N,DF,0,0,2247.04554800000,0,N,SPL,SPL,SPL,,,76.72430000000,10.54641200000,5,27.33188056950
1648,Palakkad,Y,N,N,DF,0,0,2247.04554800000,0,N,SPL,SPL,SPL,,,76.72386200000,10.54639600000,5,27.73793983460
1649,Palakkad,Y,N,N,DF,0,0,1307.38245100000,0,N,SPL,SPL,SPL,,,76.72293700000,10.54640100000,5,27.81968116760
1650,Palakkad,Y,N,N,DF,0,0,4220.32836800000,0,N,SPL,SPL,SPL,,,76.56038100000,10.55288500000,3,19.44503974910
1651,Palakkad,Y,N,N,DF,0,0,1887.91641600000,0,N,SPL,FNO,SPL,,,76.56170200000,10.55178500000,4,22.36146926880
1652,Palakkad,Y,N,N,DF,0,0,10180.34877000000,0,N,SPL,SPL,SPL,,,76.57217600000,10.55449100000,6,32.66465377810
1653,Palakkad,Y,N,N,DF,0,0,10915.82508000000,0,C,SPL,SPL,SPL,,,76.58745200000,10.98175000000,7,39.82575225830
1654,Palakkad,N,Y,N,SS,221,11,2431.00000000000,0,N,SPL,SPL,SPL,,,76.35588500000,10.83400200000,4,24.09618949890
1655,Palakkad,Y,Y,N,DF,0,0,17738.05070000000,0,N,SPL,FCP,SPL,,,76.50370871510,10.50635675290,7,36.61212539670
1656,Palakkad,Y,Y,N,DF,0,0,697.24601800000,0,N,SPL,SPL,SPL,,,76.50172600000,10.48651700000,5,26.26499176030
1657,Palakkad,N,Y,N,DF,828,16,13248.00000000000,0,N,SPL,SPL,SPL,,,76.52861600000,10.47396100000,6,31.31125640870
1658,Palakkad,Y,Y,N,SS,0,0,1030.81998800000,0,N,TEA,TEA,TEA,,Water logging nearby,76.70442100000,10.51933400000,2,13.83330440520
1659,Palakkad,N,Y,N,SS,31,19,589.00000000000,0,N,TEA,TEA,TEA,,Water logging nearby,76.70472200000,10.51882800000,3,16.36531448360
1660,Palakkad,N,Y,N,SS,0,0,0.00000000000,0,N,TEA,TEA,TEA,,,76.70663800000,10.51277200000,2,11.73954582210
1661,Palakkad,Y,Y,N,DF,0,0,2766.47752400000,0,N,TEA,TEA,TEA,,,76.70494700000,10.51321600000,4,24.79977226260
1662,Palakkad,Y,Y,N,DF,0,0,618.70083400000,0,N,TEA,TEA,TEA,,,76.70575900000,10.51267300000,3,19.18264198300
1663,Palakkad,N,Y,N,DF,91,16,1456.00000000000,0,N,TEA,TEA,TEA,,,76.70913900000,10.51383300000,4,23.55303955080
1664,Palakkad,Y,Y,N,SS,0,0,603.40682200000,0,N,TEA,TEA,TEA,,,76.70682600000,10.51607300000,1,6.70269393921
1665,Palakkad,N,Y,N,DF,0,0,0.00000000000,0,N,TEA,TEA,TEA,,Water tank built.,76.70710400000,10.51843900000,1,8.09798240662
1666,Palakkad,N,Y,N,DF,30,15,450.00000000000,0,N,TEA,TEA,TEA,,,76.70666400000,10.51734000000,3,16.51573371890
1667,Palakkad,Y,Y,N,SS,0,0,2575.83193100000,0,N,TEA,TEA,TEA,,,76.70214900000,10.53006900000,3,17.02938079830
1669,Palakkad,N,N,Y,DF,37,12,444.00000000000,0,N,TEA,TEA,TEA,,,76.70599700000,10.51179200000,5,27.91951179500
1670,Palakkad,Y,N,N,DF,0,0,393.46096800000,0,N,TEA,TEA,TEA,,,76.70590300000,10.51221000000,5,28.70254898070
1671,Palakkad,Y,N,N,DF,0,0,28588.10000000000,0,N,N,BRF,BRF,,,76.65931400000,10.55370900000,4,22.79869651790
1672,Palakkad,Y,N,N,DF,0,0,10563.70000000000,0,N,N,BRF,BRF,,,76.66594200000,10.54840900000,5,29.50706100460
1673,Palakkad,Y,N,N,DF,0,0,942.54200000000,0,N,N,BRF,BRF,,,76.66244200000,10.55819500000,3,18.38935089110
1674,Palakkad,Y,N,N,DF,0,0,1847.56000000000,0,N,N,BRF,BRF,,,76.65740500000,10.56216200000,5,29.66260147090
1675,Palakkad,Y,N,N,DF,0,0,1573.70000000000,0,N,N,BRF,BRF,,,76.65763200000,10.56128000000,5,27.89674758910
1676,Palakkad,Y,N,N,DF,0,0,2941.61000000000,0,N,N,BRF,BRF,,,76.64294000000,10.56365600000,5,29.67666816710
1677,Palakkad,Y,N,N,DF,0,0,2132.58000000000,0,N,N,BRF,BRF,,,76.44227000000,11.13735100000,9,47.43609619140
1678,Palakkad,Y,N,N,DF,0,0,1375.73000000000,0,N,N,BRF,BRF,,,76.48624700000,11.10885000000,7,35.73679351810
1679,Palakkad,Y,N,N,SS,0,0,781.24500000000,0,N,N,BRF,BRF,,,76.48395400000,11.10038400000,9,48.56129074100
1680,Palakkad,Y,N,N,SS,0,0,810.63400000000,0,N,N,BRF,BRF,,,76.48494200000,11.10055100000,2,14.11449623110
1681,Palakkad,Y,N,N,DF,0,0,4152.39000000000,0,N,N,BRF,BRF,,,76.48521600000,11.10041500000,5,26.74690818790
1682,Palakkad,Y,N,N,DF,0,0,3901.79000000000,0,N,N,BRF,BRF,,,76.48595000000,11.10038500000,5,25.28632354740
1683,Palakkad,Y,N,N,SS,0,0,1051.27000000000,0,N,N,BRF,BRF,,,76.49368600000,11.09911800000,3,18.10155487060
1684,Palakkad,Y,N,N,DF,0,0,2580.51000000000,0,N,N,BRF,BRF,,,76.46531900000,11.10263800000,1,8.88209342957
1685,Palakkad,Y,N,N,DF,0,0,2283.03000000000,0,N,N,BRF,BRO,,,76.62747700000,10.58282500000,2,12.73793315890
1686,Palakkad,Y,N,N,DF,0,0,1465.50000000000,0,N,N,BRF,BRO,,,76.62664500000,10.58208200000,2,10.88618373870
1687,Palakkad,Y,N,N,RF,0,0,909.36000000000,0,N,N,BRO,BRO,,,76.64383700000,10.56969700000,9,54.51064682010
1688,Palakkad,Y,N,N,DF,0,0,826.71100000000,0,N,N,FDN,BRF,,,76.64590200000,10.56455700000,3,15.64735221860
1689,Palakkad,Y,N,N,DF,0,0,556.32700000000,0,N,N,FDN,BRF,,,76.64562700000,10.56355900000,4,20.78303909300
1690,Palakkad,Y,N,N,DF,0,0,1174.40000000000,0,N,N,FDN,BRF,,,76.63830600000,10.57077100000,6,32.53936767580
1691,Palakkad,Y,N,N,DF,0,0,888.77900000000,0,N,N,FDN,BRF,,,76.63388100000,10.56197700000,4,24.92150878910
1692,Palakkad,Y,N,N,RF,0,0,1257.10000000000,0,N,N,FDN,BRF,,,76.64993900000,10.56805800000,6,32.58766937260
1693,Palakkad,Y,N,N,DF,0,0,4596.78000000000,0,N,N,FDN,FDN,,,76.82357800000,10.41809500000,1,0.00000000000
1694,Palakkad,Y,N,N,DF,0,0,509.09200000000,0,N,N,FDN,FDN,,,76.43491700000,11.19037500000,6,31.58800506590
1695,Palakkad,Y,N,N,DF,0,0,539.63300000000,0,N,N,FDN,FDN,,,76.43195500000,11.18641800000,7,35.11620712280
1696,Palakkad,Y,N,N,DF,0,0,774.37100000000,0,N,N,FDN,FDN,,,76.42899100000,11.18755100000,6,32.26077651980
1697,Palakkad,Y,N,N,DF,0,0,414.16000000000,0,N,N,FDN,FDN,,,76.42907500000,11.18634300000,8,40.44911956790
1698,Palakkad,Y,N,N,DF,0,0,453.55100000000,0,N,N,FDN,FDN,,,76.42771300000,11.18658000000,6,34.63253784180
1699,Palakkad,Y,N,N,DF,0,0,201.90300000000,0,N,N,FDN,FDN,,,76.44903600000,11.17736900000,4,21.26862716670
1700,Palakkad,Y,N,N,DF,0,0,374.78300000000,0,N,N,FDN,FDN,,,76.45327300000,11.17637400000,4,20.81855964660
1701,Palakkad,Y,N,N,DF,0,0,419.51000000000,0,N,N,FDN,FDN,,,76.45139200000,11.16491500000,4,23.73063278200
1702,Palakkad,Y,N,N,DF,0,0,1211.74000000000,0,N,N,FDN,FDN,,,76.44491300000,11.16738500000,8,40.30092239380
1703,Palakkad,Y,N,N,DF,0,0,1133.81000000000,0,N,N,FDN,FDN,,,76.43370500000,11.16147300000,6,32.30226516720
1704,Palakkad,Y,N,N,DF,0,0,1031.18000000000,0,N,N,FDN,FDN,,,76.43418600000,11.16002800000,5,27.99894332890
1705,Palakkad,Y,N,N,DF,0,0,479.25900000000,0,N,N,FDN,FDN,,,76.43319300000,11.16112700000,5,28.71881294250
1706,Palakkad,Y,N,N,DF,0,0,589.08600000000,0,N,N,FDN,FDN,,,76.43038000000,11.16041100000,2,11.22865009310
1707,Palakkad,Y,N,N,DF,0,0,408.41400000000,0,N,N,FDN,FDN,,,76.43279900000,11.15517300000,7,38.69932937620
1708,Palakkad,Y,N,N,DF,0,0,1044.40000000000,0,N,N,FDN,FDN,,,76.43900400000,11.16127200000,4,20.55913734440
1709,Palakkad,Y,N,N,DF,0,0,303.26600000000,0,N,N,FDN,FDN,,,76.43645600000,11.15394200000,4,23.79122734070
1710,Palakkad,Y,N,N,DF,0,0,340.08200000000,0,N,N,FDN,FDN,,,76.43662600000,11.15351800000,3,18.78126144410
1711,Palakkad,Y,N,N,DF,0,0,965.94600000000,0,N,N,FDN,FDN,,,76.43977100000,11.15162500000,6,33.95952606200
1712,Palakkad,Y,N,N,DF,0,0,411.55900000000,0,N,N,FDN,FDN,,,76.44502500000,11.15108200000,1,8.25590324402
1713,Palakkad,Y,N,N,DF,0,0,421.18000000000,0,N,N,FDN,FDN,,,76.45223200000,11.14502200000,3,19.22217941280
1714,Palakkad,Y,N,N,DF,0,0,1886.99000000000,0,N,N,FDN,FDN,,,76.45322800000,11.15169600000,6,31.14482498170
1715,Palakkad,Y,N,N,DF,0,0,692.69500000000,0,N,N,FDN,FDN,,,76.46160600000,11.16079800000,4,23.91354751590
1716,Palakkad,Y,N,N,DF,0,0,806.84000000000,0,N,N,FDN,FDN,,,76.48736700000,11.14262900000,4,24.05838584900
1717,Palakkad,Y,N,N,DF,0,0,934.14700000000,0,N,N,FDN,FDN,,,76.48291500000,11.13052000000,4,24.99479293820
1718,Palakkad,Y,N,N,DF,0,0,2068.46000000000,0,N,N,FDN,FDN,,,76.47975500000,11.11959500000,3,19.91861724850
1719,Palakkad,Y,N,N,DF,0,0,1323.71000000000,0,N,N,FDN,FDN,,,76.48025900000,11.12026400000,5,29.40341377260
1720,Palakkad,Y,N,N,DF,0,0,1307.62000000000,0,N,N,FDN,FDN,,,76.46164000000,11.12162300000,6,30.09697341920
1721,Palakkad,Y,N,N,DF,0,0,5258.22000000000,0,N,N,FDN,FDN,,,76.46549900000,11.12194700000,3,19.04591369630
1722,Palakkad,Y,N,N,DF,0,0,435.34600000000,0,N,N,FDN,FDN,,,76.46271200000,11.12966100000,4,20.49584579470
1723,Palakkad,Y,N,N,DF,0,0,1169.02000000000,0,N,N,FDN,FDN,,,76.45920800000,11.13811100000,5,29.78497314450
1724,Palakkad,Y,N,N,DF,0,0,521.28300000000,0,N,N,FDN,FDN,,,76.48883900000,11.12077100000,4,22.77526474000
1725,Palakkad,Y,N,N,DF,0,0,719.25200000000,0,N,N,FDN,FDN,,,76.48964400000,11.12016600000,1,9.99479007721
1726,Palakkad,Y,N,N,DF,0,0,314.98400000000,0,N,N,FDN,FDN,,,76.48970100000,11.11872500000,2,12.46244812010
1727,Palakkad,Y,N,N,DF,0,0,534.57400000000,0,N,N,FDN,FDN,,,76.48704600000,11.11653600000,4,21.02338981630
1728,Palakkad,Y,N,N,DF,0,0,3246.84000000000,0,N,N,FDN,FDN,,,76.49536400000,11.11671200000,5,25.18076515200
1729,Palakkad,Y,N,N,DF,0,0,759.72400000000,0,N,N,FDN,FDN,,,76.49491500000,11.11692000000,3,19.15291976930
1730,Palakkad,Y,N,N,DF,0,0,596.12400000000,0,N,N,FDN,FDN,,,76.49504900000,11.11466600000,6,32.64757919310
1731,Palakkad,Y,N,N,DF,0,0,322.73700000000,0,N,N,FDN,FDN,,,76.49888800000,11.11349400000,1,4.51368331909
1732,Palakkad,Y,N,N,DF,0,0,490.19700000000,0,N,N,FDN,FDN,,,76.49673200000,11.11140300000,7,39.02102661130
1733,Palakkad,Y,N,N,DF,0,0,466.35100000000,0,N,N,FDN,FDN,,,76.49209800000,11.11163200000,3,17.10979652400
1734,Palakkad,Y,N,N,DF,0,0,456.36700000000,0,N,N,FDN,FDN,,,76.49030800000,11.11115800000,3,19.48387718200
1735,Palakkad,Y,N,N,DF,0,0,482.42100000000,0,N,N,FDN,FDN,,,76.48923800000,11.10874900000,4,20.48904991150
1736,Palakkad,Y,N,N,DF,0,0,629.88300000000,0,N,N,FDN,FDN,,,76.48605500000,11.10155000000,3,18.96325492860
1737,Palakkad,Y,N,N,DF,0,0,1454.92000000000,0,N,N,FDN,FDN,,,76.48744100000,11.09936500000,4,21.67443847660
1738,Palakkad,Y,N,N,DF,0,0,766.31800000000,0,N,N,FDN,FDN,,,76.49978000000,11.10600100000,4,20.95981407170
1739,Palakkad,Y,N,N,DF,0,0,766.31800000000,0,N,N,FDN,FDN,,,76.50087200000,11.10512000000,4,20.62441062930
1740,Palakkad,Y,N,N,DF,0,0,1982.03000000000,0,N,N,FDN,FDN,,,76.47000100000,11.08971800000,4,20.08715248110
1741,Palakkad,Y,N,N,DF,0,0,1982.03000000000,0,N,N,FDN,FDN,,,76.47011200000,11.08967700000,4,20.08715248110
1742,Palakkad,Y,N,N,DF,0,0,671.95100000000,0,N,N,FDN,FDN,,,76.47081800000,11.08855500000,6,32.74128341670
1743,Palakkad,Y,N,N,DF,0,0,2248.86000000000,0,N,N,FDN,FDN,,,76.46786100000,11.09166200000,4,20.18690490720
1744,Palakkad,Y,N,N,DF,0,0,423.61900000000,0,N,N,FDN,FDN,,,76.46684100000,11.09295700000,2,13.23457431790
1745,Palakkad,Y,N,N,DF,0,0,396.76000000000,0,N,N,FDN,FDN,,,76.46615800000,11.09201500000,5,29.10043525700
1746,Palakkad,Y,N,N,DF,0,0,569.98400000000,0,N,N,FDN,FDN,,,76.46532300000,11.10002800000,5,29.23359107970
1747,Palakkad,Y,N,N,DF,0,0,350.98400000000,0,N,N,FDN,FDN,,,76.45475100000,11.10586100000,5,25.74733734130
1748,Palakkad,Y,N,N,DF,0,0,1055.19000000000,0,N,N,FDN,FDN,,,76.45896500000,11.10782200000,8,40.94000244140
1749,Palakkad,Y,N,N,DF,0,0,796.22600000000,0,N,N,FDN,FDN,,,76.45190800000,11.10577100000,3,16.55755043030
1750,Palakkad,Y,N,N,DF,0,0,303.85100000000,0,N,N,FDN,FDN,,,76.45320900000,11.10505100000,6,32.53936767580
1751,Palakkad,Y,N,N,DF,0,0,601.04200000000,0,N,N,FDN,FDN,,,76.45314200000,11.10354400000,4,20.60418319700
1752,Palakkad,Y,N,N,DF,0,0,696.41600000000,0,N,N,FDN,FDN,,,76.45269700000,11.10481400000,8,44.45605468750
1753,Palakkad,Y,N,N,DF,0,0,950.95300000000,0,N,N,FDN,FDN,,,76.44853000000,11.11005800000,4,22.22039604190
1754,Palakkad,Y,N,N,DF,0,0,813.44000000000,0,N,N,FDN,FDN,,,76.44348200000,11.10979000000,3,19.63341331480
1755,Palakkad,Y,N,N,DF,0,0,777.39600000000,0,N,N,FDN,FDN,,,76.43585600000,11.11089500000,3,16.85545158390
1756,Palakkad,Y,N,N,DF,0,0,1400.13000000000,0,N,N,FDN,FDN,,,76.43201200000,11.11561200000,3,18.37104225160
1757,Palakkad,Y,N,N,DF,0,0,209.29500000000,0,N,N,FDN,FDN,,,76.42882500000,11.11768800000,5,25.40778350830
1758,Palakkad,Y,N,N,DF,0,0,747.65400000000,0,N,N,FDN,FDN,,,76.42305000000,11.11725800000,5,28.85506629940
1759,Palakkad,Y,N,N,DF,0,0,911.58000000000,0,N,N,FDN,FDN,,,76.41910600000,11.11236100000,6,30.38973236080
1760,Palakkad,Y,N,N,DF,0,0,415.34500000000,0,N,N,FDN,FDN,,,76.42868800000,11.12189700000,5,27.73937797550
1761,Palakkad,Y,N,N,DF,0,0,509.64100000000,0,N,N,FDN,FDN,,,76.42980100000,11.12826900000,4,23.11356353760
1762,Palakkad,Y,N,N,DF,0,0,441.99800000000,0,N,N,FDN,FDN,,,76.42450100000,11.13294700000,2,13.23457431790
1763,Palakkad,Y,N,N,DF,0,0,2174.84524800000,0,N,N,FDN,FDN,,,76.43639600000,11.13966900000,1,9.28236293793
1764,Palakkad,Y,N,N,DF,0,0,1708.33000000000,0,N,N,FDN,FDN,,,76.43473800000,11.13878500000,2,14.62005519870
1765,Palakkad,Y,N,N,DF,0,0,1232.91000000000,0,N,N,FDN,FDN,,,76.43527200000,11.13920900000,4,24.15004158020
1766,Palakkad,Y,N,N,DF,0,0,1232.91000000000,0,N,N,FDN,FDN,,,76.43550100000,11.14121200000,6,30.19017982480
1767,Palakkad,Y,N,N,DF,0,0,445.42400000000,0,N,N,FDN,FDN,,,76.44362600000,11.13971100000,1,8.91217899323
1768,Palakkad,Y,N,N,DF,0,0,1478.77000000000,0,N,N,FDN,FDN,,,76.44054200000,11.14213800000,5,29.25720787050
1769,Palakkad,Y,N,N,DF,0,0,235.68800000000,0,N,N,FDN,FDN,,,76.45650100000,11.12537200000,4,23.79122734070
1770,Palakkad,Y,N,N,DF,0,0,369.34100000000,0,N,N,FDN,FDN,,,76.44921200000,11.12764000000,3,15.09915161130
1771,Palakkad,Y,N,N,DF,0,0,1098.02000000000,0,N,N,FDN,FDN,,,76.45153900000,11.12440100000,2,11.80168342590
1772,Palakkad,Y,N,N,DF,0,0,586.72400000000,0,N,N,FDN,FDN,,,76.45254200000,11.12555000000,2,11.63216209410
1773,Palakkad,Y,N,N,DF,0,0,664.35900000000,0,N,N,FDN,FDN,,,76.45466600000,11.12470700000,7,35.52958297730
1774,Palakkad,Y,N,N,DF,0,0,708.14500000000,0,N,N,FDN,FDN,,,76.45114900000,11.12081000000,3,19.51293754580
1775,Palakkad,Y,N,N,SS,0,0,620.52100000000,0,N,N,FDN,FDN,,,76.63882500000,10.57312300000,3,19.61420249940
1776,Palakkad,Y,N,N,SS,0,0,514.72400000000,0,N,N,FDN,FDN,,,76.48092700000,11.12854800000,7,36.79601287840
1777,Palakkad,Y,N,N,SS,0,0,766.89800000000,0,N,N,FDN,FDN,,,76.48409900000,11.12995400000,3,16.61706352230
1778,Palakkad,Y,N,N,SS,0,0,328.85900000000,0,N,N,FDN,FDN,,,76.48074700000,11.12459100000,3,18.58664131160
1779,Palakkad,Y,N,N,DF,0,0,547.15600000000,0,N,N,FDN,FNO,,,76.79851700000,10.43080800000,7,35.05825805660
1780,Palakkad,Y,N,N,DF,0,0,1312.73000000000,0,N,N,FDN,FNO,,,76.79813000000,10.43064800000,6,30.87238311770
1781,Palakkad,Y,N,N,DF,0,0,1159.28000000000,0,N,N,FDN,FNO,,,76.79430100000,10.43037300000,5,26.42773246770
1782,Palakkad,Y,N,N,DF,0,0,842.29600000000,0,N,N,FDN,FNO,,,76.79183300000,10.43154400000,8,43.12693023680
1783,Palakkad,Y,N,N,DF,0,0,11092.50000000000,0,N,N,FDN,FNO,,,76.79664800000,10.42676700000,5,25.35132598880
1784,Palakkad,Y,N,N,DF,0,0,955.98300000000,0,N,N,FDN,FNO,,,76.80380500000,10.43010900000,6,32.30226516720
1785,Palakkad,Y,N,N,DF,0,0,2967.64000000000,0,N,N,FDN,FNO,,,76.80501600000,10.42734600000,7,36.74380493160
1786,Palakkad,Y,N,N,DF,0,0,1430.33000000000,0,N,N,FDN,FNO,,,76.80565400000,10.42901700000,3,19.66936492920
1787,Palakkad,Y,N,N,DF,0,0,791.05200000000,0,N,N,FDN,FNO,,,76.81099800000,10.42920500000,5,29.34873771670
1788,Palakkad,Y,N,N,DF,0,0,1072.82000000000,0,N,N,FDN,FNO,,,76.81215500000,10.42868400000,6,33.45601654050
1789,Palakkad,Y,N,N,DF,0,0,2756.43000000000,0,N,N,FDN,FNO,,,76.81314500000,10.42859400000,9,55.22818374630
1790,Palakkad,Y,N,N,DF,0,0,883.80800000000,0,N,N,FDN,FNO,,,76.80865800000,10.42563000000,8,41.92674636840
1791,Palakkad,Y,N,N,DF,0,0,1044.82000000000,0,N,N,FDN,FNO,,,76.80955700000,10.42446500000,3,18.26069259640
1792,Palakkad,Y,N,N,DF,0,0,3699.60000000000,0,N,N,FDN,FNO,,,76.81787300000,10.42595300000,6,31.83216476440
1793,Palakkad,Y,N,N,DF,0,0,1830.62000000000,0,N,N,FDN,FNO,,,76.81849600000,10.42559100000,9,86.74517059330
1794,Palakkad,Y,N,N,DF,0,0,9210.93000000000,0,N,N,FDN,FNO,,,76.65949100000,10.54894800000,5,27.78817939760
1795,Palakkad,Y,N,N,DF,0,0,3533.27000000000,0,N,N,FDN,FNO,,,76.65720900000,10.54882600000,5,27.19872474670
1796,Palakkad,Y,N,N,DF,0,0,2660.04000000000,0,N,N,FDN,FNO,,,76.65594300000,10.54902400000,6,33.95163726810
1797,Palakkad,Y,N,N,DF,0,0,3272.30000000000,0,N,N,FDN,FNO,,,76.65611600000,10.55063100000,4,24.69444465640
1798,Palakkad,Y,N,N,DF,0,0,2385.76000000000,0,N,N,FDN,FNO,,,76.65418700000,10.54909300000,3,17.03801918030
1799,Palakkad,Y,N,N,DF,0,0,2045.26000000000,0,N,N,FDN,FNO,,,76.65190300000,10.54884600000,4,24.55525779720
1800,Palakkad,Y,N,N,DF,0,0,1584.90000000000,0,N,N,FDN,FNO,,,76.65258000000,10.55068900000,1,5.64463281631
1801,Palakkad,Y,N,N,DF,0,0,3206.21000000000,0,N,N,FDN,FNO,,,76.65015500000,10.54737200000,5,28.91942787170
1802,Palakkad,Y,N,N,DF,0,0,628.54900000000,0,N,N,FDN,FNO,,,76.65473700000,10.55076600000,2,14.44564342500
1803,Palakkad,Y,N,N,DF,0,0,525.35200000000,0,N,N,FDN,FNO,,,76.37551400000,11.08938800000,6,32.71471405030
1804,Palakkad,Y,N,N,DF,0,0,703.98400000000,0,N,N,FDN,FNO,,,76.63429000000,10.58071000000,6,34.85612487790
1805,Palakkad,Y,N,N,DF,0,0,541.44200000000,0,N,N,FDN,FNO,,,76.63457000000,10.58187600000,6,30.77099227910
1806,Palakkad,Y,N,N,DF,0,0,1090.32000000000,0,N,FMP,FNO,FMP,,,76.62980800000,10.58250200000,2,14.80570793150
1807,Palakkad,Y,N,N,DF,0,0,1433.09000000000,0,N,N,FNO,FNO,,,76.66191800000,10.55702900000,5,27.77814483640
1808,Palakkad,Y,N,N,DF,0,0,942.54200000000,0,N,N,FNO,FNO,,,76.66175900000,10.55719400000,4,21.35236358640
1809,Palakkad,Y,N,N,DF,0,0,1257.10000000000,0,N,N,FNO,FNO,,,76.66425100000,10.55647300000,6,31.89599609380
1810,Palakkad,Y,N,N,DF,0,0,1332.52000000000,0,N,N,FNO,FNO,,,76.66304400000,10.55357800000,6,30.21618461610
1811,Palakkad,Y,N,N,SS,0,0,700.04600000000,0,N,N,FNO,BRF,,,76.64100700000,10.57327000000,3,17.79962539670
1812,Pathanamthitta,Y,N,N,DF,0,0,3352.00447800000,0,N,N,BRF,BRF,,,77.13763200000,9.39022300000,8,43.61274719240
1813,Pathanamthitta,N,Y,N,DF,0,0,0.00000000000,1,D,N,BUI,BUI,,"Slab culvert across the road needs to be constructed,  Buildings increased",76.95458000000,9.32897000000,5,29.16780662540
1814,Pathanamthitta,Y,Y,N,DF,0,0,7028.38740100000,3,D,N,FMP,BUI,,Slab culvert across the road is partially damaged and needs to be restored.,76.95979100000,9.32062900000,6,30.33085632320
1815,Pathanamthitta,Y,Y,N,DF,0,0,896.40929800000,1,N,N,FMP,BUI,,The owner of the house relocated to some other place before the event.,76.99871000000,9.33736600000,6,34.63537597660
1816,Pathanamthitta,Y,Y,N,DF,0,0,896.40929800000,3,N,N,FMP,BUI,,"3 houses (1 completely damaged and 2 partially damaged) were constructed on the flow path of the debris flow.,  Builtup increased",76.99725600000,9.33779800000,6,32.50170516970
1817,Pathanamthitta,N,Y,N,DF,0,0,0.00000000000,1,N,N,BUI,BUI,,Builtup increased,77.00377000000,9.32120000000,2,14.58189487460
1818,Pathanamthitta,N,Y,N,DF,80,11,880.00000000000,0,N,N,BUI,BUI,1,The retaining wall of the school was damaged due to the impact of cut slope failure and toe cutting of the slope during heavy surface runoff induced by the debris flow. The rain water harvesting structure of the school near the crown portion of the slide,76.99491700000,9.30165800000,5,26.09267044070
1819,Pathanamthitta,N,Y,N,DF,0,0,0.00000000000,0,C,N,BUI,BUI,,"Road was blocked for 1day.,  Builtup increased",76.98839000000,9.30460000000,3,15.75235176090
1820,Pathanamthitta,N,Y,N,DF,0,0,0.00000000000,0,N,N,BUI,BUI,,"Debris material along the culvert outlet needs to be removed.,  Builtup increased",76.98724000000,9.30517000000,1,2.35009980202
1821,Pathanamthitta,N,Y,N,DF,0,0,0.00000000000,0,N,N,BUI,BUI,,Builtup increased,76.97962000000,9.31096000000,2,13.40057277680
1822,Pathanamthitta,N,Y,N,DF,0,0,0.00000000000,1,N,N,BUI,BUI,,"The house was built on the flow path of seasonal stream where the debris flow advanced down slope.,  Builtup increased",76.87509000000,9.17057000000,5,28.24054718020
1823,Pathanamthitta,N,Y,N,DF,0,0,0.00000000000,0,N,N,BUI,BUI,,"One house built on the right side of the flow path of debris flow/nala needs attention to avoid further chance of accident during future heavy rain spells.,  Built up increased",76.97783000000,9.30286000000,5,29.71242332460
1824,Pathanamthitta,N,Y,N,DF,0,0,0.00000000000,1,N,N,BUI,BUI,2,"Cut slope failure happened on the side of Chittar-Meenkuzhi road , which damaged the retaining wall of the house",76.94988000000,9.31625000000,4,21.67234039310
1825,Pathanamthitta,N,Y,N,DF,0,0,0.00000000000,0,N,N,BUI,BUI,,"the transformer situated on the left side of the slide course needs to be re- located immediately to avoid further  accidental situation,  Built up increased",76.95609000000,9.31382000000,1,9.43626689911
1826,Pathanamthitta,N,Y,N,DF,0,0,0.00000000000,0,N,N,BUI,BUI,,"The rubble wall used for cultivation, by blocking the nala, which added material to the debris flow,  Built up increased",76.96805000000,9.26931000000,1,9.50381183624
1827,Pathanamthitta,Y,Y,N,DF,0,0,7009.07048500000,2,D,N,FMP,BUI,,"Road partially damaged, One electric pole at risk. Drinking water facility (tank constructed by forest dept. ) damaged.,",76.93986200000,9.34560400000,6,34.27293014530
1828,Pathanamthitta,N,Y,N,DF,406,12,4872.00000000000,2,N,N,BUI,BUI,,"The house and the Anganvadi were made on the flow path of the small seasonal stream.,  Built up increased",76.93747700000,9.34593900000,5,28.85103416440
1829,Pathanamthitta,N,Y,N,DF,347,25,8675.00000000000,4,N,N,BUI,BUI,,"Drinking water facility (tank constructed by forest dept. ) damaged.,  Built up increased",76.93422300000,9.34661000000,7,36.21990966800
1830,Pathanamthitta,N,Y,N,DF,0,0,0.00000000000,1,N,N,BUI,BUI,,,76.86891000000,9.43726000000,5,27.25803756710
1831,Pathanamthitta,N,Y,N,DF,0,0,0.00000000000,1,N,N,BUI,BUI,,Built up increased,76.97333000000,9.41184000000,1,6.62118387222
1832,Pathanamthitta,N,Y,N,DF,0,0,0.00000000000,1,N,N,BUI,BUI,,Built up increased,76.96574000000,9.41843000000,3,16.89914131160
1833,Pathanamthitta,N,Y,N,RF,0,0,0.00000000000,7,N,N,BUI,BUI,,"The detached boulders/rock fragments were rolled downslope upto a distance of 60 m. On the ridge top, root wedging is observed along vertical joints, where the joints are detached and are at dangerous condition. One smaller abandoned quarry filled with w",76.74329000000,9.31696000000,6,30.67017936710
1834,Pathanamthitta,Y,N,N,DF,0,0,5912.01666500000,0,N,N,FDN,FDN,,,77.09672200000,9.40578000000,7,37.93566894530
1835,Pathanamthitta,Y,N,N,DF,0,0,1667.12858700000,0,N,N,FDN,FDN,,,77.09817800000,9.40704300000,9,45.79012298580
1836,Pathanamthitta,Y,N,N,DF,0,0,899.97101300000,0,N,N,FDN,FDN,,,77.09717200000,9.40706000000,7,36.74878692630
1837,Pathanamthitta,N,N,Y,DF,211,12,899.97101300000,0,N,N,FDN,FDN,,,77.09662700000,9.40691200000,6,33.29255676270
1838,Pathanamthitta,Y,N,N,SS,0,0,690.82793300000,0,N,N,FDN,FDN,,,76.98950600000,9.39492700000,9,48.39684295650
1839,Pathanamthitta,Y,N,N,SS,0,0,289.40943900000,0,N,N,FDN,FDN,,,76.98949400000,9.39466700000,8,43.26240921020
1840,Pathanamthitta,Y,N,N,SS,0,0,379.61030200000,0,N,N,FDN,FDN,,,76.98945500000,9.39447200000,5,27.64712142940
1841,Pathanamthitta,Y,N,N,DF,0,0,436.12498800000,0,N,N,FDN,FDN,,,77.12157100000,9.37995200000,7,39.22170639040
1842,Pathanamthitta,Y,N,N,DF,0,0,4482.16714800000,0,N,N,FDN,FDN,,,77.12406900000,9.37840000000,7,37.41985702510
1843,Pathanamthitta,Y,N,N,SS,0,0,20102.97471000000,0,N,N,FDN,FDN,5,,77.12555600000,9.37332300000,5,25.19420814510
1844,Pathanamthitta,N,N,Y,SS,63,46,20102.97471000000,0,N,N,FDN,FDN,5,,77.12619300000,9.37593000000,6,33.39797210690
1845,Pathanamthitta,Y,N,N,DF,0,0,4546.60438000000,0,N,N,FDN,FDN,,,77.14628100000,9.36866100000,4,21.61350631710
1846,Pathanamthitta,Y,N,N,DF,0,0,1599.27661700000,0,N,N,FDN,FDN,,,77.14410600000,9.37119000000,7,39.67141342160
1847,Pathanamthitta,Y,N,N,DF,0,0,2837.82148000000,0,N,N,FDN,FDN,,,77.14120900000,9.37820200000,4,20.74966430660
1848,Pathanamthitta,Y,N,N,DF,0,0,1334.58890800000,0,N,N,FDN,FDN,5,,77.19232300000,9.36470300000,6,31.04980468750
1849,Pathanamthitta,Y,N,N,SS,0,0,851.96072700000,0,N,N,FDN,FDN,5,,77.19206200000,9.36375300000,5,27.39071464540
1850,Pathanamthitta,Y,N,N,DF,0,0,643.69274800000,0,N,N,FDN,FDN,,,77.10989500000,9.35784000000,4,24.80493545530
1851,Pathanamthitta,Y,N,N,DF,0,0,1268.50504600000,0,N,N,FDN,FDN,,,77.09634600000,9.35290300000,3,17.71489906310
1852,Pathanamthitta,N,N,Y,SS,220,176,5039.58136800000,0,N,N,FDN,FDN,5,,77.14758100000,9.34102500000,7,36.97698974610
1853,Pathanamthitta,N,N,Y,SS,260,306,5039.58136800000,0,N,N,FDN,FDN,5,,77.14543700000,9.34097100000,8,44.43097686770
1854,Pathanamthitta,Y,N,N,DF,0,0,5039.58136800000,0,N,N,FDN,FDN,,,77.14333500000,9.34013000000,5,28.38078689580
1855,Pathanamthitta,Y,N,N,SS,0,0,14873.86773000000,0,N,N,FDN,FDN,5,,77.14190800000,9.34382700000,5,28.70932769780
1856,Pathanamthitta,Y,N,N,SS,0,0,20522.43489000000,0,N,N,FDN,FDN,5,,77.14413900000,9.34515100000,6,34.64672088620
1857,Pathanamthitta,N,N,Y,DF,640,42,1111.95971200000,0,N,N,FDN,FDN,,,77.12647100000,9.33189100000,7,36.35568237300
1858,Pathanamthitta,N,N,Y,DF,112,18,1111.95971200000,0,N,N,FDN,FDN,,,77.13356300000,9.32524300000,7,39.26917648320
1859,Pathanamthitta,Y,N,N,DF,0,0,3114.23720700000,0,N,N,FDN,FDN,,,77.11540700000,9.34308700000,6,33.31102752690
1860,Pathanamthitta,Y,N,N,SS,0,0,559.04772000000,0,N,N,FDN,FDN,,,77.10977200000,9.34016700000,8,44.37615966800
1861,Pathanamthitta,Y,N,N,DF,0,0,1111.95971200000,0,N,N,FDN,FDN,,,77.11924200000,9.33720500000,8,40.89104461670
1862,Pathanamthitta,Y,N,N,DF,0,0,498.16493000000,0,N,N,FDN,FDN,,,77.01746900000,9.32183500000,6,31.60166549680
1863,Pathanamthitta,Y,N,N,DF,0,0,1266.62158600000,0,N,N,FDN,FDN,,,77.10780100000,9.31673400000,5,27.11830902100
1864,Pathanamthitta,Y,N,N,DF,0,0,3117.24000000000,0,N,N,FDN,FDN,,,77.10453000000,9.31468600000,8,42.85890197750
1865,Pathanamthitta,Y,N,N,DF,0,0,2468.04541500000,0,N,N,FDN,FDN,,,77.10426300000,9.31183700000,7,36.93767929080
1866,Pathanamthitta,Y,N,N,DF,0,0,2362.55113300000,0,N,N,FDN,FDN,,,77.11178400000,9.31299400000,5,26.53172302250
1867,Pathanamthitta,N,N,Y,DF,170,20,2362.55113300000,0,N,N,FDN,FDN,,,77.11091400000,9.31051500000,5,28.49240303040
1868,Pathanamthitta,Y,N,N,DF,0,0,771.60559300000,0,N,N,FDN,FDN,,,77.09352900000,9.31311100000,8,43.83407592770
1869,Pathanamthitta,Y,N,N,DF,0,0,750.80097900000,0,D,N,FDN,FDN,,,77.04699600000,9.31073300000,6,30.91039276120
1870,Pathanamthitta,Y,N,N,DF,0,0,1611.85560300000,0,N,N,FDN,FDN,,,77.11840700000,9.30554600000,3,16.84669685360
1871,Pathanamthitta,Y,N,N,DF,0,0,1077.84766600000,0,N,N,FDN,FDN,,,77.11708400000,9.30519900000,7,35.84072875980
1872,Pathanamthitta,Y,N,N,DF,0,0,424.45420500000,0,N,N,FDN,FDN,,,77.07840600000,9.29941100000,6,31.04980468750
1873,Pathanamthitta,Y,N,N,DF,0,0,617.69605100000,0,N,N,FDN,FDN,,,77.06766700000,9.29766000000,4,24.85989761350
1874,Pathanamthitta,Y,N,N,DF,0,0,2170.04674900000,0,N,N,FDN,FDN,,,77.10957400000,9.29105100000,5,25.16731262210
1875,Pathanamthitta,Y,N,N,DF,0,0,3787.30208200000,0,N,N,FDN,FDN,,,77.10672700000,9.29056900000,6,33.72121429440
1876,Pathanamthitta,Y,N,N,DF,0,0,760.39248100000,0,N,N,FDN,FDN,,,77.11114100000,9.29449900000,6,34.34241104130
1877,Pathanamthitta,Y,N,N,DF,0,0,1189.25251700000,0,N,N,FDN,FDN,,,77.09528400000,9.29338100000,8,44.68720245360
1878,Pathanamthitta,Y,N,N,DF,0,0,4762.86447900000,0,N,N,FDN,FDN,,,77.09483500000,9.29016600000,6,34.18955612180
1879,Pathanamthitta,Y,N,N,DF,0,0,1277.23177800000,0,N,N,FDN,FDN,,,77.09400000000,9.29163500000,6,32.16978454590
1880,Pathanamthitta,Y,N,N,DF,0,0,1387.39455400000,0,N,N,FDN,FDN,,,77.09454900000,9.28831800000,6,30.43131065370
1881,Pathanamthitta,Y,N,N,DF,0,0,1812.03338100000,0,N,N,FDN,FDN,,,77.10465000000,9.28977500000,3,18.30809021000
1882,Pathanamthitta,Y,N,N,DF,0,0,1395.92292800000,0,N,N,FDN,FDN,,,77.06908400000,9.29117500000,5,25.51187896730
1883,Pathanamthitta,Y,N,N,DF,0,0,551.89277300000,0,N,N,FDN,FDN,,,77.10654500000,9.28849200000,4,23.98432159420
1884,Pathanamthitta,Y,N,N,DF,0,0,851.33840100000,0,N,N,FDN,FDN,,,77.12695700000,9.28805800000,5,26.61351966860
1885,Pathanamthitta,Y,N,N,DF,0,0,654.47783300000,0,N,N,FDN,FDN,,,77.25640400000,9.26578700000,6,30.25449752810
1886,Pathanamthitta,Y,N,N,DF,0,0,2834.67916000000,0,N,N,FDN,FDN,,,77.13027100000,9.20658700000,5,26.91402244570
1887,Pathanamthitta,Y,N,N,DF,0,0,1335.44206400000,0,N,N,FDN,FDN,,,77.16517000000,9.20549400000,5,27.07047080990
1888,Pathanamthitta,N,N,Y,DF,39,12,1335.44206400000,0,N,N,FDN,FDN,,,77.16535700000,9.20593200000,7,37.16483306880
1889,Pathanamthitta,Y,N,N,DF,0,0,1754.89304300000,0,N,N,FDN,FDN,,,77.12575300000,9.19862600000,7,37.39358139040
1890,Pathanamthitta,Y,N,N,DF,0,0,1166.93795500000,0,N,N,FDN,FDN,,,77.16811400000,9.18543600000,6,30.23967742920
1891,Pathanamthitta,N,Y,N,DF,406,21,8526.00000000000,1,C,FMP,FMP,FMP,,"Partially blocked slab culvert across the road needs to be cleaned,  Buildings increased",76.95601300000,9.32621800000,7,37.79954528810
1892,Pathanamthitta,N,Y,N,DF,160,15,2400.00000000000,1,N,FMP,FMP,FMP,,"House was situated on the left bank of the seasonal stream through which the debris flow advanced.,  Builtup increased",76.99734700000,9.30110100000,4,23.43540573120
1893,Pathanamthitta,N,Y,N,DF,368,12,4416.00000000000,2,N,FMP,FMP,FMP,,The houses were built on the flow path of the debris flow.,76.99360200000,9.30457900000,7,35.72176742550
1894,Pathanamthitta,N,Y,N,DF,510,16,8160.00000000000,0,C,FMP,FMP,FMP,,Road was blocked for 7 days.,76.99361800000,9.30662800000,5,28.33093833920
1895,Pathanamthitta,N,Y,N,DF,225,10,2250.00000000000,0,N,FMP,FMP,FMP,,"The house is  built on the right side of the flow path is at risk of future event.,  Road  at toe",76.98117900000,9.30339300000,5,25.52669525150
1896,Pathanamthitta,N,Y,N,DF,161,14,2254.00000000000,2,N,FMP,FMP,FMP,,"The completely damaged house was built on the flow path of seasonal stream.,  Road  at toe and built up increased",76.98005800000,9.30304500000,5,27.91097831730
1897,Pathanamthitta,Y,Y,N,DF,0,0,7110.77426200000,4,N,FMP,FMP,FMP,,The houses were constructed between the seasonal streams,76.95570300000,9.32105400000,5,28.31983947750
1898,Pathanamthitta,N,Y,N,DF,78,13,1014.00000000000,0,N,FMP,FMP,FMP,,,76.96862500000,9.27302000000,7,35.86880111690
1899,Pathanamthitta,Y,Y,N,DF,0,0,2333.12225600000,1,N,FMP,FMP,FMP,,Built up increased,76.96574000000,9.27022200000,5,27.63555336000
1900,Pathanamthitta,Y,Y,N,DF,0,0,10727.07833000000,0,C,FMP,FMP,FMP,,Road was blocked for 3 to 4 days,76.92033100000,9.35148300000,5,29.38260650630
1901,Pathanamthitta,N,N,Y,DF,144,20,2880.00000000000,0,N,FMP,FMP,FMP,,Building increased,76.99365900000,9.30600400000,7,37.11625671390
1902,Pathanamthitta,Y,N,N,DF,0,0,13185.50722000000,0,N,FMP,FMP,FMP,,,76.95533900000,9.32381600000,5,28.41393661500
1903,Pathanamthitta,Y,N,N,DF,0,0,13185.50722000000,0,N,FMP,FMP,FMP,,,76.95522400000,9.32313100000,6,34.15939712520
1904,Pathanamthitta,Y,N,N,DF,0,0,11280.96848000000,0,N,FMP,FMP,FMP,,,76.94163200000,9.34663100000,5,28.21542930600
1905,Pathanamthitta,Y,N,N,DF,0,0,4960.51145300000,0,N,FMP,FMP,FMP,,,76.92175800000,9.34997000000,5,26.23981094360
1906,Pathanamthitta,Y,N,N,SS,0,0,1154.37191800000,0,N,FMP,FMP,FMP,,,76.98986500000,9.32015400000,7,35.77386474610
1907,Pathanamthitta,Y,N,N,DF,0,0,2117.89599600000,0,N,FMP,FMP,FMP,,,76.98863500000,9.32023600000,6,33.55533981320
1908,Pathanamthitta,Y,N,N,DF,0,0,4061.41000000000,0,N,FMP,FMP,FMP,,,76.98747700000,9.31871900000,3,19.72432136540
1909,Pathanamthitta,Y,N,N,DF,0,0,13532.23302000000,0,D,FMP,FMP,FMP,,,77.10328200000,9.31577700000,5,27.69187164310
1910,Pathanamthitta,Y,N,N,DF,127,32,13532.23302000000,0,D,FMP,FMP,FMP,,,77.10340300000,9.31648900000,5,28.43600082400
1911,Pathanamthitta,Y,N,N,DF,0,0,1878.00742700000,0,D,FMP,FMP,FMP,,,77.10331900000,9.31471400000,5,29.38000297550
1912,Pathanamthitta,Y,N,N,SS,0,0,2219.26379300000,0,N,N,ROA,ROA,2,,76.95726700000,9.38514600000,4,23.64393424990
1913,Pathanamthitta,Y,N,N,DF,0,0,1603.05615500000,0,N,SPL,SPL,SPL,,,77.00845500000,9.32696200000,4,24.16795158390
1914,Pathanamthitta,Y,N,N,DF,0,0,1240.74111600000,0,N,SPL,SPL,SPL,,,77.00925200000,9.32644900000,6,30.06204032900
1915,Pathanamthitta,Y,N,N,DF,0,0,1603.05615500000,0,N,SPL,SPL,SPL,,,77.00900600000,9.32676900000,6,30.12685585020
1916,Thrissur,Y,Y,N,DF,0,0,1447.42000000000,0,N,N,FDN,FDN,,"Slide in dense forest area, no habitation",76.67792500000,10.29072100000,1,8.71157169342
1917,Thrissur,Y,Y,N,DF,0,0,1199.66000000000,0,N,N,FDN,FDN,,"Slide in dense forest area, no habitation",76.67459600000,10.29063800000,3,18.95320510860
1918,Thrissur,Y,Y,N,DF,0,0,1520.85000000000,0,N,N,FDN,FDN,,unstable debris material on the upslope as well as along the slide course is present,76.43362400000,10.30462900000,6,34.21383666990
1919,Thrissur,Y,Y,N,DF,0,0,5730.86000000000,0,C,FMP,FMP,FMP,,Temporary blockage of road for few hours during the event,76.45843000000,10.29898000000,3,18.17604064940
1920,Thrissur,Y,Y,N,DF,0,0,26271.47000000000,0,D,N,FDN,FDN,,Due to the slide there is Partial damage to the road,76.72222000000,10.30879000000,7,35.57248687740
1921,Thrissur,Y,Y,N,DF,0,0,3752.81000000000,0,N,N,FDN,FDN,,Debris flow due to heavy down pour along a seasonal first order stream,76.72121300000,10.30888100000,6,34.95472335820
1922,Thrissur,Y,Y,N,DF,0,0,2955.29000000000,0,N,N,FDN,FDN,,Debris flow due to heavy down pour along a seasonal first order stream,76.70633000000,10.30970000000,5,27.14068603520
1923,Thrissur,Y,Y,N,DF,0,0,1775.49000000000,0,N,N,FDN,FDN,,Debris flow due to heavy down pour along a seasonal first order stream,76.70611400000,10.30993300000,4,23.33576583860
1924,Thrissur,N,Y,N,DF,0,0,0.00000000000,0,N,N,BRF,BRF,2,slide induced by steep cutting of slope for road construction,76.75136000000,10.30188000000,5,27.59354782100
1925,Thrissur,Y,Y,N,DF,0,0,14165.40000000000,0,N,N,BRF,BRF,,Slide below the road,76.74451500000,10.30733600000,6,34.50910186770
1926,Thrissur,Y,Y,N,DF,0,0,9825.28000000000,0,N,N,BRF,BRF,,Slide took place along a seasonal first order stream,76.73735000000,10.31243000000,2,10.01070880890
1927,Thrissur,N,Y,N,DF,122,9,1098.00000000000,0,N,N,BRF,BRF,,Slide took place along a seasonal first order stream,76.73350000000,10.31510000000,5,26.50074958800
1928,Thrissur,Y,N,N,DF,0,0,1520.85000000000,0,N,N,BRF,BRF,,,76.43579700000,10.30630300000,6,30.85691642760
1929,Thrissur,Y,N,N,DF,0,0,2166.64000000000,0,N,N,BRF,BRF,,,76.74137500000,10.32508000000,7,39.30168533330
1930,Thrissur,Y,N,N,SS,0,0,1938.25000000000,0,N,N,BRF,BRF,,,76.74284700000,10.32248700000,5,29.84582138060
1931,Thrissur,Y,N,N,DF,0,0,2649.67000000000,0,N,N,BRF,BRF,,,76.73953300000,10.32649500000,5,27.60514640810
1932,Thrissur,Y,N,N,DF,0,0,3258.72000000000,0,N,N,BRF,BRF,,,76.74713300000,10.27880100000,7,36.40747070310
1933,Thrissur,Y,N,N,DF,0,0,4087.71000000000,0,N,N,BRF,BRF,,,76.44327700000,10.30749000000,8,40.92920684810
1934,Thrissur,Y,N,N,DF,0,0,9409.67000000000,0,N,N,BRF,BRF,,,76.54644900000,10.38839600000,6,33.60477447510
1935,Thrissur,Y,N,N,DF,0,0,24723.90000000000,0,N,N,BRF,BRF,,,76.54740300000,10.42314300000,5,26.56418228150
1936,Thrissur,Y,N,N,DF,0,0,3737.15000000000,0,N,N,BRF,BRF,,,76.54254900000,10.42192900000,6,34.92409133910
1937,Thrissur,Y,N,N,DF,0,0,9953.11000000000,0,N,N,BRF,BRF,,,76.48409900000,10.39376000000,5,26.29798316960
1938,Thrissur,Y,N,N,DF,0,0,8857.13000000000,0,N,N,BRF,BRF,,,76.48449700000,10.39065500000,3,18.07218551640
1939,Thrissur,Y,N,N,DF,0,0,2790.56000000000,0,N,N,BRF,BRF,,,76.48348100000,10.38772500000,3,19.18016815190
1940,Thrissur,Y,N,N,DF,0,0,19370.90000000000,0,N,N,BRF,BRF,,,76.47598500000,10.39110900000,8,40.30092239380
1941,Thrissur,Y,N,N,DF,0,0,3160.08000000000,0,N,N,BRF,BRF,,,76.44084600000,10.45695600000,7,38.56670761110
1942,Thrissur,Y,N,N,DF,0,0,11081.10000000000,0,N,N,BRF,BRF,,,76.45243800000,10.45694800000,3,15.34023952480
1943,Thrissur,Y,N,N,DF,0,0,9381.32000000000,0,N,N,BRF,BRF,,,76.45106700000,10.46474600000,8,41.12613296510
1944,Thrissur,Y,N,N,DF,0,0,10415.20000000000,0,N,N,BRF,BRF,,,76.45246300000,10.46496400000,3,19.26161003110
1945,Thrissur,Y,N,N,DF,0,0,4495.98000000000,0,N,N,BRF,BRF,,,76.40145600000,10.58868800000,5,27.67312049870
1946,Thrissur,Y,N,N,DF,0,0,2865.71000000000,0,N,N,BRF,BRF,,,76.48051300000,10.40582300000,7,35.75004577640
1947,Thrissur,Y,N,N,DF,0,0,2361.67000000000,0,N,N,BRF,BRF,,,76.47362300000,10.40320500000,6,31.45422935490
1948,Thrissur,Y,N,N,DF,0,0,1702.42000000000,0,N,N,BRF,BRF,,,76.47539100000,10.40551700000,7,39.74362945560
1949,Thrissur,Y,N,N,DF,0,0,3449.66000000000,0,N,N,BRF,BRF,,,76.47530600000,10.40406700000,7,39.61962509160
1950,Thrissur,Y,N,N,DF,0,0,1171.60000000000,0,N,N,BRF,BRF,,,76.74382100000,10.34938000000,5,28.92477989200
1951,Thrissur,Y,N,N,DF,0,0,694.45000000000,0,N,N,BRF,BRF,,,76.74678600000,10.34608800000,5,28.48141288760
1952,Thrissur,Y,N,N,DF,0,0,619.40000000000,0,N,N,BRF,BRF,,,76.73739200000,10.35361800000,7,36.62634658810
1953,Thrissur,Y,N,N,DF,0,0,8344.54000000000,0,N,N,BRF,BRF,,,76.52367500000,10.39467900000,5,28.21403121950
1954,Thrissur,Y,N,N,DF,0,0,4304.45000000000,0,N,N,BRF,BRF,,,76.51949900000,10.39083500000,5,29.96308135990
1955,Thrissur,Y,N,N,DF,0,0,2867.56000000000,0,N,N,BRF,BRF,,,76.40073600000,10.57372000000,3,19.57570648190
1956,Thrissur,Y,N,N,DF,0,0,10038.80000000000,0,N,N,BRF,BRF,,,76.49238800000,10.47304000000,9,47.79743194580
1957,Thrissur,Y,N,N,DF,0,0,1636.28000000000,0,N,N,BRF,BRF,,,76.47713400000,10.47234300000,5,27.57758712770
1958,Thrissur,Y,N,N,DF,0,0,1865.40000000000,0,N,N,BRF,BRF,,,76.47998100000,10.45338600000,4,22.44550704960
1959,Thrissur,Y,N,N,DF,0,0,4088.59000000000,0,N,N,BRF,BRF,,,76.49995200000,10.30328800000,6,33.21227264400
1960,Thrissur,Y,N,N,DF,0,0,5313.04000000000,0,N,N,BRF,BRF,,,76.49421300000,10.39253700000,8,40.68588256840
1961,Thrissur,Y,N,N,DF,0,0,7120.35000000000,0,N,N,BRF,BRF,,,76.52599200000,10.40094200000,6,30.72786140440
1962,Thrissur,N,Y,N,SS,0,0,0.00000000000,0,D,N,BRG,BRG,5,"Road towards the crest of the dam is partially damaged, one park totally damaged",76.63328000000,10.31432000000,1,2.53090786934
1963,Thrissur,Y,Y,N,DF,0,0,389.37000000000,0,N,N,BRS,BRS,2,slide induced by steep cutting of slope for road construction,76.74544000000,10.30573000000,5,26.74690818790
1964,Thrissur,N,Y,N,DF,0,0,0.00000000000,0,N,N,BRS,BRS,2,slide induced by steep cutting of slope for road construction,76.74498000000,10.30612000000,6,32.26733398440
1965,Thrissur,N,Y,N,DF,0,0,0.00000000000,0,N,N,BRS,BRS,,30 cattles were killed during the event,76.41956000000,10.30133000000,1,3.27158689499
1966,Thrissur,Y,N,N,DF,0,0,3193.96000000000,0,N,N,BRS,BRS,,,76.75423800000,10.29523400000,4,21.09976959230
1967,Thrissur,Y,N,N,DF,0,0,2315.42000000000,0,N,N,BRS,BRS,,,76.43202300000,10.41206700000,5,27.00746917720
1968,Thrissur,Y,N,N,DF,0,0,1985.33000000000,0,N,N,BRS,BRS,,,76.43145100000,10.41076300000,5,29.56507682800
1969,Thrissur,Y,N,N,DF,0,0,1563.37000000000,0,N,N,BRS,BRS,,,76.46639300000,10.40036100000,1,9.90405941010
1970,Thrissur,N,Y,N,DF,0,0,0.00000000000,0,N,N,BUI,BUI,,"debris flow along a seasonal first order stream, 2 houses located at very close vicinity of the side flow path",76.34032000000,10.51307000000,3,17.73681259160
1971,Thrissur,N,Y,N,DF,57,17,969.00000000000,0,N,N,BUI,BUI,,Slide took place along a seasonal first order stream,76.33841000000,10.51562000000,3,18.66890716550
1972,Thrissur,N,Y,N,SS,83,50,4150.00000000000,0,N,N,BUI,BUI,,tilting of the rings of an open well is seen near the toe tortion of the slide,76.33779100000,10.51003100000,5,26.79722213750
1973,Thrissur,N,Y,N,SS,0,0,0.00000000000,0,N,N,BUI,BUI,1,"due to removal of lateral support of the slope during steep cutting for construction of houses the stability of the slope got  reduced, making it more prone to sliding",76.33761700000,10.50792600000,1,2.67907547951
1974,Thrissur,N,Y,N,DF,33,13,429.00000000000,0,N,N,BUI,BUI,,"Water from septic tank of a house got breached away during the heavy rainfall, damaging a house downslope",76.33677700000,10.51451700000,2,12.34105110170
1975,Thrissur,N,Y,N,DF,41,21,861.00000000000,1,N,N,BUI,BUI,,Cracks developed at gound and flors and walls of the house to the left of the slide showing an ustable condition,76.33657900000,10.51437500000,2,12.34105110170
1976,Thrissur,N,Y,N,DF,62,9,558.00000000000,0,N,N,BUI,BUI,,Heavy flow of water along on old first order stream and widening of stream channel,76.32368300000,10.47906800000,4,22.74984359740
1977,Thrissur,N,Y,N,DF,244,18,4392.00000000000,0,N,N,BUI,BUI,,"Heavy flow of water along a seasonal first order stream, widening of channel, cross cutting joints in bedrock",76.32332000000,10.47969000000,3,17.64895057680
1978,Thrissur,N,Y,N,SS,67,21,1407.00000000000,0,N,N,BUI,BUI,5,"To avoid the erosion activity by flowing water, Piped canal has been provided near the slide portion, temporary measures for slope stabilization has been made by use of sand bags",76.32273000000,10.48762200000,2,14.01664257050
1979,Thrissur,N,Y,N,SS,0,0,0.00000000000,0,N,N,BUI,BUI,5,Toe erosion by canal flowing at the base of the slide,76.32214800000,10.48752600000,3,16.42869567870
1980,Thrissur,N,Y,N,DF,0,0,0.00000000000,0,N,N,BUI,BUI,5,"An unlined canal is flowing at downslope, which has caused toe cutting activity, reducing the stability of the slope: cracks developed on ground as well as walls of the house, an",76.32183000000,10.48451000000,3,18.47275161740
1981,Thrissur,N,Y,N,DF,23,34,782.00000000000,0,N,N,BUI,BUI,,"A canal is flowing on top portion of the slide, temporary measures for slope stabilization has been made by use of sand bags",76.32163500000,10.48780400000,3,18.11221885680
1982,Thrissur,N,Y,N,DF,30,9,270.00000000000,0,N,N,BUI,BUI,1,This slide has been induced by steep slope cutting behind the houses,76.30758600000,10.51589500000,3,15.53182983400
1983,Thrissur,N,Y,N,SS,40,26,1040.00000000000,0,C,N,BUI,BUI,1,Road to the downslope of the slide was blocked for nearly 5 days during the event,76.30799300000,10.51611800000,3,15.99723148350
1984,Thrissur,N,Y,N,SS,18,11,198.00000000000,0,N,N,CSV,CSV,5,Toe erosion by canal flowing at downslope,76.32088100000,10.48045400000,1,2.39658713341
1985,Thrissur,N,Y,N,DF,0,0,0.00000000000,0,N,N,FDN,FDN,2,slide induced by steep cutting of slope for road construction,76.84007000000,10.29346000000,3,18.01594543460
1986,Thrissur,Y,Y,N,DF,0,0,1455.68000000000,0,N,N,FDN,FDN,2,slide induced by steep cutting of slope for road construction,76.83218000000,10.29895000000,7,37.39039611820
1987,Thrissur,Y,Y,N,DF,0,0,1455.68000000000,0,N,N,FDN,FDN,2,slide induced by steep cutting of slope for road construction,76.83147200000,10.29942000000,5,28.15947151180
1988,Thrissur,N,Y,N,SS,0,0,0.00000000000,0,N,N,FDN,FDN,5,Toe erosion by nala flowing below the road,76.82913000000,10.30053000000,5,27.23582077030
1989,Thrissur,N,Y,N,DF,0,0,0.00000000000,0,N,N,FDN,FDN,2,slide induced by steep cutting of slope for road construction,76.82604000000,10.29796000000,1,9.32252502441
1990,Thrissur,N,Y,N,DF,0,0,0.00000000000,0,N,N,FDN,FDN,2,slide induced by steep cutting of slope for road construction,76.78339000000,10.30138000000,4,20.07550811770
1991,Thrissur,N,Y,N,DF,0,0,0.00000000000,0,D,N,FDN,FDN,,Subsidence below the road,76.62506000000,10.30818000000,7,38.09733581540
1992,Thrissur,N,Y,N,SS,0,0,0.00000000000,0,D,N,FDN,FDN,5,Partial damage to the road due to the slide,76.57943000000,10.30332000000,3,18.17604064940
1993,Thrissur,Y,Y,N,DF,0,0,8325.30000000000,0,N,N,FDN,FDN,,"Debris flow due to heavy discharge of material along the 1st order stream, widening of stream channel afternath",76.49159300000,10.30302600000,5,29.42549324040
1994,Thrissur,N,Y,N,DF,0,0,0.00000000000,0,N,N,FDN,FDN,,death of 1 person {Mrs. Leela (as per information from the local residents)},76.46712600000,10.32301000000,5,27.63555336000
1995,Thrissur,Y,Y,N,DF,0,0,3085.69000000000,0,N,N,FDN,FDN,,unstable debris material on the upslope as well as along the slide course is present,76.45517100000,10.34740600000,5,25.19252777100
1996,Thrissur,N,Y,N,DF,200,20,4000.00000000000,0,N,N,FDN,FDN,,unstable debris material on the upslope as well as along the slide course is present,76.44253300000,10.30252200000,3,16.11181640630
1997,Thrissur,N,Y,N,DF,350,12,4200.00000000000,0,N,N,FDN,FDN,,"Highly jointed  rock is exposed in the slide course, widening of stream channel after the event, unstable boulders are present along the nala course",76.30610400000,10.59046100000,8,43.99479675290
1998,Thrissur,Y,N,N,DF,0,0,12992.00000000000,0,N,N,FDN,FDN,,,76.43112400000,10.30288100000,4,22.91533088680
1999,Thrissur,Y,N,N,DF,0,0,6978.97000000000,0,N,N,FDN,FDN,,,76.74894800000,10.29573000000,7,35.47848510740
2000,Thrissur,Y,N,N,DF,0,0,40669.90000000000,0,N,N,FDN,FDN,,,76.46691200000,10.32505000000,5,29.98191642760
2001,Thrissur,Y,N,N,DF,0,0,12992.00000000000,0,N,N,FDN,FDN,,,76.43275000000,10.30368400000,5,28.77560997010
2002,Thrissur,Y,N,N,DF,0,0,9023.87000000000,0,N,N,FDN,FDN,,,76.50314900000,10.36225200000,2,12.02935218810
2003,Thrissur,Y,N,N,DF,0,0,4302.21000000000,0,N,N,FDN,FDN,,,76.50243200000,10.36125000000,4,23.43540573120
2004,Thrissur,Y,N,N,DF,0,0,8812.07000000000,0,N,N,FDN,FDN,,,76.54192600000,10.40088000000,5,29.88626289370
2005,Thrissur,Y,N,N,DF,0,0,13151.30000000000,0,N,N,FDN,FDN,,,76.54235300000,10.39912300000,4,22.25881385800
2006,Thrissur,Y,N,N,DF,0,0,8258.86000000000,0,N,N,FDN,FDN,,,76.53640700000,10.40472800000,7,35.63040924070
2007,Thrissur,Y,N,N,DF,0,0,6055.67000000000,0,N,N,FDN,FDN,,,76.53525100000,10.40677500000,9,50.11236572270
2008,Thrissur,Y,N,N,DF,0,0,2392.47000000000,0,N,N,FDN,FDN,,,76.53437200000,10.40579600000,6,33.06718444820
2009,Thrissur,Y,N,N,DF,0,0,6328.41000000000,0,N,N,FDN,FDN,,,76.53385500000,10.40724300000,8,41.02230834960
2010,Thrissur,Y,N,N,SS,0,0,3293.57000000000,0,N,N,FDN,FDN,,,76.51869700000,10.41274700000,6,32.50170516970
2011,Thrissur,Y,N,N,DF,0,0,2605.85000000000,0,N,N,FDN,FDN,,,76.55314200000,10.40120300000,7,37.09840774540
2012,Thrissur,Y,N,N,DF,0,0,18067.10000000000,0,N,N,FDN,FDN,,,76.48128900000,10.38397200000,2,10.61141204830
2013,Thrissur,Y,N,N,DF,0,0,6374.35000000000,0,N,N,FDN,FDN,,,76.45789800000,10.39185300000,5,25.77977180480
2014,Thrissur,Y,N,N,DF,0,0,13044.00000000000,0,N,N,FDN,FDN,,,76.42235400000,10.41366300000,3,17.10979652400
2015,Thrissur,Y,N,N,DF,0,0,30844.00000000000,0,N,N,FDN,FDN,,,76.43527400000,10.45037700000,4,21.17143821720
2016,Thrissur,Y,N,N,DF,0,0,11704.90000000000,0,N,N,FDN,FDN,,,76.43741800000,10.45224200000,6,32.28371810910
2017,Thrissur,Y,N,N,DF,0,0,10809.00000000000,0,N,N,FDN,FDN,,,76.44814100000,10.45374000000,3,17.77235031130
2018,Thrissur,Y,N,N,DF,0,0,4610.65000000000,0,N,N,FDN,FDN,,,76.45738100000,10.46275000000,3,18.16011238100
2019,Thrissur,Y,N,N,DF,0,0,6923.06151500000,0,N,N,FDN,FDN,,,76.44245200000,10.50769700000,6,30.05704307560
2020,Thrissur,Y,N,N,DF,0,0,13231.40000000000,0,N,N,FDN,FDN,,,76.44325500000,10.50442500000,4,21.22334861760
2021,Thrissur,Y,N,N,DF,0,0,25660.30000000000,0,N,N,FDN,FDN,,,76.38106600000,10.50831600000,4,23.64948272710
2022,Thrissur,Y,N,N,SS,0,0,1409.72000000000,0,N,N,FDN,FDN,,,76.75482400000,10.30195700000,6,30.30503273010
2023,Thrissur,Y,N,N,DF,0,0,3082.83000000000,0,N,N,FDN,FDN,,,76.34052200000,10.64756900000,2,13.38523006440
2024,Thrissur,Y,N,N,DF,0,0,2508.51000000000,0,N,N,FDN,FDN,,,76.31732600000,10.57111600000,5,29.13217353820
2025,Thrissur,Y,N,N,DF,0,0,7591.86000000000,0,N,N,FDN,FDN,,,76.35361000000,10.62944400000,8,40.06953430180
2026,Thrissur,Y,N,N,DF,0,0,4125.80000000000,0,N,N,FDN,FDN,,,76.40869000000,10.50493400000,5,29.50706100460
2027,Thrissur,Y,N,N,DF,0,0,4973.55000000000,0,N,N,FDN,FDN,,,76.41317900000,10.50374600000,3,17.00631713870
2028,Thrissur,Y,N,N,DF,0,0,10986.70000000000,0,N,N,FDN,FDN,,,76.41074800000,10.50303500000,4,20.66926383970
2029,Thrissur,Y,N,N,DF,0,0,2416.56000000000,0,N,N,FDN,FDN,,,76.40767200000,10.50706100000,1,0.47027316689
2030,Thrissur,Y,N,N,DF,0,0,6212.20000000000,0,N,N,FDN,FDN,,,76.42234200000,10.50433300000,4,22.16157531740
2031,Thrissur,Y,N,N,DF,0,0,2628.54000000000,0,N,N,FDN,FDN,,,76.42406500000,10.51317100000,3,15.49309253690
2033,Thrissur,Y,N,N,SS,0,0,3413.98000000000,0,N,N,FDN,FDN,,,76.45769100000,10.50249200000,5,27.06897354130
2034,Thrissur,Y,N,N,DF,0,0,698.96000000000,0,N,N,FDN,FDN,,,76.47304200000,10.47199400000,5,27.57758712770
2035,Thrissur,Y,N,N,DF,0,0,1029.19000000000,0,N,N,FDN,FDN,,,76.47243900000,10.47202900000,4,24.79977226260
2036,Thrissur,Y,N,N,DF,0,0,3393.80000000000,0,N,N,BRF,FDN,,,76.46324800000,10.47671800000,2,13.21122169490
2037,Thrissur,Y,N,N,SS,0,0,2106.68000000000,0,N,N,FDN,FDN,,,76.45392900000,10.40888300000,4,22.28302955630
2038,Thrissur,Y,N,N,DF,0,0,2893.69000000000,0,N,N,FDN,FDN,,,76.45146400000,10.41083200000,4,24.22513008120
2039,Thrissur,Y,N,N,DF,0,0,2315.28000000000,0,N,N,FDN,FDN,,,76.47952500000,10.39818700000,5,26.47282409670
2040,Thrissur,Y,N,N,DF,0,0,942.63000000000,0,N,N,FDN,FDN,,,76.46832600000,10.35319300000,4,22.90564346310
2041,Thrissur,Y,N,N,DF,0,0,2247.39276900000,0,N,N,FDN,FDN,,,76.46749900000,10.35246300000,6,30.06204032900
2042,Thrissur,Y,N,N,DF,0,0,7027.59000000000,0,N,N,FDN,FDN,,,76.46997300000,10.33429200000,4,24.92150878910
2043,Thrissur,Y,N,N,DF,0,0,15238.60000000000,0,N,N,FDN,FDN,,,76.52241600000,10.43640400000,4,21.82676124570
2044,Thrissur,Y,N,N,DF,0,0,18377.10000000000,0,N,N,FDN,FDN,,,76.37041400000,10.54906300000,6,33.54523086550
2045,Thrissur,Y,Y,N,DF,0,0,16255.39000000000,1,N,FMP,FMP,FMP,,1 water tank is damaged due to the debris flow,76.37607700000,10.35226900000,5,28.81875228880
2046,Thrissur,N,Y,N,DF,0,0,0.00000000000,1,N,FMP,FMP,FMP,5,"A stream is flowing at downslope, which has caused toe cutting activity, reducing the stability of the slope: cracks developed on ground as well as walls of the house, an",76.36094000000,10.53403000000,1,5.39734983444
2047,Thrissur,N,Y,N,SS,0,0,0.00000000000,0,N,FMP,FMP,FMP,1,slide induced by steep cutting of slope behind the house,76.29259600000,10.61521700000,2,14.85339260100
2048,Thrissur,N,Y,N,DF,90,26,2340.00000000000,0,N,FMP,FMP,FMP,1,This slide has been induced by steep slope cutting behind the houses,76.28667000000,10.50058000000,2,14.38224601750
2049,Thrissur,Y,N,N,DF,0,0,7415.60000000000,0,N,FMP,FMP,FMP,,,76.46599500000,10.31799200000,2,11.14411926270
2050,Thrissur,Y,N,N,DF,0,0,8717.26000000000,0,N,FMP,FMP,FMP,,,76.45591300000,10.30212200000,5,27.56451797490
2051,Thrissur,Y,N,N,DF,0,0,18140.20000000000,0,N,FMP,FMP,FMP,1,Built up increased at toe,76.37685100000,10.35218700000,6,32.74446487430
2052,Thrissur,Y,N,N,DF,0,0,2230.52000000000,0,N,FMP,FMP,FMP,,,76.44990500000,10.51008300000,2,12.05531215670
2053,Thrissur,N,Y,N,DF,0,0,0.00000000000,0,N,N,FNO,FNO,2,slide induced by steep cutting of slope for road construction,76.70592000000,10.30348000000,5,28.62099266050
2054,Thrissur,Y,N,N,DF,0,0,2429.44000000000,0,N,N,FNO,FNO,,,76.47061200000,10.32364400000,5,26.38563728330
2055,Thrissur,Y,N,N,DF,0,0,6648.20000000000,0,N,N,FNO,FNO,,,76.47118300000,10.32245200000,6,32.80804061890
2056,Thrissur,Y,N,N,DF,0,0,1432.39000000000,0,N,N,FNO,FNO,,,76.39842300000,10.45461900000,5,29.73409461980
2057,Thrissur,Y,N,N,DF,0,0,2979.99000000000,0,N,SPL,SPL,SPL,,,76.88648700000,10.25813800000,5,25.07620811460
2058,Thrissur,Y,Y,N,DF,0,0,1243.46000000000,0,N,N,BSF,BSF,,Slide below the road,76.75797000000,10.30290000000,5,28.18047714230
2059,Thrissur,Y,N,N,DF,0,0,2668.93000000000,0,C,N,BSF,BSF,,,76.76093100000,10.30284400000,7,36.01624298100
2060,Thrissur,Y,N,N,DF,0,0,1475.28000000000,0,N,TEA,TEA,TEA,,,76.85510200000,10.28707300000,3,19.87618255620
2061,Thrissur,Y,N,N,DF,0,0,656.36000000000,0,N,TEA,TEA,TEA,,,76.86218800000,10.28090800000,4,20.96200942990
2062,Thrissur,Y,N,N,DF,0,0,445.30000000000,0,N,TEA,TEA,TEA,5,,76.85970500000,10.28376700000,1,5.51746368408
2063,Thrissur,Y,N,N,SS,0,0,723.89000000000,0,N,TEA,TEA,TEA,2,,76.85539700000,10.28897100000,1,4.46481943130
2064,Thrissur,Y,N,N,DF,0,0,4337.66000000000,0,N,N,BRF,BRF,,,76.50058500000,10.39405700000,9,45.36149597170
2065,Thrissur,Y,N,N,DF,0,0,4881.07000000000,0,N,N,BRF,BRF,,,76.52281900000,10.37732500000,7,35.61528015140
2066,Thrissur,Y,N,N,DF,0,0,16476.80000000000,0,N,N,BRF,BRF,,,76.51268600000,10.37079300000,8,40.80738830570
2067,Thrissur,Y,N,N,DF,0,0,8550.08000000000,0,N,N,BRF,BRF,,,76.52214500000,10.36456800000,8,41.68753814700
2068,Thrissur,Y,N,N,DF,0,0,22461.40000000000,0,N,N,BRF,BRF,,,76.52299500000,10.36443500000,7,37.55216598510
2069,Thrissur,Y,N,N,DF,0,0,2058.70000000000,0,N,N,BRF,BRF,,,76.52469900000,10.36343400000,8,40.73936080930
2070,Thrissur,Y,N,N,DF,0,0,8653.72000000000,0,N,N,BRF,BRF,,,76.52824700000,10.35722400000,4,21.36948394780
2071,Thrissur,Y,N,N,DF,0,0,5845.53000000000,0,N,N,BRF,BRF,,,76.53483400000,10.35816500000,7,36.69559478760
2072,Thrissur,Y,N,N,DF,0,0,1507.72000000000,0,N,N,BRF,BRF,,,76.53791500000,10.36265700000,2,11.59160804750
2073,Thrissur,Y,N,N,DF,0,0,1697.61000000000,0,N,N,BRF,BRF,,,76.53533700000,10.35050900000,3,15.61856842040
2074,Thrissur,Y,N,N,DF,0,0,3718.65000000000,0,N,N,BRF,BRF,,,76.55930100000,10.36996900000,8,43.13735198970
2075,Thrissur,Y,N,N,DF,0,0,2629.93000000000,0,N,N,BRF,BRF,,,76.56054000000,10.37051800000,8,43.27110672000
2076,Thrissur,Y,N,N,DF,0,0,3147.41000000000,0,N,N,BRF,BRF,,,76.56291700000,10.37041100000,7,35.82755661010
2077,Thrissur,Y,N,N,DF,0,0,3215.73000000000,0,N,N,BRF,BRF,,,76.57489200000,10.36308900000,4,21.85787582400
2078,Thrissur,Y,N,N,DF,0,0,3174.05000000000,0,N,N,BRF,BRF,,,76.57696600000,10.36378800000,6,31.34827232360
2079,Thrissur,Y,N,N,DF,0,0,14031.00000000000,0,N,N,BRF,BRF,,,76.57908800000,10.36726000000,5,25.17740440370
2080,Thrissur,Y,N,N,DF,0,0,5201.62000000000,0,N,N,BRF,BRF,,,76.57757700000,10.36944900000,6,31.33208847050
2081,Thrissur,Y,N,N,DF,0,0,6247.49000000000,0,N,N,BRF,BRF,,,76.57959300000,10.36981200000,7,37.35768127440
2082,Thrissur,Y,N,N,DF,0,0,23080.50000000000,0,N,N,BRF,BRF,,,76.57494700000,10.34743300000,6,34.35973358150
2083,Thrissur,Y,N,N,DF,0,0,1943.05000000000,0,N,N,BRF,BRF,,,76.59481700000,10.36856400000,6,34.38856506350
2084,Thrissur,Y,N,N,DF,0,0,1658.90000000000,0,N,N,BRF,BRF,,,76.59554400000,10.36764900000,6,31.94287300110
2085,Thrissur,Y,N,N,DF,0,0,840.93000000000,0,N,N,BRF,BRF,,,76.59650900000,10.36827300000,7,37.11625671390
2086,Thrissur,Y,N,N,DF,0,0,986.96000000000,0,N,N,BRF,BRF,,,76.59896700000,10.36691200000,5,29.00485420230
2087,Thrissur,Y,N,N,DF,0,0,1499.18000000000,0,N,N,BRF,BRF,,,76.59900300000,10.36549500000,5,28.64414024350
2088,Thrissur,Y,N,N,DF,0,0,1071.39000000000,0,N,N,BRF,BRF,,,76.59828500000,10.36468400000,6,30.11316680910
2089,Thrissur,Y,N,N,DF,0,0,867.56700000000,0,N,N,BRF,BRF,,,76.61025600000,10.35024800000,3,17.83772087100
2090,Thrissur,Y,N,N,DF,0,0,1071.07000000000,0,N,N,BRF,BRF,,,76.60997300000,10.35012700000,4,23.11356353760
2091,Thrissur,Y,N,N,DF,0,0,834.49000000000,0,N,N,BRF,BRF,,,76.60933300000,10.34960700000,2,14.44564342500
2092,Thrissur,Y,N,N,DF,0,0,2450.86000000000,0,N,N,BRF,BRF,,,76.62310600000,10.33850100000,7,39.35243225100
2093,Thrissur,Y,N,N,DF,0,0,1585.60000000000,0,N,N,BRF,BRF,,,76.63269300000,10.33572800000,5,25.52998542790
2094,Thrissur,Y,N,N,DF,0,0,3603.71000000000,0,N,N,BRF,BRF,,,76.69728600000,10.33691200000,6,33.16784667970
2095,Thrissur,Y,N,N,DF,0,0,804.87800000000,0,N,N,BRF,BRF,,,76.69694200000,10.33534600000,6,32.66252136230
2096,Thrissur,Y,N,N,DF,0,0,613.78100000000,0,N,N,BRF,BRF,,,76.79545100000,10.27897400000,4,21.71632003780
2097,Thrissur,Y,N,N,DF,0,0,535.35200000000,0,N,N,BRF,BRF,,,76.79610400000,10.27841200000,1,9.68695259094
2098,Thrissur,Y,N,N,DF,0,0,359.58700000000,0,N,N,BRF,BRF,,,76.79905000000,10.27783800000,7,36.87523651120
2099,Thrissur,Y,N,N,RF,0,0,3988.16000000000,0,N,N,BRF,BRF,,,76.57566200000,10.34769500000,5,28.71881294250
2100,Thrissur,Y,N,N,RF,0,0,2514.57000000000,0,N,N,BRF,BRF,,,76.71244000000,10.33145200000,9,50.39775466920
2101,Thrissur,Y,N,N,DF,0,0,2276.97000000000,0,N,N,BRS,BRS,,,76.58032000000,10.34285000000,6,30.50564384460
2102,Thrissur,Y,N,N,DF,0,0,9678.56000000000,0,N,N,FDN,FDN,,,76.50826900000,10.32884400000,5,26.53172302250
2103,Thrissur,Y,N,N,DF,0,0,7725.25000000000,0,N,N,FDN,FDN,,,76.56631700000,10.39518900000,5,28.15106201170
2104,Thrissur,Y,N,N,DF,0,0,3431.98000000000,0,N,N,FDN,FDN,,,76.56423600000,10.39106400000,6,31.58800506590
2105,Thrissur,Y,N,N,DF,0,0,3066.76000000000,0,N,N,FDN,FDN,,,76.56618400000,10.39058300000,5,27.95502090450
2106,Thrissur,Y,N,N,DF,0,0,1448.22000000000,0,N,N,FDN,FDN,,,76.56868200000,10.38872200000,5,27.43763351440
2107,Thrissur,Y,N,N,DF,0,0,689.40600000000,0,N,N,FDN,FDN,,,76.56734300000,10.38845400000,4,24.08719825740
2108,Thrissur,Y,N,N,DF,0,0,8094.28000000000,0,N,N,FDN,FDN,,,76.58805800000,10.40655300000,6,30.58448600770
2109,Thrissur,Y,N,N,DF,0,0,823.81400000000,0,N,N,FDN,FDN,,,76.60938700000,10.37365300000,1,6.81511068344
2110,Thrissur,Y,N,N,DF,0,0,1686.83000000000,0,N,N,FDN,FDN,,,76.61306700000,10.36645600000,7,39.29179763790
2111,Thrissur,Y,N,N,DF,0,0,6232.37000000000,0,N,N,FDN,FDN,,,76.54102300000,10.35499200000,4,23.27340888980
2112,Thrissur,Y,N,N,DF,0,0,10024.70000000000,0,N,N,FDN,FDN,,,76.54727800000,10.35653000000,7,36.05181121830
2113,Thrissur,Y,N,N,DF,0,0,1830.20000000000,0,N,N,FDN,FDN,,,76.54812800000,10.35335800000,6,34.56428909300
2114,Thrissur,Y,N,N,DF,0,0,3615.60000000000,0,N,N,FDN,FDN,,,76.54834200000,10.36430500000,5,26.74690818790
2115,Thrissur,Y,N,N,DF,0,0,3040.58000000000,0,N,N,FDN,FDN,,,76.56760000000,10.36001600000,5,27.53106880190
2116,Thrissur,Y,N,N,DF,0,0,2764.62000000000,0,N,N,FDN,FDN,,,76.57418600000,10.36102600000,5,26.53172302250
2117,Thrissur,Y,N,N,DF,0,0,1373.77000000000,0,N,N,FDN,FDN,,,76.58183400000,10.36595100000,4,24.03493881230
2118,Thrissur,Y,N,N,DF,0,0,5375.79000000000,0,N,N,FDN,FDN,,,76.57371900000,10.35086700000,5,29.88247489930
2119,Thrissur,Y,N,N,DF,0,0,1340.26000000000,0,N,N,FDN,FDN,,,76.57982100000,10.34936800000,6,31.10148811340
2120,Thrissur,Y,N,N,DF,0,0,716.14700000000,0,N,N,FDN,FDN,,,76.58286100000,10.34566900000,5,29.17835044860
2121,Thrissur,Y,N,N,DF,0,0,854.10000000000,0,N,N,FDN,FDN,,,76.57929900000,10.35162500000,5,27.19426727290
2122,Thrissur,Y,N,N,DF,0,0,1764.99000000000,0,N,N,FDN,FDN,,,76.58960400000,10.34339400000,6,30.09323310850
2123,Thrissur,Y,N,N,DF,0,0,1435.97000000000,0,N,N,FDN,FDN,,,76.59238700000,10.34180200000,5,25.87507820130
2124,Thrissur,Y,N,N,DF,0,0,2375.68000000000,0,N,N,FDN,FDN,,,76.61961500000,10.34405800000,5,29.44106101990
2125,Thrissur,Y,N,N,DF,0,0,1363.12000000000,0,N,N,FDN,FDN,,,76.62571700000,10.34354500000,5,27.12278747560
2126,Thrissur,Y,N,N,DF,0,0,2087.96000000000,0,N,N,FDN,FDN,,,76.62700400000,10.33820900000,6,34.21868896480
2127,Thrissur,Y,N,N,DF,0,0,1099.07000000000,0,N,N,FDN,FDN,,,76.64060800000,10.33545800000,2,14.78863334660
2128,Thrissur,Y,N,N,DF,0,0,727.69800000000,0,N,N,FDN,FDN,,,76.63476100000,10.36250700000,2,14.80570793150
2129,Thrissur,Y,N,N,DF,0,0,1474.58000000000,0,N,N,FDN,FDN,,,76.64162800000,10.34720200000,5,28.80123901370
2130,Thrissur,Y,N,N,DF,0,0,5880.39000000000,0,N,N,FDN,FDN,,,76.55038900000,10.34236400000,4,22.63591384890
2131,Thrissur,Y,N,N,DF,0,0,5875.77000000000,0,N,N,FDN,FDN,,,76.54500000000,10.33142700000,4,24.42014312740
2132,Thrissur,Y,N,N,DF,0,0,5308.98000000000,0,N,N,FDN,FDN,,,76.55037500000,10.33504900000,4,22.56874275210
2133,Thrissur,Y,N,N,DF,0,0,10489.20000000000,0,N,N,FDN,FDN,,,76.55081700000,10.33379200000,5,26.98340415950
2134,Thrissur,Y,N,N,DF,0,0,4572.70000000000,0,N,N,FDN,FDN,,,76.56359300000,10.33509600000,5,29.48120880130
2135,Thrissur,Y,N,N,DF,0,0,42533.80000000000,0,N,N,FDN,FDN,,,76.56381200000,10.33131000000,3,16.02209091190
2136,Thrissur,Y,N,N,DF,0,0,1793.10000000000,0,N,N,FDN,FDN,,,76.57162600000,10.32836300000,5,26.94874954220
2137,Thrissur,Y,N,N,DF,0,0,2284.78000000000,0,N,N,FDN,FDN,,,76.54995000000,10.32516300000,6,32.13566970830
2138,Thrissur,Y,N,N,DF,0,0,2847.79000000000,0,N,N,FDN,FDN,,,76.54816900000,10.31862400000,4,22.39553833010
2139,Thrissur,Y,N,N,DF,0,0,20855.30000000000,0,N,N,FDN,FDN,,,76.56190100000,10.31195900000,1,4.75034523010
2140,Thrissur,Y,N,N,DF,0,0,3784.73000000000,0,N,N,FDN,FDN,,,76.56820800000,10.31383700000,6,32.38819122310
2141,Thrissur,Y,N,N,DF,0,0,1460.25000000000,0,N,N,FDN,FDN,,,76.60613600000,10.31779100000,4,22.95981216430
2142,Thrissur,Y,N,N,DF,0,0,2267.27000000000,0,N,N,FDN,FDN,,,76.62019600000,10.33092500000,2,14.76126575470
2143,Thrissur,Y,N,N,DF,0,0,876.17800000000,0,N,N,FDN,FDN,,,76.63229500000,10.31953300000,3,19.81941795350
2144,Thrissur,Y,N,N,DF,0,0,1007.19000000000,0,N,N,FDN,FDN,,,76.62947000000,10.29146400000,1,3.06295371056
2145,Thrissur,Y,N,N,DF,0,0,3690.12000000000,0,N,N,FDN,FDN,,,76.63248900000,10.28899700000,1,8.71772289276
2146,Thrissur,Y,N,N,DF,0,0,1393.37000000000,0,N,N,FDN,FDN,,,76.60507100000,10.28977900000,1,7.71625232697
2147,Thrissur,Y,N,N,SS,0,0,626.26100000000,0,N,N,FDN,FDN,,,76.59882500000,10.38210100000,1,7.63184213638
2148,Thrissur,Y,N,N,SS,0,0,1955.75000000000,0,N,N,FDN,FDN,,,76.63897100000,10.29305500000,3,16.50076675420
2149,Thrissur,Y,N,N,DF,0,0,879.22300000000,0,N,N,FNO,FDN,,,76.58399100000,10.36010600000,5,28.28649902340
2150,Thrissur,Y,N,N,DF,0,0,6406.26000000000,0,N,N,FNO,FDN,,,76.56806500000,10.34871300000,7,36.91798400880
2151,Thrissur,Y,N,N,DF,0,0,2538.09000000000,0,N,N,FNO,FNO,,,76.51528000000,10.30155500000,3,19.50567817690
2152,Thrissur,Y,N,N,DF,0,0,3122.77000000000,0,N,N,FNO,FNO,,,76.51463800000,10.30057200000,2,14.04571914670
2153,Thrissur,Y,N,N,DF,0,0,4251.52000000000,0,N,N,FNO,FNO,,,76.51570500000,10.35923800000,5,26.20827865600
2154,Thrissur,Y,N,N,DF,0,0,3591.94000000000,0,N,N,FNO,FNO,,,76.63150300000,10.33970400000,3,16.21012496950
2155,Thrissur,Y,N,N,DF,0,0,7018.35000000000,0,N,N,FNO,FNO,,,76.60804100000,10.32429300000,5,27.73937797550
2156,Thrissur,Y,N,N,DF,0,0,3006.24000000000,0,N,N,FNO,FNO,,,76.60589400000,10.32528000000,6,33.39797210690
2157,Thrissur,Y,N,N,DF,0,0,1410.17000000000,0,N,N,FNO,FNO,,,76.60351900000,10.32232400000,6,32.98579025270
2158,Thrissur,Y,N,N,DF,0,0,1185.27000000000,0,N,N,FNO,FNO,,,76.61251800000,10.31893700000,5,29.81035423280
2159,Thrissur,Y,N,N,DF,0,0,2150.02000000000,0,N,N,FNO,FNO,,,76.63415600000,10.29615300000,1,9.05510711670
2160,Thrissur,Y,N,N,DF,0,0,2089.64000000000,0,N,N,FNO,FNO,,,76.63235300000,10.29316000000,1,5.96409988403
2161,Thrissur,Y,N,N,DF,0,0,4350.79000000000,0,N,N,FNO,FNO,,,76.63556300000,10.29273700000,2,13.74801445010
2162,Thrissur,Y,N,N,DF,0,0,3920.26000000000,0,N,N,FNO,FNO,,,76.63409500000,10.29095200000,1,9.87720298767
2163,Thrissur,Y,N,N,DF,0,0,3898.42000000000,0,N,N,FNO,FNO,,,76.74820200000,10.30045800000,4,23.29043960570
2164,Thrissur,Y,N,N,DF,0,0,541.20600000000,0,N,N,FNO,FNO,,,76.84823100000,10.28470900000,4,21.95702552800
2165,Thrissur,Y,N,N,SS,0,0,475.99600000000,0,N,N,FNO,FNO,,,76.74276800000,10.30340800000,4,22.78307914730
2166,Thrissur,Y,N,N,DF,0,0,1212.93000000000,0,N,N,GNA,GNA,,,76.67536500000,10.29072900000,5,25.94098281860
2167,Thrissur,Y,N,N,DF,0,0,2248.97000000000,0,N,N,GNA,GNA,,,76.67674300000,10.29099500000,3,19.87854385380
2168,Thrissur,Y,N,N,DF,0,0,1899.09000000000,0,N,N,ROA,ROA,,,76.71700200000,10.31262500000,3,17.84587097170
2169,Thrissur,Y,N,N,DF,0,0,1900.21000000000,0,N,N,ROA,ROA,,,76.74642000000,10.30479500000,5,29.81035423280
2170,Thrissur,Y,N,N,DF,0,0,661.54400000000,0,N,N,ROA,ROA,,,76.74688700000,10.30391000000,8,43.11210632320
2171,Thrissur,Y,N,N,SS,0,0,4899.20000000000,0,N,N,SNA,SNA,,,76.63312700000,10.29972400000,3,17.84587097170
2172,Thrissur,Y,N,N,DF,0,0,1404.99000000000,0,N,TEA,TEA,TEA,,,76.85587300000,10.28373100000,3,18.67915725710
2173,Thiruvananthapuram,Y,N,N,DF,0,0,1393.55000000000,0,N,N,FDN,FDN,,,77.16063700000,8.75410300000,6,32.56192779540
2174,Thiruvananthapuram,N,N,Y,DF,168,32,5376.00000000000,0,N,N,FDN,FDN,,,77.15978700000,8.75952500000,7,39.45343017580
2175,Thiruvananthapuram,Y,N,N,DF,0,0,2587.89000000000,0,N,N,FDN,FDN,,,77.15689700000,8.73095500000,8,41.43464660640
2176,Thiruvananthapuram,Y,N,N,SS,0,0,1724.02000000000,0,N,FMP,FMP,FMP,2,,77.08476200000,8.47445300000,2,12.39144706730
2177,Wayanad,Y,N,N,DF,0,0,315.45100000000,0,N,N,BRF,BRF,,,75.98343900000,11.56055200000,5,27.55143737790
2178,Wayanad,Y,N,N,RF,0,0,538.27200000000,0,N,N,BRF,BRF,,,75.95305800000,11.60944200000,4,22.54099845890
2179,Wayanad,Y,N,N,RF,0,0,416.65900000000,0,N,N,BRF,BRF,,,75.97701000000,11.54496300000,6,34.22451019290
2180,Wayanad,Y,N,N,DF,0,0,1111.42000000000,0,N,N,BRF,BRF,,,75.97243800000,11.55606800000,3,16.48878097530
2181,Wayanad,Y,N,N,DF,0,0,1423.37000000000,0,N,N,BRF,BRF,,,75.97324200000,11.55501800000,6,31.57775306700
2182,Wayanad,Y,N,N,DF,0,0,1348.00000000000,0,N,N,BRF,BRF,,,75.97471400000,11.54623100000,1,8.33368015289
2183,Wayanad,Y,N,N,DF,0,0,5941.77000000000,0,N,N,BRF,BRF,,,76.16062800000,11.52329500000,4,24.84102630620
2184,Wayanad,Y,N,N,DF,0,0,16585.50000000000,0,N,N,BRF,BRF,,,76.16706500000,11.51160600000,9,51.16918945310
2185,Wayanad,Y,N,N,RF,0,0,666.27900000000,0,N,N,BRF,BRF,,,75.97645700000,11.54501900000,6,30.25449752810
2186,Wayanad,Y,N,N,DF,0,0,4450.52000000000,0,N,N,BRG,BRG,,,75.97626900000,11.61856400000,6,34.52148818970
2187,Wayanad,Y,N,N,DF,0,0,7393.18000000000,0,N,N,BRG,BRG,,,75.97740500000,11.61792400000,7,35.53673934940
2188,Wayanad,Y,N,N,DF,0,0,456.59600000000,0,N,N,BRG,BRG,,,75.92498300000,11.67556000000,5,25.37127494810
2189,Wayanad,Y,N,N,DF,0,0,624.42800000000,0,N,N,BRG,BRG,,,75.97450300000,11.55987900000,6,34.34241104130
2190,Wayanad,Y,N,N,RF,0,0,1077.59000000000,0,N,N,BRG,BRG,,,75.97956600000,11.56316300000,5,28.90469932560
2191,Wayanad,Y,N,N,RF,0,0,617.80800000000,0,N,N,BRG,BRG,,,75.97618000000,11.54822400000,9,46.63981246950
2192,Wayanad,Y,N,N,RF,0,0,1474.24000000000,0,N,N,BRG,BRG,,,75.97460200000,11.54709600000,3,15.79980087280
2193,Wayanad,Y,N,N,RF,0,0,1541.73000000000,0,N,N,BRG,BRG,,,75.97979500000,11.56407800000,5,25.65780639650
2194,Wayanad,Y,N,N,RF,0,0,2889.57000000000,0,N,N,BRS,BRS,,,75.94389600000,11.63032600000,3,19.90684127810
2195,Wayanad,Y,N,N,DF,0,0,1090.87000000000,0,N,N,BUI,BUI,,,75.93691200000,11.66346900000,1,5.34648704529
2196,Wayanad,Y,N,N,SS,0,0,1594.43000000000,0,N,N,BUI,BUI,,,75.93825400000,11.83616100000,2,11.81937026980
2197,Wayanad,Y,N,N,DF,0,0,1814.43000000000,0,N,N,BUI,BUI,,,75.90691600000,11.82953800000,2,10.22039699550
2198,Wayanad,Y,N,N,DF,0,0,1183.73000000000,0,N,N,BUI,BUI,,,75.87803700000,11.84294600000,2,12.97504711150
2199,Wayanad,Y,N,N,DF,0,0,2748.67000000000,0,N,N,FDN,FDN,,,75.97243900000,11.62196300000,1,9.11981773376
2200,Wayanad,Y,N,N,DF,0,0,10524.80000000000,0,N,N,FDN,FDN,,,75.97296800000,11.61724000000,5,29.17835044860
2201,Wayanad,Y,N,N,DF,0,0,2962.24000000000,0,N,N,FDN,FDN,,,75.97062800000,11.61730300000,4,22.89982986450
2202,Wayanad,Y,N,N,DF,0,0,7480.41000000000,0,N,N,FDN,FDN,,,75.98026000000,11.62031200000,4,24.56224441530
2203,Wayanad,Y,N,N,DF,0,0,680.74800000000,0,N,N,FDN,FDN,,,75.97885500000,11.62436900000,3,18.34746742250
2204,Wayanad,Y,N,N,DF,0,0,7004.47000000000,0,N,N,FDN,FDN,,,75.97091300000,11.63388300000,5,27.67312049870
2205,Wayanad,Y,N,N,DF,0,0,557.10500000000,0,N,N,FDN,FDN,,,75.95802900000,11.62281200000,1,7.07276487350
2206,Wayanad,Y,N,N,DF,0,0,1248.62000000000,0,N,N,FDN,FDN,,,75.99272900000,11.62390500000,4,20.91801452640
2207,Wayanad,Y,N,N,DF,0,0,2234.73000000000,0,N,N,FDN,FDN,,,75.98173100000,11.63221200000,4,22.90564346310
2208,Wayanad,Y,N,N,DF,0,0,1232.93000000000,0,N,N,FDN,FDN,,,75.96514300000,11.61339800000,7,36.99415588380
2209,Wayanad,Y,N,N,DF,0,0,799.88000000000,0,N,N,FDN,FDN,,,75.93204500000,11.66169200000,5,28.38631629940
2210,Wayanad,Y,N,N,DF,0,0,1226.14000000000,0,N,N,FDN,FDN,,,75.96747800000,11.55847100000,3,19.19995307920
2211,Wayanad,Y,N,N,DF,0,0,724.71800000000,0,N,N,FDN,FDN,,,75.96650000000,11.55508000000,3,19.33035850520
2212,Wayanad,Y,N,N,DF,0,0,827.25300000000,0,N,N,FDN,FDN,,,75.97240600000,11.55411400000,5,27.23582077030
2213,Wayanad,Y,N,N,DF,0,0,512.67800000000,0,N,N,FDN,FDN,,,75.96867900000,11.55197800000,1,8.68074607849
2214,Wayanad,Y,N,N,DF,0,0,509.41700000000,0,N,N,FDN,FDN,,,75.99425500000,11.55132900000,3,16.79697799680
2215,Wayanad,Y,N,N,DF,0,0,1269.58000000000,0,N,N,FDN,FDN,,,75.98105100000,11.54406700000,9,45.08215332030
2216,Wayanad,Y,N,N,DF,0,0,811.34400000000,0,N,N,FDN,FDN,,,75.98210100000,11.54322900000,4,20.63563728330
2217,Wayanad,Y,N,N,DF,0,0,715.98900000000,0,N,N,FDN,FDN,,,75.99073600000,11.54575200000,4,24.10877227780
2218,Wayanad,Y,N,N,DF,0,0,2091.74000000000,0,N,N,FDN,FDN,,,75.94196200000,11.92804300000,2,14.65118980410
2219,Wayanad,Y,N,N,DF,0,0,1304.50000000000,0,N,N,FDN,FDN,,,75.94128700000,11.93116700000,4,24.29986953740
2220,Wayanad,Y,N,N,DF,0,0,2816.60000000000,0,N,N,FDN,FDN,,,75.94793500000,11.92785300000,8,42.75346755980
2221,Wayanad,Y,N,N,DF,0,0,1929.89000000000,0,N,N,FDN,FDN,,,75.95032000000,11.91722400000,5,25.88312911990
2222,Wayanad,Y,N,N,DF,0,0,1517.46000000000,0,N,N,FDN,FDN,,,75.95216400000,11.91489000000,3,15.95361328130
2223,Wayanad,Y,N,N,DF,0,0,2021.80000000000,0,N,N,FDN,FDN,,,75.95464300000,11.91225200000,5,26.53172302250
2224,Wayanad,Y,N,N,DF,0,0,373.21200000000,0,N,N,FDN,FDN,,,75.94975500000,11.91299500000,3,19.02341651920
2225,Wayanad,Y,N,N,DF,0,0,1747.93000000000,0,N,N,FDN,FDN,,,75.94806400000,11.91389800000,5,27.06148529050
2226,Wayanad,Y,N,N,DF,0,0,1057.84000000000,0,N,N,FDN,FDN,,,75.94734600000,11.91063100000,2,13.32365894320
2227,Wayanad,Y,N,N,DF,0,0,823.25400000000,0,N,N,FDN,FDN,,,75.95217800000,11.90842600000,2,13.86282730100
2228,Wayanad,Y,N,N,DF,0,0,523.50300000000,0,N,N,FDN,FDN,,,75.95416100000,11.90941100000,3,19.82889366150
2229,Wayanad,Y,N,N,DF,0,0,384.15000000000,0,N,N,FDN,FDN,,,75.93598800000,11.91113900000,4,20.96200942990
2230,Wayanad,Y,N,N,DF,0,0,430.31800000000,0,N,N,FDN,FDN,,,75.94088300000,11.91205600000,2,13.99843406680
2231,Wayanad,Y,N,N,DF,0,0,337.07200000000,0,N,N,FDN,FDN,,,75.94016600000,11.90912300000,2,13.66210937500
2232,Wayanad,Y,N,N,SS,0,0,559.63000000000,0,N,N,FDN,FDN,,,75.96507300000,11.62733600000,2,12.70132064820
2233,Wayanad,Y,N,N,SS,0,0,622.38600000000,0,N,N,FDN,FDN,,,75.95765900000,11.60142800000,2,14.14333820340
2234,Wayanad,Y,N,N,SS,0,0,390.17900000000,0,N,N,FDN,FDN,,,75.97169600000,11.55931200000,2,13.07404518130
2235,Wayanad,Y,N,N,SS,0,0,1057.35000000000,0,N,N,FDN,FDN,,,75.93650300000,11.91788200000,3,16.58436393740
2236,Wayanad,Y,N,N,DF,0,0,733.05200000000,0,N,N,FDN,FDN,,,75.97578900000,11.54587000000,7,38.49625778200
2237,Wayanad,Y,N,N,DF,0,0,2068.22000000000,0,N,N,FDN,FDN,,,75.92934800000,11.91993500000,5,29.97061729430
2238,Wayanad,Y,N,N,DF,0,0,1954.53000000000,0,N,N,FDN,FDN,,,75.93029900000,11.91951000000,5,26.56418228150
2239,Wayanad,Y,N,N,DF,0,0,2219.14000000000,0,N,N,FDN,FDN,,,75.98363900000,11.63117800000,1,5.63495540619
2240,Wayanad,Y,N,N,DF,0,0,1643.17000000000,0,N,N,FDN,FDN,,,75.97460600000,11.55054700000,6,31.97627639770
2241,Wayanad,Y,N,N,DF,0,0,957.97800000000,0,N,N,FDN,FDN,,,75.93372700000,11.85144000000,1,4.19881296158
2242,Wayanad,Y,N,N,DF,0,0,22040.70000000000,0,N,N,FDN,FDN,,,75.93425200000,11.84199100000,2,11.18177509310
2243,Wayanad,Y,N,N,DF,0,0,1085.17000000000,0,N,N,FDN,FDN,,,75.91388700000,11.83035000000,3,16.11181640630
2244,Wayanad,Y,N,N,DF,0,0,4739.17000000000,0,N,N,FDN,FDN,,,75.95909200000,11.88263300000,4,21.81014060970
2245,Wayanad,Y,N,N,DF,0,0,1236.89000000000,0,N,N,FDN,FDN,,,75.96190100000,11.88190000000,5,26.27756881710
2246,Wayanad,Y,N,N,DF,0,0,724.68800000000,0,N,N,FDN,FDN,,,75.96543400000,11.87831800000,7,35.32783889770
2247,Wayanad,Y,N,N,DF,0,0,1233.76000000000,0,N,N,FDN,FDN,,,75.96592200000,11.87893800000,4,23.51019477840
2248,Wayanad,Y,N,N,DF,0,0,2171.89000000000,0,N,N,FDN,FDN,,,75.96639400000,11.87416600000,4,21.98788070680
2249,Wayanad,Y,N,N,DF,0,0,447.19000000000,0,N,N,FDN,FDN,,,75.97441600000,11.85672600000,6,30.06204032900
2250,Wayanad,Y,N,N,DF,0,0,1653.23000000000,0,N,N,FDN,FDN,,,75.97798200000,11.86264800000,1,4.71561622620
2251,Wayanad,Y,N,N,DF,0,0,4677.70000000000,0,N,N,FDN,FDN,,,75.97916200000,11.86407000000,2,10.01070880890
2252,Wayanad,Y,N,N,DF,0,0,1369.47000000000,0,N,N,FDN,FDN,,,75.98241600000,11.86560400000,2,11.39103412630
2253,Wayanad,Y,N,N,DF,0,0,609.69600000000,0,N,N,FDN,FDN,,,75.99748400000,11.85226300000,3,16.96296882630
2254,Wayanad,Y,N,N,DF,0,0,958.78300000000,0,N,N,FDN,FDN,,,76.01011700000,11.85932200000,4,20.54108238220
2255,Wayanad,Y,N,N,DF,0,0,731.40800000000,0,N,N,FDN,FDN,,,76.01106900000,11.87315100000,4,20.49811172490
2256,Wayanad,Y,N,N,DF,0,0,567.03700000000,0,N,N,FDN,FDN,,,75.97561600000,11.92115300000,3,17.77235031130
2257,Wayanad,Y,N,N,DF,0,0,1596.11000000000,0,N,N,FDN,FDN,,,75.98339100000,11.90448200000,3,16.89914131160
2258,Wayanad,Y,N,N,DF,0,0,579.07800000000,0,N,N,FDN,FDN,,,75.97774400000,11.90154500000,1,4.89794015884
2259,Wayanad,Y,N,N,DF,0,0,713.48700000000,0,N,N,FDN,FDN,,,75.99263300000,11.89401200000,3,18.97329902650
2260,Wayanad,Y,N,N,DF,0,0,404.27700000000,0,N,N,FDN,FDN,,,75.99401600000,11.89028700000,3,19.22217941280
2261,Wayanad,Y,N,N,SS,0,0,1291.87000000000,0,N,N,FDN,FDN,,,75.88149400000,11.84338600000,1,8.66219520569
2262,Wayanad,Y,N,N,SS,0,0,1250.84000000000,0,N,N,FDN,FDN,,,75.88123800000,11.84390300000,1,7.10333538055
2263,Wayanad,Y,N,N,SS,0,0,365.77400000000,0,N,N,FDN,FDN,,,75.94158200000,11.88227400000,3,15.65054607390
2264,Wayanad,Y,N,N,SS,0,0,582.99800000000,0,N,N,FDN,FDN,,,75.96914800000,11.87602800000,1,9.11981773376
2265,Wayanad,Y,N,N,SS,0,0,697.20200000000,0,N,N,FDN,FDN,,,75.98044900000,11.88258100000,3,17.57161521910
2266,Wayanad,Y,N,N,SS,0,0,425.59300000000,0,N,N,FDN,FDN,,,76.00881300000,11.85932400000,3,19.41584396360
2267,Wayanad,Y,N,N,SS,0,0,533.71500000000,0,N,N,FDN,FDN,,,75.96561400000,11.91351900000,3,18.66121482850
2268,Wayanad,Y,N,N,DF,0,0,720.75400000000,0,N,FMP,FMP,FMP,,,76.00793700000,11.55148400000,3,17.77235031130
2269,Wayanad,Y,N,N,DF,0,0,676.66500000000,0,N,FMP,FMP,FMP,,,75.95802200000,11.86264900000,3,18.36580657960
2270,Wayanad,Y,N,N,DF,0,0,1602.51000000000,0,N,FMP,FMP,FMP,,,75.93756500000,11.87056100000,2,13.16828536990
2271,Wayanad,Y,N,N,DF,0,0,798.26300000000,0,N,FMP,FMP,FMP,,,75.92363500000,11.83488000000,3,16.79697799680
2272,Wayanad,Y,N,N,DF,0,0,1121.79000000000,0,N,FMP,FMP,FMP,,,75.88917800000,11.83486900000,4,22.85517692570
2273,Wayanad,Y,N,N,DF,0,0,1110.96000000000,0,N,FMP,FMP,FMP,,,75.89055700000,11.72082900000,3,19.89977264400
2274,Wayanad,Y,N,N,DF,0,0,675.14600000000,0,N,FMP,FMP,FMP,,,75.91867500000,11.72793500000,5,27.58629608150
2275,Wayanad,Y,N,N,DF,0,0,1316.75000000000,0,N,FMP,FMP,FMP,,,75.92247000000,11.72865500000,3,19.35972404480
2276,Wayanad,Y,N,N,DF,0,0,506.34200000000,0,N,FMP,FMP,FMP,,,75.92899600000,11.72266400000,3,17.50220108030
2277,Wayanad,Y,N,N,DF,0,0,649.90100000000,0,N,FMP,FMP,FMP,,,75.93046800000,11.72399400000,2,14.04571914670
2278,Wayanad,Y,N,N,DF,0,0,221.60900000000,0,N,FMP,FMP,FMP,,,75.93158100000,11.72369700000,3,19.51777458190
2279,Wayanad,Y,N,N,SS,0,0,5553.12000000000,0,N,FMP,FMP,FMP,,,75.89436800000,11.76113300000,3,15.82818794250
2280,Wayanad,Y,N,N,SS,0,0,500.26000000000,0,N,FMP,FMP,FMP,,,75.92240800000,11.72517300000,3,19.50567817690
2281,Wayanad,Y,N,N,SS,0,0,634.25600000000,0,N,FMP,FMP,FMP,,,75.92636100000,11.72787500000,1,5.14851951599
2282,Wayanad,Y,N,N,RF,0,0,987.81900000000,0,N,N,FNO,FNO,,,75.94846100000,11.63065600000,1,8.09798240662
2283,Wayanad,Y,N,N,SS,0,0,693.44700000000,0,N,N,FNO,FNO,,,75.97958100000,11.55631900000,5,29.03278923030
2284,Wayanad,Y,N,N,DF,0,0,694.44600000000,0,N,N,FNO,FNO,,,76.01817200000,11.92238500000,5,29.87616157530
2285,Wayanad,Y,N,N,DF,0,0,2613.13000000000,0,N,N,FNO,FNO,,,76.01452900000,11.90834900000,4,20.82964134220
2286,Wayanad,Y,N,N,DF,0,0,1556.90000000000,0,N,N,FNO,FNO,,,76.01439200000,11.90722100000,5,27.78961372380
2287,Wayanad,Y,N,N,SS,0,0,551.60100000000,0,N,N,FNO,FNO,,,76.00871500000,11.92000200000,3,18.26333045960
2288,Wayanad,Y,N,N,DF,0,0,626.53100000000,0,N,N,GNA,GNA,,,75.99544100000,11.55420200000,3,15.11248016360
2289,Wayanad,Y,N,N,DF,0,0,2656.68000000000,0,N,N,GNA,GNA,,,75.98084200000,11.56148900000,1,1.05146837234
2290,Wayanad,Y,N,N,DF,0,0,8379.03000000000,0,N,N,GNA,GNA,,,75.98127000000,11.55924000000,8,40.37223434450
2291,Wayanad,Y,N,N,DF,0,0,1096.14000000000,0,N,N,GNA,GNA,,,75.97843400000,11.55313600000,7,38.41877365110
2292,Wayanad,Y,N,N,DF,0,0,1917.00000000000,0,N,N,GNA,GNA,,,75.97859500000,11.55289600000,8,40.28304290770
2293,Wayanad,Y,N,N,DF,0,0,4852.90000000000,0,N,N,GNA,GNA,,,75.93906400000,11.88868900000,8,40.71425628660
2294,Wayanad,Y,N,N,DF,0,0,6112.73000000000,0,N,N,GNA,GNA,,,75.93779400000,11.88878200000,3,18.88517761230
2295,Wayanad,Y,N,N,DF,0,0,1847.90000000000,0,N,N,GNA,GNA,,,75.98229600000,11.88007400000,5,26.37314414980
2296,Wayanad,Y,N,N,DF,0,0,1062.32000000000,0,N,N,GNA,GNA,,,75.98570800000,11.88491400000,4,20.47998237610
2297,Wayanad,Y,N,N,SS,0,0,504.90800000000,0,N,N,GNA,GNA,,,75.95854600000,11.88317300000,4,22.41354560850
2298,Wayanad,Y,N,N,SS,0,0,1397.25000000000,0,N,N,GNA,GNA,,,75.95801800000,11.88408500000,1,4.36542463303
2299,Wayanad,Y,N,N,SS,0,0,457.87400000000,0,N,N,GNA,GNA,,,75.96199400000,11.88245000000,3,18.22107505800
2300,Wayanad,Y,N,N,DF,0,0,2386.50000000000,0,N,N,GNA,GNA,,,75.92874800000,11.87836900000,4,20.17996788020
2301,Wayanad,Y,N,N,DF,0,0,681.45100000000,0,N,N,GNA,GNA,,,75.94492300000,11.88256800000,4,22.50923347470
2302,Wayanad,Y,N,N,DF,0,0,4002.58000000000,0,N,N,GNA,GNA,,,75.97513800000,11.87732800000,4,24.66496849060
2303,Wayanad,Y,N,N,DF,0,0,773.65600000000,0,N,N,GNA,GNA,,,75.97833300000,11.92679400000,5,28.38631629940
2304,Wayanad,Y,N,N,SS,0,0,752.49200000000,0,N,N,GNA,GNA,,,75.99259200000,11.54708000000,2,13.07010173800
2305,Wayanad,Y,N,N,SS,0,0,857.17200000000,0,N,N,GNA,GNA,,,75.94690000000,11.88074500000,1,1.69513726234
2306,Wayanad,Y,N,N,SS,0,0,229.65000000000,0,N,N,GNA,GNA,,,75.97982600000,11.92464600000,4,22.45747566220
2307,Wayanad,Y,N,N,SS,0,0,310.92600000000,0,N,N,GNA,GNA,,,75.97970100000,11.92420800000,5,27.25803756710
2308,Wayanad,Y,N,N,DF,0,0,637.32200000000,0,N,N,SNA,SNA,,,75.93516300000,11.92649200000,4,24.69964027400
2309,Wayanad,Y,N,N,DF,0,0,4145.67000000000,0,N,N,SNA,SNA,,,75.94155100000,11.90126300000,8,41.32301712040
2310,Wayanad,Y,N,N,DF,0,0,1350.11000000000,0,N,N,SNA,SNA,,,75.94578000000,11.90478000000,3,19.31074905400
2311,Wayanad,Y,N,N,DF,0,0,1533.94000000000,0,N,N,SNA,SNA,,,75.93705100000,11.89457400000,5,25.61858367920
2312,Wayanad,Y,N,N,DF,0,0,741.87400000000,0,N,N,SNA,SNA,,,75.93985000000,11.89397900000,5,28.90469932560
2313,Wayanad,Y,N,N,DF,0,0,741.24400000000,0,N,N,SNA,SNA,,,75.93987200000,11.89244800000,4,20.93782806400
2314,Wayanad,Y,N,N,DF,0,0,6978.06000000000,0,N,N,SNA,SNA,,,75.95138700000,11.88597800000,3,16.50076675420
2315,Wayanad,Y,N,N,DF,0,0,986.02900000000,0,N,SPL,SPL,SPL,,,75.94160300000,11.63365900000,4,22.17173385620
2316,Wayanad,Y,N,N,DF,0,0,996.41100000000,0,N,N,SPL,BUI,,,75.95749000000,11.86850200000,3,16.07476234440
2317,Wayanad,Y,N,N,DF,0,0,1482.22000000000,0,N,N,SPL,BUI,,,75.87212900000,11.74168100000,3,17.98908615110
2318,Wayanad,Y,N,N,DF,0,0,814.64400000000,0,N,SPL,SPL,SPL,,,75.95282500000,11.86990400000,2,12.13710975650
2319,Wayanad,Y,N,N,DF,0,0,3371.04000000000,0,N,SPL,SPL,SPL,,,75.95437800000,11.86853400000,4,22.08824729920
2320,Wayanad,Y,N,N,DF,0,0,894.37900000000,0,N,SPL,SPL,SPL,,,75.97005600000,11.86099900000,3,16.07476234440
2321,Wayanad,Y,N,N,DF,0,0,331.54200000000,0,N,SPL,SPL,SPL,,,75.97316900000,11.85716500000,2,11.62316417690
2322,Wayanad,Y,N,N,SS,0,0,5380.56000000000,0,N,SPL,SPL,SPL,,,76.03432300000,11.89516300000,2,13.14871597290
2323,Wayanad,Y,N,N,DF,0,0,694.74400000000,0,N,TEA,TEA,TEA,,,75.99533300000,11.60525000000,2,10.86195945740
2324,Wayanad,Y,N,N,DF,0,0,485.38200000000,0,N,TEA,TEA,TEA,,,75.99548600000,11.60515200000,1,9.64289855957
2325,Wayanad,Y,N,N,DF,0,0,1120.98000000000,0,N,TEA,TEA,TEA,,,75.99601900000,11.60514100000,3,17.17550086980
2326,Wayanad,Y,N,N,DF,0,0,1389.17000000000,0,N,TEA,TEA,TEA,,,75.99596700000,11.60490300000,3,15.07245063780
2327,Wayanad,Y,N,N,DF,0,0,2776.56000000000,0,N,TEA,TEA,TEA,,,75.96287300000,11.85570800000,1,4.51368331909
2328,Wayanad,Y,N,N,DF,0,0,3480.63000000000,0,N,TEA,TEA,TEA,,,75.95268700000,11.87949400000,4,22.44550704960
2329,Wayanad,Y,N,N,DF,0,0,631.16200000000,0,N,TEA,TEA,TEA,,,75.97372500000,11.85656500000,3,15.95361328130
2330,Wayanad,Y,N,N,SS,0,0,391.80700000000,0,N,TEA,TEA,TEA,,,75.97890900000,11.85515300000,2,12.27349376680
2331,Wayanad,Y,Y,N,DF,0,0,16090.00000000000,1,N,N,BUI,BUI,,"Built up increased, Number of slides occurred on the western flank of a NW-SE trending ridge. The slide occurred on the  back slope of chicken farm killed about 3000 chickens. The failure may recurr  in future as the total material has not moved out.",75.95321500000,11.86928400000,5,28.21822166440
2332,Wayanad,Y,N,N,SS,0,0,930.61700000000,0,N,N,FDN,FDN,,,75.98978900000,11.54627400000,4,24.70310401920
2333,Wayanad,Y,Y,N,DF,0,0,78542.83000000000,0,N,N,BUI,BUI,,Built up increased,75.97874000000,11.86281900000,1,5.78780794144
2334,Wayanad,Y,Y,N,DF,0,0,16090.00000000000,0,N,N,BUI,BUI,,Built up increased,75.98117800000,11.86518200000,4,21.52483367920
2335,Wayanad,Y,Y,N,DF,0,0,967.60000000000,0,N,N,BUI,BUI,,Built up increased,76.01470000000,11.84818300000,5,26.20827865600
2336,Wayanad,Y,Y,N,DF,0,0,9568.10000000000,0,N,FMP,FMP,FMP,,,76.00972700000,11.85195400000,3,19.13306999210
2337,Wayanad,Y,Y,N,DF,0,0,7303.96000000000,1,N,N,FMP,BUI,,Built up increased,75.99667800000,11.54194200000,5,26.13235473630
2338,Wayanad,Y,Y,N,DF,0,0,1011.07000000000,0,N,GMC,GNA,GMC,,,75.99598200000,11.55369500000,5,25.74733734130
2339,Wayanad,Y,N,N,DF,0,0,1561.88360800000,0,N,N,BRF,BRF,,,76.10858900000,11.61314000000,5,27.08244323730
2340,Wayanad,Y,N,N,SS,0,0,1769.21000000000,0,N,N,BRF,BRF,,,76.10940600000,11.61025800000,5,26.58115768430
2341,Wayanad,Y,N,N,SS,0,0,812.00600000000,0,N,N,BRF,BRF,,,76.11194800000,11.60951700000,4,24.18762969970
2342,Wayanad,Y,N,N,DF,0,0,3419.18000000000,0,N,N,BRF,BRF,,,76.19339500000,11.50992900000,3,18.14416694640
2343,Wayanad,Y,N,N,DF,0,0,425.27700000000,0,N,N,BRG,BRG,,,75.99782600000,11.87073600000,4,21.28369140630
2344,Wayanad,Y,N,N,DF,0,0,3401.08000000000,0,N,N,BRG,BRS,,,75.99575900000,11.55496400000,6,33.10980606080
2345,Wayanad,N,Y,N,DF,0,0,0.00000000000,0,N,N,BUI,BUI,,,76.03888000000,11.55277800000,2,14.41046333310
2346,Wayanad,N,Y,N,DF,0,0,0.00000000000,1,N,N,BUI,BUI,,Built up increased,76.03427800000,11.58477800000,6,32.13457107540
2347,Wayanad,N,N,Y,DF,161,20,3220.00000000000,2,N,N,BUI,BUI,,Built up increased,76.03321800000,11.58561800000,3,15.06910896300
2348,Wayanad,N,Y,N,DF,106,17,1802.00000000000,0,C,N,BUI,BUI,,Built up increased,76.03964100000,11.58457200000,4,22.73025894170
2349,Wayanad,N,Y,N,DF,112,12,1344.00000000000,0,C,N,BUI,BUI,,Built up increased,76.03865500000,11.58439300000,2,12.02935218810
2350,Wayanad,N,Y,N,DF,0,0,0.00000000000,0,N,N,BUI,BUI,,,76.03888900000,11.55277800000,2,14.41046333310
2351,Wayanad,N,Y,N,DF,0,0,0.00000000000,1,N,N,BUI,BUI,,Built up increased,76.01061100000,11.54044400000,2,13.07798767090
2352,Wayanad,Y,Y,N,DF,0,0,1209.54000000000,1,N,N,BUI,BUI,,,76.01083300000,11.54502800000,5,29.34873771670
2353,Wayanad,N,Y,N,DF,0,0,0.00000000000,0,N,N,BUI,BUI,,,76.01169400000,11.54483300000,4,23.57349014280
2354,Wayanad,Y,Y,N,DF,0,0,2280.65258600000,0,N,N,BUI,BUI,,,76.00895546860,11.54812395980,5,29.62673759460
2355,Wayanad,Y,Y,N,DF,0,0,1942.53000000000,1,N,N,BUI,BUI,,,76.00922200000,11.54769400000,6,32.56836700440
2356,Wayanad,Y,Y,N,DF,0,0,1942.53000000000,0,N,N,BUI,BUI,,,76.00968200000,11.54683100000,5,29.54833793640
2357,Wayanad,N,Y,N,DF,0,0,0.00000000000,0,N,N,BUI,BUI,,,76.01352800000,11.54358300000,2,10.52644443510
2358,Wayanad,Y,Y,N,DF,0,0,803.60200000000,0,N,N,BUI,BUI,,,76.00125700000,11.54819400000,5,29.32786178590
2359,Wayanad,Y,Y,N,DF,0,0,8727.94000000000,1,N,N,BUI,BUI,,,75.99697100000,11.55393800000,3,16.78525352480
2360,Wayanad,N,Y,N,DF,0,0,0.00000000000,1,N,N,BUI,BUI,,,75.99847200000,11.55738900000,1,7.54644250870
2361,Wayanad,Y,Y,N,DF,0,0,1274.69000000000,1,N,N,BUI,BUI,,,76.00141700000,11.55580600000,3,16.02209091190
2362,Wayanad,Y,Y,N,DF,0,0,1274.69000000000,1,N,N,BUI,BUI,,"Construction can be allowed at the same location, provided proper remedial measures mentioned is stricted followed.",76.00147200000,11.55508300000,2,10.60145378110
2363,Wayanad,N,Y,N,DF,79,20,1580.00000000000,1,C,N,BUI,BUI,,,76.00877500000,11.56459300000,5,26.37158203130
2364,Wayanad,N,Y,N,DF,0,0,0.00000000000,0,N,N,BUI,BUI,,Built up increased,75.99705600000,11.61377800000,4,20.14291000370
2365,Wayanad,N,Y,N,DF,0,0,0.00000000000,1,N,N,BUI,BUI,,,75.93683300000,11.67075000000,2,12.12423610690
2366,Wayanad,N,Y,N,DF,0,0,0.00000000000,0,N,N,BUI,BUI,,,76.06791700000,11.58427800000,1,0.66505175829
2367,Wayanad,N,Y,N,DF,0,0,0.00000000000,1,N,N,BUI,BUI,,Built up increased,76.03577800000,11.53666700000,4,20.41863441470
2368,Wayanad,N,Y,N,DF,0,0,0.00000000000,2,N,N,BUI,BUI,,Built up increased,76.04152800000,11.53636100000,2,13.53775215150
2369,Wayanad,N,Y,N,DF,0,0,0.00000000000,0,N,N,BUI,BUI,,Built up increased,76.04152800000,11.54516700000,3,18.62011909480
2370,Wayanad,N,Y,N,DF,0,0,0.00000000000,0,N,N,BUI,BUI,,,76.04455600000,11.52961100000,3,15.41526699070
2371,Wayanad,Y,Y,N,DF,0,0,1126.97000000000,0,N,N,BUI,BUI,,,76.05900000000,11.53786100000,3,19.89977264400
2372,Wayanad,N,Y,N,DF,0,0,0.00000000000,4,N,N,BUI,BUI,,Built up increased,76.04491700000,11.54494400000,1,4.78481721878
2373,Wayanad,N,Y,N,RF,0,0,0.00000000000,0,N,N,BUI,BUI,,,76.05433300000,11.56612200000,2,10.27724838260
2374,Wayanad,N,Y,N,DF,0,0,0.00000000000,0,N,N,FMP,BUI,,,76.05241700000,11.60555600000,4,24.25186347960
2375,Wayanad,Y,Y,N,DF,0,0,1497.46000000000,0,N,N,BUI,BUI,,,76.10330000000,11.62494400000,4,21.92610931400
2376,Wayanad,N,Y,N,DF,0,0,0.00000000000,1,N,N,BUI,BUI,,Built up increased,76.10641700000,11.62322200000,1,8.48697662354
2377,Wayanad,N,Y,N,DF,0,0,0.00000000000,3,N,N,BUI,BUI,,"Built up increased, Cracks/subsidences observed/noted in all the 3 houses.",76.12963900000,11.55683300000,3,18.93056297300
2378,Wayanad,N,Y,N,DF,0,0,0.00000000000,0,N,N,BUI,BUI,,Road present,76.09052800000,11.55455600000,1,8.48697662354
2379,Wayanad,N,Y,N,RF,0,0,0.00000000000,0,N,N,BUI,BUI,4,"Tea plantation present, Palaeoslide area",76.08938900000,11.55377800000,2,14.88395214080
2380,Wayanad,N,Y,N,SS,0,0,0.00000000000,1,N,N,BUI,BUI,1,"Built up increased, Unscientific slope cut made for house construction. The overburden thickness is  >5m and noted with seepage in this location.",76.12858300000,11.56111100000,4,21.37803840640
2381,Wayanad,N,Y,N,DF,0,0,0.00000000000,0,N,N,BUI,BUI,,Built up increased and Tea plantation present,76.08027800000,11.56894400000,2,11.64564514160
2382,Wayanad,N,Y,N,DF,0,0,0.00000000000,6,N,N,BUI,BUI,,Built up increased,76.09408300000,11.57958300000,2,14.51220989230
2383,Wayanad,N,Y,N,DF,0,0,0.00000000000,1,N,N,BUI,BUI,,"Built up increased, Palaeoslide area",76.09555600000,11.58150000000,2,14.01664257050
2384,Wayanad,N,Y,N,SS,0,0,0.00000000000,3,N,N,BUI,BUI,,Built up increased,76.08800000000,11.59138900000,1,5.78780794144
2385,Wayanad,N,Y,N,DF,0,0,0.00000000000,1,N,N,BUI,BUI,,Built up increased,76.05083300000,11.58430600000,2,12.45411872860
2386,Wayanad,N,Y,N,DF,0,0,0.00000000000,1,N,N,BUI,BUI,,Built up increased,76.04830600000,11.58555600000,1,8.96009159088
2387,Wayanad,N,Y,N,DF,0,0,0.00000000000,0,N,N,BUI,BUI,,Built up increased,76.04777800000,11.58527800000,1,7.53928041458
2388,Wayanad,N,Y,N,DF,0,0,0.00000000000,0,N,N,BUI,BUI,,Built up increased and new buildings were built at the location,76.08416600000,11.59916600000,1,7.79970502853
2389,Wayanad,N,Y,N,DF,0,0,0.00000000000,0,N,N,BUI,BUI,,Built up increased,76.11083300000,11.57805500000,2,12.44161319730
2390,Wayanad,N,Y,N,DF,0,0,0.00000000000,0,N,N,BUI,BUI,,Built up increased,76.12666600000,11.56888800000,2,11.67703914640
2391,Wayanad,Y,Y,N,SS,0,0,5208.24000000000,0,N,N,BUI,BUI,,Built up increased,76.00044700000,11.84686900000,1,8.91217899323
2392,Wayanad,Y,Y,N,DF,0,0,5208.24000000000,12,N,N,BUI,BUI,,"Built up increased, Due attention may be given to the area as these houses can get in danger during heavy incessant rains. The slope mass is vulnerable and can move out in future. Hence the residents and administartion shall be vigilant.",75.99995000000,11.84705000000,2,11.88104343410
2393,Wayanad,N,Y,N,SS,0,0,0.00000000000,0,N,N,BUI,BUI,,Built up increased,76.01893100000,11.84232200000,1,8.96009159088
2394,Wayanad,N,Y,N,SS,0,0,0.00000000000,0,N,N,BUI,BUI,,Built up increased,76.02151400000,11.84476100000,2,12.75416660310
2395,Wayanad,N,Y,N,SS,0,0,0.00000000000,0,N,N,BUI,BUI,,Built up increased,76.03553300000,11.85209700000,4,22.21026992800
2396,Wayanad,N,Y,N,SS,0,0,0.00000000000,0,N,N,BUI,BUI,,Built up increased,76.03747200000,11.85266100000,1,7.46001911163
2397,Wayanad,N,Y,N,DF,0,0,0.00000000000,8,N,N,BUI,BUI,,"Built up increased, The transverse cracks are developed at different levels and longitudional cracks are also noticed at places. Toe area has already got eroded and the slope may get reactivated due to improper management of surface flow.",75.97670000000,11.83832500000,2,10.20483303070
2398,Wayanad,N,Y,N,SS,0,0,0.00000000000,0,N,N,BUI,BUI,5,Built up increased,75.94435300000,11.85686100000,1,3.66801404953
2399,Wayanad,N,Y,N,DF,0,0,0.00000000000,0,N,N,BUI,BUI,,Built up increased,75.94513600000,11.84066900000,3,16.07476234440
2400,Wayanad,N,Y,N,DF,0,0,0.00000000000,0,N,N,BUI,BUI,,Built up increased,75.95868900000,11.83194200000,3,16.79404830930
2401,Wayanad,N,Y,N,DF,0,0,0.00000000000,0,N,N,BUI,BUI,,Built up increased,75.95857200000,11.83128100000,4,22.49332618710
2402,Wayanad,N,Y,N,SS,0,0,0.00000000000,0,N,N,BUI,BUI,,Built up increased,75.90569400000,11.75431400000,4,22.50525856020
2403,Wayanad,N,Y,N,SS,0,0,0.00000000000,0,N,N,BUI,BUI,,Built up increased,76.00674700000,11.90061400000,3,16.54859924320
2404,Wayanad,N,Y,N,SS,0,0,0.00000000000,0,N,N,BUI,BUI,,Built up increased,75.99476400000,11.90200300000,2,13.81851482390
2405,Wayanad,Y,N,N,DF,0,0,1847.28000000000,0,N,N,FMP,BUI,,,76.02096700000,11.86531800000,7,35.09691238400
2406,Wayanad,Y,N,N,DF,0,0,1550.22000000000,0,N,N,BUI,BUI,,Built up increased,76.03076100000,11.85572000000,3,19.42071342470
2407,Wayanad,Y,N,N,DF,0,0,1175.55000000000,0,N,N,BUI,BUI,,,76.02161600000,11.83468700000,4,22.00636291500
2408,Wayanad,Y,N,N,DF,0,0,1089.01000000000,0,N,N,BUI,BUI,,Built up increased,76.04455200000,11.83196800000,2,12.46244812010
2409,Wayanad,Y,N,N,SS,0,0,632.84100000000,0,N,N,BUI,BUI,,Built up increased,76.00275200000,11.76818600000,1,3.32168173790
2410,Wayanad,Y,N,N,SS,0,0,2675.18000000000,0,N,N,BUI,BUI,,,75.98961400000,11.61117100000,2,12.45411872860
2411,Wayanad,Y,N,N,DF,0,0,232215.00000000000,0,N,TEA,BUI,BUI,,Built up increased,75.98676200000,11.60349000000,6,30.89377403260
2412,Wayanad,Y,N,N,DF,0,0,1332.53000000000,0,N,N,FMP,BUI,,,76.02110700000,11.55314400000,3,16.59626388550
2413,Wayanad,Y,N,N,SS,0,0,1038.91000000000,0,N,N,BUI,BUI,,Built up increased,76.05985200000,11.55293500000,1,8.96009159088
2414,Wayanad,Y,N,N,DF,0,0,2635.05000000000,0,N,N,BUI,BUI,,Built up increased,76.01478900000,11.53961400000,5,28.84431457520
2415,Wayanad,Y,N,N,DF,0,0,723.47200000000,0,N,N,BUI,BUI,,Built up increased,76.01756200000,11.53837700000,4,20.10343551640
2416,Wayanad,Y,N,N,DF,0,0,1267.87000000000,0,N,N,BUI,BUI,,Built up increased,76.01271600000,11.53749600000,6,32.10810852050
2417,Wayanad,Y,N,N,DF,0,0,1112.19000000000,0,N,N,BUI,BUI,,Built up increased,76.05112200000,11.53716100000,4,21.89099693300
2418,Wayanad,Y,N,N,DF,0,0,1112.19000000000,0,N,N,BUI,BUI,,Built up increased,76.05087600000,11.53705100000,3,17.71489906310
2419,Wayanad,Y,N,N,DF,0,0,1087.86000000000,0,N,N,BUI,BUI,,Built up increased,76.05172100000,11.53699500000,3,18.18930053710
2420,Wayanad,Y,N,N,DF,0,0,2122.52000000000,0,N,N,FMP,BUI,,,76.01666200000,11.53396800000,3,19.39878654480
2421,Wayanad,Y,N,N,SS,0,0,893.32600000000,0,N,N,BUI,BUI,,Built up increased,76.02745900000,11.53335300000,4,21.36948394780
2422,Wayanad,Y,N,N,DF,0,0,1419.75000000000,0,N,N,FDN,FDN,,,75.99746700000,11.53920200000,4,21.54599189760
2423,Wayanad,Y,N,N,DF,0,0,438.19500000000,0,N,N,FDN,FDN,,,75.98961400000,11.92292700000,3,19.90684127810
2424,Wayanad,Y,N,N,SS,0,0,662.80400000000,0,N,N,FDN,FDN,,,75.99571000000,11.90011400000,3,19.10573387150
2425,Wayanad,Y,N,N,SS,0,0,3621.20000000000,0,N,N,FDN,FDN,,,75.99032700000,11.89750300000,4,23.43165779110
2426,Wayanad,Y,N,N,DF,0,0,9657.29000000000,0,N,N,FDN,FDN,,,76.00186400000,11.87734100000,3,16.56947326660
2427,Wayanad,Y,N,N,DF,0,0,3461.03000000000,0,N,N,FDN,FDN,,,76.00234200000,11.88590100000,2,13.23457431790
2428,Wayanad,Y,N,N,SS,0,0,462.45100000000,0,N,N,FDN,FDN,,,75.99851400000,11.88076400000,5,28.36003494260
2429,Wayanad,Y,N,N,SS,0,0,305.25600000000,0,N,N,FDN,FDN,,,75.99873500000,11.88102700000,3,17.92441368100
2430,Wayanad,Y,N,N,DF,0,0,602.60000000000,0,N,N,FDN,FDN,,,75.98837600000,11.87656000000,6,30.76740264890
2431,Wayanad,Y,N,N,DF,0,0,281.13800000000,0,N,N,FDN,FDN,,,75.98782500000,11.87627500000,2,12.04666614530
2432,Wayanad,Y,N,N,DF,0,0,35708.00000000000,0,N,N,FDN,FDN,,,76.00718200000,11.87245400000,2,14.80570793150
2433,Wayanad,Y,N,N,DF,0,0,890.24900000000,0,N,N,FDN,FDN,,,75.99733800000,11.87015900000,4,21.20606422420
2434,Wayanad,Y,N,N,DF,0,0,1637.16000000000,0,N,N,FDN,FDN,,,75.99705800000,11.86852600000,7,39.62792205810
2435,Wayanad,Y,N,N,DF,0,0,854.65400000000,0,N,N,FDN,FDN,,,75.99549800000,11.86938100000,3,18.78380584720
2436,Wayanad,Y,N,N,DF,0,0,7205.23000000000,0,N,N,FDN,FDN,,,75.98406200000,11.86954300000,2,11.01120471950
2437,Wayanad,Y,N,N,SS,0,0,1377.27000000000,0,N,N,FDN,FDN,,,76.03269700000,11.86896400000,6,34.00775909420
2438,Wayanad,Y,N,N,DF,0,0,533.96100000000,0,N,N,FDN,FDN,,,76.01388100000,11.86732800000,2,11.31712055210
2439,Wayanad,Y,N,N,DF,0,0,2786.18000000000,0,N,N,FDN,FDN,,,76.00584000000,11.86164700000,2,13.63208198550
2440,Wayanad,Y,N,N,DF,0,0,9600.72000000000,0,N,N,FDN,FDN,,,75.99925100000,11.86206700000,4,21.54599189760
2441,Wayanad,Y,N,N,SS,0,0,249.81100000000,0,N,N,FDN,FDN,,,75.99923700000,11.85905000000,3,16.28338050840
2442,Wayanad,Y,N,N,SS,0,0,307.46100000000,0,N,N,FDN,FDN,,,75.99936200000,11.85854500000,5,26.04491996770
2443,Wayanad,Y,N,N,SS,0,0,460.87600000000,0,N,N,FDN,FDN,,,75.99859300000,11.85870400000,2,10.46601486210
2444,Wayanad,Y,N,N,SS,0,0,722.45000000000,0,N,N,FDN,FDN,,,76.00357800000,11.85709800000,2,10.30297756200
2445,Wayanad,Y,N,N,SS,0,0,656.92500000000,0,N,N,FDN,FDN,,,76.00862400000,11.85247100000,2,12.08121013640
2446,Wayanad,Y,N,N,DF,0,0,2805.87000000000,0,N,N,FDN,FDN,,,76.03278200000,11.83335700000,4,22.79869651790
2447,Wayanad,Y,N,N,DF,0,0,861.33400000000,0,N,N,FDN,FDN,,,75.83567600000,11.81423100000,3,15.82818794250
2448,Wayanad,Y,N,N,DF,0,0,2359.58000000000,0,N,N,FDN,FDN,,,75.79434600000,11.81268100000,7,38.22261428830
2449,Wayanad,Y,N,N,DF,0,0,1708.77000000000,0,N,N,FDN,FDN,,,75.79378700000,11.80611900000,7,36.65641784670
2450,Wayanad,N,N,Y,DF,95,8,760.00000000000,0,N,N,FDN,FDN,,,75.79289200000,11.80736800000,7,38.29128265380
2451,Wayanad,Y,N,N,DF,0,0,3718.12000000000,0,N,N,FDN,FDN,,,75.80413700000,11.79485800000,6,30.96724319460
2452,Wayanad,Y,N,N,SS,0,0,619.68200000000,0,N,N,FDN,FDN,,,75.82005100000,11.78681200000,7,36.40153503420
2453,Wayanad,Y,N,N,DF,707,22,15554.00000000000,0,N,N,FDN,FDN,,,75.81851500000,11.78904600000,7,39.29179763790
2454,Wayanad,Y,N,N,DF,0,0,477.25600000000,0,N,N,FDN,FDN,,,75.81674000000,11.78434000000,6,31.45078468320
2455,Wayanad,Y,N,N,DF,0,0,1856.98000000000,0,N,N,FDN,FDN,,,75.82421300000,11.78296000000,5,26.91402244570
2456,Wayanad,Y,N,N,SS,0,0,705.29600000000,0,N,N,FDN,FDN,,,75.80331800000,11.78240000000,4,24.69964027400
2457,Wayanad,Y,N,N,SS,0,0,477.78100000000,0,N,N,FDN,FDN,,,75.80707700000,11.78128600000,1,3.32168173790
2458,Wayanad,Y,N,N,DF,0,0,1491.94000000000,0,N,N,FDN,FDN,,,75.82247300000,11.76274100000,5,29.00086021420
2459,Wayanad,Y,N,N,SS,0,0,227.20200000000,0,N,N,FDN,FDN,,,75.81649600000,11.74492600000,3,18.64581680300
2460,Wayanad,Y,N,N,DF,0,0,1097.26000000000,0,N,N,FDN,FDN,,,75.98947600000,11.62199200000,4,21.67443847660
2461,Wayanad,Y,N,N,DF,0,0,1344.29000000000,0,N,N,FDN,FDN,,,75.98666200000,11.62141700000,3,15.72379970550
2462,Wayanad,Y,N,N,SS,0,0,734.49000000000,0,N,N,FDN,FDN,,,76.10903200000,11.61584600000,4,22.75766944890
2463,Wayanad,Y,N,N,SS,0,0,1586.88000000000,0,N,N,FDN,FDN,,,75.98689000000,11.57206300000,4,20.72514343260
2464,Wayanad,Y,N,N,DF,0,0,1116.86000000000,0,N,N,FDN,FDN,,,75.99013000000,11.56986600000,2,14.29720401760
2465,Wayanad,Y,N,N,DF,0,0,1097.39000000000,0,N,N,FDN,FDN,,,75.99150200000,11.53836600000,7,36.60961532590
2466,Wayanad,Y,N,N,SS,0,0,477.66100000000,0,N,N,FDN,FDN,,,76.00117500000,11.53491600000,4,23.88442230220
2467,Wayanad,N,Y,N,DF,0,0,0.00000000000,0,N,FMP,FMP,FMP,,,75.94311100000,11.69177800000,4,22.00841522220
2468,Wayanad,Y,Y,N,DF,0,0,12586.20000000000,0,N,FMP,SPL,FMP,,Earthslide due to toe erosion,75.99394300000,11.86234500000,5,28.89130020140
2469,Wayanad,Y,Y,N,DF,0,0,41764.70000000000,0,N,FMP,FMP,FMP,,,76.00270500000,11.85369700000,3,17.57161521910
2470,Wayanad,Y,N,N,DF,0,0,1990.62000000000,0,N,FMP,FMP,FMP,,,75.99879100000,11.54001000000,4,22.17782402040
2471,Wayanad,Y,N,N,DF,0,0,603.16000000000,0,N,FMP,FMP,FMP,,,76.03188000000,11.89042900000,3,19.35972404480
2472,Wayanad,Y,N,N,DF,0,0,521.67200000000,0,N,FMP,SPL,FMP,,,76.04039800000,11.87198900000,2,11.92925167080
2473,Wayanad,Y,N,N,SS,0,0,1003.59000000000,0,N,FMP,FMP,FMP,,,75.98817900000,11.86380200000,2,14.97855377200
2474,Wayanad,Y,N,N,DF,0,0,11466.90000000000,0,N,FMP,FMP,FMP,,,76.00856700000,11.85404700000,4,21.53753280640
2475,Wayanad,Y,N,N,DF,0,0,1127.78000000000,0,N,FMP,FMP,FMP,,,75.86098600000,11.82758200000,2,10.91999721530
2476,Wayanad,Y,N,N,DF,0,0,5568.35476300000,0,N,FMP,FMP,FMP,,Qaurry started and built up increased.,76.09871400000,11.62030700000,3,18.18930053710
2477,Wayanad,Y,N,N,DF,0,0,689.98700000000,0,N,FMP,FMP,FMP,,Qaurry started and built up increased.,76.10220400000,11.61874100000,5,29.50318527220
2478,Wayanad,Y,N,N,DF,0,0,2525.11000000000,0,N,FMP,FMP,FMP,,,76.08886000000,11.55762600000,5,26.82612037660
2479,Wayanad,Y,N,N,SS,0,0,2598.42000000000,0,N,FMP,FMP,FMP,,Surrounding Tea plantation,76.09339800000,11.55129400000,4,24.53427505490
2480,Wayanad,Y,N,N,DF,0,0,4150.26000000000,0,N,FMP,FMP,FMP,,,76.01762300000,11.53964800000,4,22.99261093140
2481,Wayanad,Y,N,N,DF,0,0,896.34700000000,0,N,FMP,FMP,FMP,,,76.01075600000,11.52939100000,2,13.49220371250
2482,Wayanad,Y,N,N,DF,0,0,1156.02000000000,0,N,FMP,FMP,FMP,,,76.03369800000,11.52794200000,3,19.98204040530
2483,Wayanad,Y,Y,N,DF,0,0,1618.56000000000,1,N,N,FNO,FNO,,,76.10009300000,11.62538500000,6,33.62591552730
2484,Wayanad,Y,N,N,DF,0,0,948.46600000000,0,N,N,FNO,FNO,,,76.10635100000,11.60447500000,2,14.27228832240
2485,Wayanad,Y,N,N,SS,0,0,1132.61000000000,0,N,N,FNO,FNO,,,75.99463700000,11.57371200000,2,12.93121433260
2486,Wayanad,Y,N,N,DF,0,0,2663.00000000000,0,N,N,FNO,FNO,,,76.07288500000,11.55707900000,1,5.66393756866
2487,Wayanad,Y,N,N,DF,0,0,1931.89000000000,0,N,N,FNO,FNO,,,76.00445100000,11.54263600000,4,21.42286300660
2488,Wayanad,Y,N,N,DF,0,0,403.38600000000,0,N,N,GNA,GNA,,,76.11525600000,11.60513100000,5,29.24277877810
2489,Wayanad,N,Y,N,DF,0,0,0.00000000000,0,N,N,ROA,ROA,,,76.04630300000,11.54602800000,5,27.72499656680
2490,Wayanad,N,Y,N,DF,0,0,0.00000000000,0,N,N,ROA,ROA,1,Unscientific slope cut without toe support.,76.05577800000,11.54969400000,1,4.97556686401
2491,Wayanad,N,Y,N,DF,0,0,0.00000000000,0,D,N,ROA,ROA,,Landslide Destroyed part of the road,76.10127800000,11.55233300000,2,10.86195945740
2492,Wayanad,N,Y,N,DF,0,0,0.00000000000,0,N,SPL,SPL,SPL,,Road present,76.09483300000,11.55458300000,3,18.38673591610
2493,Wayanad,Y,N,N,SS,0,0,457.41000000000,0,N,SPL,SPL,SPL,,,75.99967500000,11.86075800000,4,22.68119239810
2494,Wayanad,Y,N,N,DF,0,0,3754.67000000000,0,N,SPL,SPL,SPL,,,75.99139500000,11.62030600000,4,20.43456459050
2495,Wayanad,Y,N,N,DF,0,0,4297.62000000000,0,N,SPL,SPL,SPL,,,75.98399100000,11.61325200000,4,21.14758491520
2496,Wayanad,Y,N,N,SS,0,0,1051.36000000000,0,N,SPL,SPL,SPL,,Built up increased,76.07401000000,11.57931500000,5,26.42773246770
2497,Wayanad,Y,N,N,DF,0,0,4037.66000000000,0,N,SPL,SPL,SPL,,,76.00652000000,11.54188600000,3,15.21861362460
2498,Wayanad,Y,Y,N,DF,0,0,1126.97000000000,0,N,TEA,TEA,TEA,,,76.05577600000,11.54390700000,6,31.61076545720
2499,Wayanad,Y,Y,N,DF,0,0,2298.11000000000,0,N,TEA,TEA,TEA,,,76.08627800000,11.55350000000,5,28.51847457890
2500,Wayanad,Y,Y,N,SS,0,0,1257.84000000000,0,N,TEA,TEA,TEA,,Built up increased,75.99106700000,11.86281700000,4,22.91533088680
2501,Wayanad,Y,Y,N,DF,0,0,16090.00000000000,0,N,TEA,TEA,TEA,,,75.95302200000,11.87925000000,6,31.17287445070
2502,Wayanad,N,Y,N,DF,0,0,0.00000000000,0,N,TEA,TEA,TEA,,,75.94642500000,11.88160800000,2,13.13303565980
2503,Wayanad,Y,N,N,DF,0,0,837.86900000000,0,N,TEA,TEA,TEA,,Built up increased,76.05437500000,11.57828400000,4,20.96200942990
2504,Wayanad,Y,N,N,DF,0,0,924.78800000000,0,N,TEA,TEA,TEA,,Built up increased,76.05273100000,11.57872100000,4,22.92307472230
2505,Wayanad,Y,N,N,DF,0,0,1292.42000000000,0,N,TEA,TEA,TEA,,Built up increased,76.04789000000,11.57692700000,3,15.95361328130
2506,Wayanad,Y,N,N,DF,0,0,837.86900000000,0,N,TEA,TEA,TEA,,Built up increased,76.05458000000,11.57810400000,3,15.61856842040
2507,Wayanad,Y,N,N,SS,0,0,2502.66000000000,0,N,TEA,TEA,TEA,,Built up increased,76.00721500000,11.55347400000,2,14.29720401760
0,Pathanamthitta,Y,N,N,DF,0,0,503.43000000000,0,N,N,FDN,FDN,,,77.12502413530,9.37974037356,6,32.32841873170
0,Pathanamthitta,Y,N,N,DF,0,0,512.73000000000,0,N,N,FDN,FDN,,,77.12579508060,9.37793674211,6,31.28808021550
0,Palakkad,Y,N,N,DF,0,0,1317.83697700000,0,N,N,FDN,BRF,,,76.73760060300,10.50535580270,6,34.93059539790
0,Palakkad,Y,N,N,DF,0,0,23887853.00000000000,0,N,N,FDN,FDN,,,76.72929675560,10.51387600550,4,24.42366600040
0,Palakkad,Y,N,N,DF,0,0,854.82633200000,0,N,N,FDN,FDN,,,76.72827493570,10.51134307990,5,25.34633445740
0,Idukki,Y,N,N,SS,45,25,1125.00000000000,0,N,N,FNO,FNO,,,76.81035938900,10.02292680700,8,43.76908111570
0,Idukki,Y,N,N,DF,0,0,903.00000000000,0,N,N,FNO,FNO,,,76.80253658500,10.02861189000,7,35.26609420780
0,Idukki,Y,N,N,SS,0,0,975.00000000000,0,N,N,FNO,FNO,,,76.84521206200,10.01396338100,7,39.91219329830
0,Idukki,Y,N,N,DF,0,0,875.00000000000,0,N,FMP,FMP,FMP,,,76.87721906600,9.99498895000,6,33.36120224000
0,Idukki,Y,N,N,SS,0,0,1350.00000000000,0,N,FMP,FMP,FMP,,,76.87729299600,9.99364733000,5,25.22105979920
0,Idukki,Y,N,N,DF,0,0,1750.00000000000,0,N,FMP,FMP,FMP,,,76.87935305600,9.99473950400,8,41.86058044430
0,Idukki,Y,N,N,DF,0,0,1475.00000000000,0,N,FMP,FMP,FMP,,,76.89656265700,9.98731347700,5,26.91402244570
0,Idukki,Y,N,N,DF,0,0,3025.00000000000,0,N,FMP,FMP,FMP,,,76.89737350800,9.98784321000,6,30.92817878720
0,Idukki,Y,N,N,DF,0,0,1275.00000000000,0,N,FMP,FMP,FMP,,,76.89845131400,9.98884338500,7,38.44489288330
0,Idukki,Y,N,N,DF,0,0,3988.00000000000,0,N,FCP,FCP,FCP,,,76.90446380500,9.98198897800,6,31.48290443420
0,Idukki,Y,N,N,DF,234,6,1404.00000000000,0,N,FCP,FCP,FCP,,,76.90863841200,9.97929369700,3,16.08403587340
0,Idukki,Y,N,N,SS,0,0,832.00000000000,0,N,GMC,FCP,GMC,,,76.92131497900,9.97386943200,7,36.66643142700
0,Idukki,Y,N,N,DF,0,0,667.00000000000,0,N,GMC,FCP,GMC,10,,76.92333091400,9.96813438900,6,33.77812957760
0,Idukki,Y,N,N,SS,0,0,496.00000000000,0,N,FCP,FCP,FCP,,,76.92502233000,9.96885009200,5,27.91097831730
0,Idukki,Y,N,N,SS,0,0,513.00000000000,0,N,FCP,FCP,FCP,,,76.92456077800,9.96765969300,4,24.98288536070
0,Idukki,Y,N,N,SS,0,0,675.00000000000,0,C,N,FDN,FDN,,,76.93602910600,9.97228935700,3,19.50567817690
0,Idukki,Y,N,N,SS,0,0,824.00000000000,0,N,FMP,FMP,FMP,,,76.93608207200,9.96510729700,6,33.08903121950
0,Idukki,Y,N,N,DF,0,0,1600.00000000000,0,N,FCP,FCP,FCP,,,76.93712974700,9.96443302500,8,40.28304290770
0,Idukki,Y,N,N,SS,0,0,487.00000000000,0,N,FCP,FCP,FCP,,,76.93742182300,9.96419755300,7,37.56478500370
0,Idukki,Y,N,N,DF,0,0,4275.00000000000,0,N,N,FCP,FNO,,,76.93779541000,9.96384295500,6,32.78687667850
0,Idukki,Y,N,N,SS,0,0,659.00000000000,0,N,FMP,FMP,FMP,,,76.93901980900,9.96328625300,6,34.94915771480
0,Idukki,Y,N,N,SS,123,31,3813.00000000000,0,N,FCP,FCP,FCP,,,76.94031964200,9.96321469600,8,40.87001419070
0,Idukki,Y,N,N,SS,0,0,750.00000000000,0,C,FCP,FCP,FCP,2,,76.93766619800,9.96244654300,3,15.13909721370
0,Idukki,Y,N,N,SS,0,0,750.00000000000,0,N,N,BRO,BRO,10,,76.96973710000,9.97023507700,5,25.45743560790
0,Idukki,Y,N,N,DF,0,0,1525.00000000000,0,N,FMP,FMP,FMP,,,76.93588654800,9.95637870900,7,39.81482696530
0,Idukki,Y,N,N,DF,0,0,3540.00000000000,1,N,N,BUI,BUI,1,,76.93743554400,9.95688021400,4,20.90258598330
0,Idukki,Y,N,N,SS,0,0,887.00000000000,0,N,SPL,SPL,SPL,,,76.92798425600,9.93820843900,4,20.41863441470
0,Idukki,Y,N,N,SS,0,0,609.00000000000,0,C,N,ROA,ROA,2,,76.96713755500,9.92847764000,7,38.02551651000
0,Idukki,Y,N,N,DF,0,0,1966.00000000000,0,D,N,ROA,ROA,,,76.96735685700,9.92806521800,7,37.34569549560
0,Idukki,Y,N,N,SS,0,0,970.00000000000,0,C,RUB,RUB,RUB,2,,76.97434969600,9.92577817400,6,34.68070983890
0,Idukki,Y,N,N,SS,0,0,2125.00000000000,0,N,FCP,FCP,FCP,,,76.98329379500,9.92792321100,6,31.40479087830
0,Idukki,Y,N,N,SS,0,0,807.00000000000,0,N,FMP,BSL,FMP,,,76.98405246200,9.92844582400,6,31.18688201900
0,Idukki,Y,N,N,DF,0,0,3600.00000000000,0,N,FMP,FMP,FMP,,,76.99780573000,9.96284165400,6,34.26809692380
0,Idukki,Y,N,N,DF,0,0,1754.00000000000,0,N,FMP,FMP,FMP,,,77.01772159100,9.95988229700,4,21.74139404300
0,Idukki,Y,N,N,SS,0,0,772.00000000000,0,N,SPL,SPL,SPL,,,76.92007669200,10.06421219700,3,16.59626388550
0,Idukki,Y,N,N,SS,0,0,974.00000000000,0,N,SPL,GMC,SPL,,,76.92114221200,10.06243315800,4,21.83921432500
0,Idukki,Y,N,N,SS,0,0,1175.00000000000,0,N,FMP,FMP,FMP,,,76.92239433300,10.06294034400,2,10.32351017000
0,Idukki,Y,N,N,DF,0,0,2700.00000000000,0,N,N,FDN,FDN,,,76.90647754900,10.07621565100,6,30.58690643310
0,Idukki,Y,N,N,SS,0,0,1000.00000000000,0,N,N,FDN,FDN,,,76.89556998300,10.09020962700,5,28.09629249570
0,Idukki,Y,N,N,SS,0,0,675.00000000000,0,N,FCP,FCP,FCP,,,76.89096090400,10.08440555400,7,35.92828750610
0,Idukki,Y,N,N,SS,0,0,1350.00000000000,0,N,FMP,SPL,FMP,,,76.89373444900,10.08182206100,4,23.52324676510
0,Idukki,N,N,Y,SS,49,6,294.00000000000,0,N,N,FDN,FDN,,,76.89310306600,10.08221805000,5,25.33801460270
0,Idukki,Y,N,N,SS,0,0,1036.00000000000,0,N,SPL,SPL,SPL,,,76.89480489700,10.07707423700,5,28.15106201170
0,Idukki,Y,N,N,RF,0,0,2673.00000000000,0,N,N,BRO,BRO,,,76.87906032200,10.06452789800,7,39.05692291260
0,Idukki,N,N,Y,RF,95,9,855.00000000000,0,N,N,FNO,FNO,,,76.88451469300,10.06204318800,8,42.42053604130
0,Idukki,N,N,Y,RF,0,0,1802.20000000000,0,N,N,BRG,BRO,,,76.88511176300,10.06209184100,5,29.95176887510
0,Idukki,N,N,Y,RF,0,0,1833.00000000000,0,N,N,FNO,GNA,,,76.89532464300,10.05956468300,8,43.34266662600
0,Idukki,N,N,Y,RF,37,17,629.00000000000,0,N,N,FNO,BRG,,,76.89490861500,10.05998241000,9,54.57931900020
0,Idukki,N,N,Y,RF,2178,12,26136.00000000000,0,N,N,FNO,SNA,,,76.89422099600,10.06024007400,9,49.68380355830
0,Idukki,N,N,Y,RF,235,15,3525.00000000000,0,N,N,FNO,BSO,,,76.89408076800,10.06062825800,9,62.14150238040
0,Idukki,N,N,Y,RF,0,0,1664.90000000000,0,N,N,FNO,BSO,,,76.89603775100,10.05923643500,9,51.59317779540
0,Idukki,N,N,Y,RF,177,11,1947.00000000000,0,N,N,FNO,BSO,,,76.89579465800,10.05940896500,9,52.68653869630
0,Idukki,Y,N,N,RF,0,0,652.00000000000,0,N,N,FNO,GNA,10,,76.88997870500,10.05391352400,6,32.50170516970
0,Idukki,Y,N,N,RF,0,0,672.00000000000,0,N,N,FNO,FNO,,,76.89066471600,10.05372698600,4,22.56280136110
0,Idukki,Y,N,N,SS,0,0,831.00000000000,0,N,SPL,GMC,SPL,,,76.88590855900,10.05726258300,5,29.27948379520
0,Idukki,N,N,Y,RF,52,7,364.00000000000,0,N,GMC,FCP,GMC,,,76.86032067200,10.05503762100,8,44.68572616580
0,Idukki,N,N,Y,RF,0,0,1526.38000000000,0,N,GMC,BRO,GMC,,,76.86263438900,10.05556294000,9,45.56468200680
0,Idukki,N,N,Y,RF,0,0,1148.98000000000,0,N,SPL,BSL,SPL,10,,76.86372845800,10.05542584600,7,38.80826950070
0,Idukki,N,N,Y,RF,0,0,1027.20000000000,0,N,GMC,FCP,GMC,10,,76.86450048200,10.05556617900,7,36.96962738040
0,Idukki,Y,N,N,DF,0,0,1230.00000000000,0,N,FCP,FCP,FCP,,,76.86432182000,10.03821827500,7,35.04350662230
0,Idukki,Y,N,N,DF,0,0,309.00000000000,0,N,FMP,FMP,FMP,,,76.86054377700,10.04359119000,5,27.21357345580
0,Idukki,Y,N,N,DF,0,0,988.00000000000,0,N,FMP,FMP,FMP,,,76.86104219800,10.04355477700,2,14.20081806180
0,Idukki,Y,N,N,SS,0,0,425.00000000000,0,N,N,FNO,FNO,,,76.88871080900,10.01865201500,3,15.21861362460
0,Idukki,Y,N,N,SS,0,0,379.00000000000,0,N,N,FNO,FNO,,,76.88803354000,10.01738066700,3,15.06910896300
0,Idukki,Y,N,N,SS,0,0,1525.00000000000,0,N,FMP,FMP,FMP,,,76.87973762000,9.85413129900,4,23.43165779110
0,Idukki,Y,N,N,DF,0,0,700.00000000000,0,N,FMP,GMC,FMP,,,76.88169270300,9.85516456500,6,30.89021110530
0,Idukki,Y,N,N,SS,0,0,1250.00000000000,0,N,FMP,FMP,FMP,,,76.88852362700,9.85374592900,6,31.48863410950
0,Idukki,Y,N,N,DF,0,0,2900.00000000000,0,N,FMP,FMP,FMP,,,76.88929084100,9.85534063200,6,30.84262657170
0,Idukki,Y,N,N,DF,0,0,3800.00000000000,0,N,FMP,FMP,FMP,,,76.88495626500,9.85066123400,6,30.66897583010
0,Idukki,Y,N,N,DF,237,46,10902.00000000000,0,N,FCP,FCP,FCP,,,76.89353818100,9.85804684800,8,44.57830429080
0,Idukki,Y,N,N,DF,0,0,1062.00000000000,0,N,FMP,FMP,FMP,,,76.89083427700,9.85183008500,5,29.63058471680
0,Idukki,Y,N,N,SS,0,0,425.00000000000,0,N,FMP,GMC,FMP,,,76.88949877100,9.85215385700,3,18.62011909480
0,Idukki,Y,N,N,SS,0,0,2650.00000000000,0,N,FMP,FMP,FMP,,,76.87270384400,9.87106008300,4,24.67537689210
0,Idukki,Y,N,N,DF,0,0,4516.00000000000,2,N,FMP,FMP,FMP,,,77.04162935500,9.91171155100,3,19.96327590940
0,Idukki,N,N,Y,SS,156,46,7176.00000000000,0,N,N,FDN,FDN,,,76.81502946200,10.02443288400,4,24.36365509030
0,Idukki,Y,N,N,DF,134,18,2412.00000000000,0,N,N,FNO,FDN,,,76.81169609000,10.02215845800,6,34.97696685790
0,Idukki,Y,N,N,DF,190,24,4560.00000000000,0,N,N,FNO,FDN,,,76.80832518700,10.02446855700,9,46.43250274660
0,Idukki,Y,N,N,SS,0,0,1250.00000000000,0,C,FMP,FMP,FMP,2,,76.96418319000,9.89705269600,4,22.27496147160
0,Idukki,N,N,Y,SS,112,26,2912.00000000000,0,D,SPL,SPL,SPL,,,77.07130406000,10.08610951400,1,6.28419733047
0,Idukki,N,N,Y,SS,52,17,884.00000000000,0,C,GMC,GMC,GMC,,,77.06939289400,10.08576597700,3,16.91367530820
0,Idukki,N,N,Y,SS,11,7,77.00000000000,0,D,SPL,SPL,SPL,2,,77.07215254000,10.08561040000,5,26.22562980650
0,Idukki,N,N,Y,SS,39,9,351.00000000000,0,D,SPL,GMC,SPL,,,77.07247896200,10.08544959000,5,26.81547927860
0,Idukki,N,N,Y,DF,150,16,2400.00000000000,0,C,SPL,SPL,SPL,,,77.17952787900,10.05633251800,8,43.39880752560
0,Idukki,N,N,Y,SS,27,24,648.00000000000,0,C,FMP,FMP,FMP,,,77.18076569700,10.05571416000,5,26.65042495730
0,Idukki,N,N,Y,DF,180,33,5940.00000000000,0,N,FMP,FMP,FMP,,,77.17179570700,10.01597714500,5,25.00499153140
0,Idukki,N,N,Y,DF,189,20,3780.00000000000,0,N,FMP,FMP,FMP,,,77.17291434400,10.01892079900,3,18.09622001650
0,Idukki,N,N,Y,DF,238,85,20230.00000000000,0,C,N,FDN,FDN,2,,77.17398723700,10.00908327300,5,25.84283447270
0,Idukki,Y,N,N,SS,0,0,569.00000000000,0,D,N,FNO,FNO,,,76.83111420800,10.05250756100,6,31.44619178770
0,Idukki,Y,N,N,SS,0,0,1986.00000000000,0,N,SPL,FMP,SPL,,,77.01094637900,10.00129151900,4,20.52300453190
0,Idukki,Y,N,N,SS,0,0,1050.00000000000,1,N,FMP,FMP,FMP,,,77.06259518200,9.96859154800,5,25.77490997310
0,Idukki,N,N,Y,DF,200,24,4800.00000000000,0,N,BSL,FMP,BSL,,,76.94749518300,9.86844603500,7,35.31605148320
0,Idukki,Y,N,N,SS,0,0,1200.00000000000,0,N,N,FNO,FNO,,,76.92360638800,10.00036994800,5,26.33560752870
0,Idukki,Y,N,N,SS,0,0,1300.00000000000,0,N,N,FNO,FNO,,,76.93097916600,10.05194387700,1,9.09634304047
0,Idukki,Y,N,N,RF,0,0,625.00000000000,0,N,N,FDN,FDN,,,76.94361586800,10.05393245100,5,26.74232673650
0,Idukki,Y,N,N,SS,0,0,3186.00000000000,0,N,N,FDN,FDN,,,76.81283997800,10.05557508900,3,19.87618255620
0,Idukki,Y,N,N,RF,0,0,2125.00000000000,0,N,N,FNO,FNO,,,76.90352943600,10.05786246600,9,55.21269989010
0,Idukki,Y,N,N,SS,0,0,1351.00000000000,0,N,GMC,GMC,GMC,,,76.91992920200,10.06111162300,1,9.55413341522
0,Idukki,Y,N,N,SS,0,0,929.00000000000,0,N,SPL,GMC,SPL,,,76.91980623000,10.06188714400,3,16.51274108890
0,Idukki,Y,N,N,SS,0,0,459.00000000000,0,N,SPL,SPL,SPL,,,76.91921106900,10.06473460000,3,15.88477802280
0,Idukki,Y,N,N,SS,0,0,620.00000000000,0,N,SPL,SPL,SPL,,,76.91870208400,10.06562607400,2,11.45984935760
0,Idukki,Y,N,N,SS,0,0,676.00000000000,0,N,SPL,SPL,SPL,,,76.91910350400,10.06529970000,1,1.41056609154
0,Idukki,Y,N,N,SS,0,0,533.00000000000,0,N,SPL,SPL,SPL,,,76.91683596600,10.09158444800,3,18.81175422670
0,Idukki,Y,N,N,SS,0,0,738.00000000000,0,N,SPL,GMC,SPL,,,76.91550200500,10.09321785700,2,10.96330451970
0,Idukki,Y,N,N,RF,0,0,650.00000000000,0,N,N,BRO,BRO,,,76.98176891000,10.14508651800,9,55.75471878050
0,Idukki,Y,N,N,SS,0,0,1517.00000000000,0,N,SPL,SPL,SPL,,,76.92511224000,10.08550900400,7,36.28751373290
0,Idukki,Y,N,N,SS,0,0,1075.00000000000,0,N,SPL,BSL,SPL,,,76.88581978500,9.85324141600,6,32.34800338750
0,Idukki,Y,N,N,SS,0,0,1475.00000000000,0,N,RUB,FCP,RUB,,,76.89001414400,9.86234514300,5,26.96533393860
0,Idukki,Y,N,N,SS,0,0,750.00000000000,0,N,N,FNO,FNO,,,76.94399688300,9.86344627700,2,11.62316417690
0,Idukki,Y,N,N,RF,0,0,701.00000000000,0,N,N,FDN,FDN,,,76.90233665300,9.87689558200,8,44.58823776250
0,Idukki,Y,N,N,DF,0,0,1275.00000000000,0,N,FMP,GMC,FMP,,,76.94257745000,9.88159085000,5,26.63352012630
0,Idukki,Y,N,N,DF,0,0,1271.00000000000,0,N,N,FNO,FNO,,,76.89854904200,9.88561033800,7,38.30408096310
0,Idukki,Y,N,N,RF,0,0,2175.00000000000,0,N,N,FNO,FNO,,,76.87617925600,9.89888306500,6,30.30995368960
0,Idukki,Y,N,N,SS,0,0,2432.00000000000,0,N,FMP,FMP,FMP,,,76.93828406800,9.90632633000,6,31.31241416930
0,Idukki,N,N,Y,SS,46,7,322.00000000000,0,N,FMP,FMP,FMP,,,77.17272594100,10.01920127200,2,11.29391288760
0,Idukki,N,N,Y,DF,250,55,13750.00000000000,0,N,N,FDN,FDN,,,77.17387957600,10.00769230300,5,27.41712379460
0,Idukki,N,N,Y,SS,47,9,423.00000000000,0,N,GMC,BSL,GMC,10,,77.17460697800,10.00858482800,7,37.13732528690
0,Idukki,N,N,Y,SS,88,8,704.00000000000,0,N,GMC,BSL,GMC,10,,77.17473912800,10.00839797300,7,39.05907440190
0,Idukki,Y,N,N,SS,18,10,180.00000000000,0,N,TEA,TEA,TEA,10,,77.02829880200,10.08903295400,4,20.72514343260
0,Idukki,Y,N,N,SS,0,0,737.00000000000,0,C,TEA,TEA,TEA,2,,77.04326472500,10.11872822600,3,19.97031593320
0,Idukki,Y,N,N,SS,0,0,1750.00000000000,0,N,BSL,SPL,BSL,,,76.92857071600,9.93849564100,6,31.31241416930
0,Idukki,Y,N,N,SS,0,0,1959.00000000000,0,C,FMP,FMP,FMP,,,77.01078323100,9.92096244100,3,18.61497306820
0,Idukki,Y,N,N,SS,0,0,916.00000000000,0,N,FMP,FMP,FMP,5,,77.00831712500,9.92338117300,4,22.64182662960
0,Idukki,N,N,Y,SS,62,30,1860.00000000000,0,D,FMP,FMP,FMP,5,,77.00480217200,9.92419413800,4,21.71004486080
0,Idukki,N,N,Y,SS,31,18,558.00000000000,0,D,SPL,SPL,SPL,,,76.99285850300,9.92852549500,5,26.29798316960
0,Idukki,N,N,Y,SS,26,26,676.00000000000,1,N,FMP,FMP,FMP,1,,76.99229744000,9.92922048300,3,16.96296882630
0,Idukki,Y,N,N,DF,0,0,1493.00000000000,0,N,N,FDN,FDN,,,76.92564069300,10.06236069000,5,26.53172302250
0,Idukki,Y,N,N,SS,0,0,783.00000000000,0,N,N,FDN,FDN,5,,76.93288722400,10.06173123300,3,17.54944038390
0,Idukki,Y,N,N,SS,0,0,975.00000000000,0,N,FMP,FMP,FMP,,,76.92044070200,10.00868848000,3,15.82818794250
0,Idukki,Y,N,N,DF,0,0,375.00000000000,0,C,FCP,FMP,FCP,3,,76.88063155700,9.99401824900,6,33.50474166870
0,Idukki,Y,N,N,DF,0,0,3050.00000000000,0,N,FMP,FMP,FMP,,,76.96528801400,9.95071208000,6,32.57265853880
0,Idukki,Y,N,N,SS,0,0,575.00000000000,0,N,RUB,FMP,RUB,,,76.92553042700,9.94853838500,2,11.07788085940
0,Idukki,Y,N,N,SS,0,0,673.00000000000,0,N,RUB,FCP,RUB,5,,77.00019130600,9.92473211700,6,31.42205238340
0,Idukki,Y,N,N,SS,0,0,700.00000000000,0,N,RUB,RUB,RUB,,,76.88229708800,9.88085859300,3,15.04904174800
0,Idukki,Y,N,N,DF,0,0,2708.00000000000,0,N,GMC,FCP,GMC,,,76.87880504400,9.87391805800,2,11.91612529750
0,Idukki,N,N,Y,SS,69,55,3795.00000000000,0,N,N,FNO,FNO,,,76.93441478000,9.92815161100,4,20.08715248110
0,Idukki,N,N,Y,SS,59,17,1003.00000000000,3,C,FMP,FMP,FMP,4,,76.99169913200,10.00569697900,5,25.19420814510
0,Idukki,Y,N,N,SS,0,0,600.00000000000,0,C,FMP,FMP,FMP,,,76.92341700800,9.97101412300,6,31.71618652340
0,Idukki,N,N,Y,SS,54,19,1026.00000000000,0,N,FMP,FMP,FMP,,,77.03611227700,9.95683182000,2,11.87664985660
0,Idukki,Y,N,N,SS,0,0,881.00000000000,0,N,N,FDN,FDN,,,77.28122122400,9.37216425500,1,4.31485509872
0,Idukki,Y,N,N,SS,0,0,6885.00000000000,0,N,N,GNA,GNA,,,77.30232082200,9.34562419700,1,3.87215304375
0,Idukki,Y,N,N,SS,0,0,2619.00000000000,0,N,N,GNA,GNA,,,77.30791549200,9.34668084700,1,3.59226441383
0,Idukki,Y,N,N,SS,0,0,1433.00000000000,0,N,N,GNA,GNA,10,,77.29866710000,9.34698256000,2,13.07010173800
0,Idukki,Y,N,N,DF,0,0,5491.00000000000,0,N,N,GNA,GNA,10,,77.29242622400,9.34291322300,5,25.40612602230
0,Idukki,Y,N,N,DF,0,0,1878.00000000000,0,N,N,GNA,GNA,10,,77.29861325700,9.33078578300,1,9.32252502441
0,Idukki,Y,N,N,DF,0,0,1431.00000000000,0,N,N,FDN,FDN,,,77.29192609900,9.33013820100,9,47.31390380860
0,Idukki,Y,N,N,DF,77,33,2541.00000000000,0,N,N,GNA,GNA,10,,77.29985332200,9.32646455700,1,0.00000000000
0,Idukki,Y,N,N,DF,0,0,2276.00000000000,0,N,N,FDN,FDN,,,77.27396064100,9.33313664700,4,24.92150878910
0,Idukki,Y,N,N,SS,0,0,1621.00000000000,0,N,N,FDN,FDN,,,77.27160707200,9.33470833900,4,21.89926528930
0,Idukki,Y,N,N,DF,0,0,1180.00000000000,0,N,N,FDN,FDN,,,77.26466486600,9.33431932000,6,34.37895965580
0,Idukki,Y,N,N,SS,0,0,2840.00000000000,0,N,N,FDN,FDN,,,77.25355757700,9.31141801200,5,25.50528907780
0,Idukki,Y,N,N,SS,0,0,1874.00000000000,0,N,N,SNA,SNA,10,,77.26167523800,9.29935005000,4,20.08715248110
0,Idukki,Y,N,N,SS,0,0,1857.00000000000,0,N,N,SNA,SNA,10,,77.26141933900,9.29856511700,4,23.64393424990
0,Idukki,Y,N,N,SS,0,0,1848.00000000000,0,N,N,SNA,SNA,10,,77.25880667800,9.29929463400,3,17.23805809020
0,Idukki,Y,N,N,SS,0,0,1558.00000000000,0,N,SPL,GNA,SPL,10,,77.25765737500,9.39183670600,3,18.42068290710
0,Idukki,Y,N,N,SS,0,0,1239.00000000000,0,N,N,FDN,FDN,,,77.31490128100,9.39846482200,6,30.01576614380
0,Idukki,Y,N,N,DF,0,0,2557.00000000000,0,N,N,BRS,BRO,,,76.89200001700,10.06177481300,9,64.13955688480
0,Idukki,Y,N,N,RF,0,0,400.00000000000,0,N,N,FDN,BRF,,,76.89517670000,10.05987021200,9,54.50670242310
0,Idukki,Y,N,N,DF,0,0,2849.00000000000,0,N,N,BRG,BRG,,,77.17814088200,10.16305500600,8,40.71876525880
0,Idukki,N,N,Y,SS,47,9,423.00000000000,0,N,BSL,TEA,BSL,,,77.01144493800,10.13815654800,6,30.05704307560
0,Idukki,N,N,Y,SS,16,6,96.00000000000,0,N,GMC,FMP,GMC,,,76.98107628200,10.09149177200,3,17.77235031130
0,Idukki,N,N,Y,SS,13,7,91.00000000000,0,N,GMC,TEA,GMC,,,77.01036020300,10.13649459200,2,11.87664985660
0,Idukki,N,N,Y,RF,85,13,1105.00000000000,0,N,SPL,SPL,SPL,,,76.98576389100,10.07299087500,2,13.38906764980
0,Idukki,N,N,Y,RF,31,5,155.00000000000,0,N,SPL,SPL,SPL,,,76.98590355000,10.07284259100,4,20.38672637940
0,Idukki,N,N,Y,SS,95,15,1425.00000000000,0,N,N,FDN,FDN,,,76.99481652800,10.04899544100,6,30.38973236080
0,Idukki,N,N,Y,RF,97,8,776.00000000000,0,N,N,BSS,BSS,10,,76.89504364500,10.08543933600,6,34.95008850100
0,Idukki,N,N,Y,SS,59,10,590.00000000000,0,N,FMP,FMP,FMP,,,77.00636965200,9.94748142000,4,21.11282539370
0,Idukki,N,N,Y,SS,191,18,3438.00000000000,1,N,FMP,FMP,FMP,,,77.13273330300,9.85208145400,6,30.19637489320
0,Idukki,N,N,Y,SS,116,11,1276.00000000000,0,N,FMP,FMP,FMP,,,77.19056748900,9.87192144200,5,27.33040618900
0,Idukki,N,N,Y,SS,104,22,2288.00000000000,0,N,FMP,FMP,FMP,,,77.20234768300,9.92368517400,4,22.14327621460
0,Idukki,N,N,Y,SS,145,18,2610.00000000000,0,N,FMP,FMP,FMP,,,77.18014602600,9.92993886300,5,28.05685806270
0,Idukki,N,N,Y,DF,247,39,9633.00000000000,0,C,FMP,FMP,FMP,3,,76.87713717700,9.73710704800,6,34.82343673710
0,Idukki,N,N,Y,SS,15,12,180.00000000000,0,N,FMP,FMP,FMP,,,76.90179863500,9.71383432300,1,7.99087238312
0,Idukki,N,N,Y,SS,123,31,3813.00000000000,0,N,FMP,FMP,FMP,5,,76.87788593100,9.73955914700,4,24.50800895690
0,Idukki,N,N,Y,SS,82,10,820.00000000000,0,N,FMP,FMP,FMP,,,76.96071320400,9.63745156800,5,29.91274833680
0,Idukki,N,N,Y,DF,261,10,2610.00000000000,0,C,GMC,SPL,GMC,,,76.97899244900,9.60055547400,5,29.72389984130
0,Idukki,N,N,Y,SS,98,17,1666.00000000000,0,N,SPL,GMC,SPL,,,76.98071214500,9.59727381300,5,28.66725730900
0,Idukki,N,N,Y,SS,72,10,720.00000000000,0,N,SPL,SPL,SPL,,,76.98157903700,9.59634383000,3,16.11181640630
0,Idukki,N,N,Y,SS,78,15,1170.00000000000,0,C,FMP,FMP,FMP,10,,76.98299913100,9.59487508800,5,26.70715904240
0,Idukki,N,N,Y,SS,23,8,184.00000000000,0,C,FMP,FMP,FMP,,,76.98230964600,9.59543137400,5,27.28909111020
0,Idukki,N,N,Y,SS,25,7,175.00000000000,0,N,FMP,FMP,FMP,,,76.98222635300,9.59598732800,4,22.11272811890
0,Idukki,N,N,Y,DF,188,15,2820.00000000000,1,C,FMP,FMP,FMP,,,76.94338615300,9.56595372700,5,29.31480026250
0,Idukki,N,N,Y,SS,31,11,341.00000000000,0,N,GMC,FCP,GMC,,,76.99688463600,9.51394691800,4,21.44629096980
0,Idukki,N,N,Y,SS,44,7,308.00000000000,0,N,GMC,FCP,GMC,,,76.99711700100,9.51384216500,5,29.98191642760
0,Idukki,N,N,Y,SS,84,16,1344.00000000000,0,N,BSL,GMC,BSL,,,76.99509399700,9.51258310200,4,23.78206062320
0,Idukki,N,N,Y,SS,32,6,192.00000000000,0,N,GMC,TEA,GMC,,,76.99878569000,9.51099732900,6,33.93190002440
0,Idukki,N,N,Y,SS,33,4,132.00000000000,0,N,GMC,TEA,GMC,,,76.99896500500,9.51104397300,6,33.93190002440
0,Idukki,N,N,Y,DF,127,6,762.00000000000,0,N,FMP,FMP,FMP,,,76.99498127200,9.51014439900,5,29.42549324040
0,Idukki,N,N,Y,SS,42,11,462.00000000000,0,N,SPL,SPL,SPL,,,76.97852335500,9.51609629800,5,28.25866508480
0,Idukki,N,N,Y,DF,229,16,3664.00000000000,0,C,FMP,SPL,FMP,,,76.98175426300,9.53635652800,4,24.88731002810
0,Idukki,N,N,Y,SS,62,13,806.00000000000,0,N,FMP,FMP,FMP,,,76.99761790300,9.55369199600,6,31.54581832890
0,Idukki,N,N,Y,DF,178,8,1424.00000000000,0,N,SPL,FMP,SPL,,,76.99663157600,9.55310577100,5,26.04491996770
0,Idukki,N,N,Y,DF,312,12,3744.00000000000,0,N,N,FDN,FNO,,,76.99045592300,9.55541047400,5,29.63058471680
0,Idukki,N,N,Y,SS,39,10,390.00000000000,0,N,FMP,FMP,FMP,,,76.98539632200,9.55698362900,5,26.50074958800
0,Idukki,N,N,Y,SS,55,7,385.00000000000,0,N,N,FNO,GNA,,,77.05219721900,9.53358959900,5,26.12601089480
0,Idukki,N,N,Y,DF,149,10,1490.00000000000,0,N,FCP,FCP,FCP,,,77.10449030000,9.69527376800,4,24.78427505490
0,Idukki,N,N,Y,SS,58,14,812.00000000000,0,N,SPL,SPL,SPL,,,77.08660968900,9.68178189700,4,21.20606422420
0,Idukki,N,N,Y,SS,65,12,780.00000000000,0,N,SPL,SPL,SPL,,,77.08634590300,9.68206005100,5,27.90955543520
0,Idukki,N,N,Y,SS,105,14,1470.00000000000,0,N,FMP,FMP,FMP,,,77.07229865300,9.67563559100,4,23.19368743900
0,Idukki,N,N,Y,SS,59,13,767.00000000000,0,N,FMP,FMP,FMP,,,77.13800853100,9.80247937300,5,27.57758712770
0,Idukki,N,N,Y,SS,99,14,1386.00000000000,0,N,FMP,FMP,FMP,,,77.12802531500,9.88736013900,5,27.44202423100
0,Idukki,N,N,Y,DF,100,13,1300.00000000000,0,N,FMP,FMP,FMP,,,77.10335498700,9.83941205500,7,36.39645004270
0,Idukki,N,N,Y,DF,47,12,564.00000000000,0,N,FCP,FCP,FCP,,,77.10387798700,9.83899714200,8,44.13225936890
0,Idukki,N,N,Y,SS,145,12,1740.00000000000,1,N,FMP,FMP,FMP,,,77.08634400800,9.87253994400,5,26.91402244570
0,Idukki,N,N,Y,SS,90,25,2250.00000000000,0,N,FMP,GMC,FMP,,,77.08475383100,9.87259809500,5,29.51222610470
0,Idukki,N,N,Y,SS,87,15,1305.00000000000,0,C,FMP,GMC,FMP,,,77.08484154600,9.87450281900,5,26.81547927860
0,Idukki,N,N,Y,SS,83,18,1494.00000000000,0,N,SPL,FCP,SPL,,,77.08434171600,9.87460280500,4,23.08484840390
0,Idukki,N,N,Y,DF,118,22,2596.00000000000,0,N,FMP,FMP,FMP,,,77.08037342500,9.87135818800,4,22.44351005550
0,Idukki,N,N,Y,SS,78,13,1014.00000000000,0,N,FMP,FMP,FMP,,,77.10020009800,9.81692514300,5,25.92011451720
0,Idukki,N,N,Y,DF,224,12,2688.00000000000,0,N,FMP,FMP,FMP,,,77.09012085100,9.85064950700,3,17.16979980470
0,Idukki,N,N,Y,SS,191,13,2483.00000000000,0,D,SPL,GMC,SPL,,,77.09128216300,9.84979771800,4,22.08007812500
0,Idukki,N,N,Y,SS,87,15,1305.00000000000,0,N,SPL,SPL,SPL,,,77.08979382900,9.84910770900,5,29.56893730160
0,Idukki,N,N,Y,SS,90,12,1080.00000000000,0,N,SPL,GMC,SPL,,,77.09160560100,9.84914850600,5,26.01620483400
0,Idukki,N,N,Y,DF,193,11,2123.00000000000,0,N,FMP,FMP,FMP,,,77.08962722000,9.84449455000,4,24.06379318240
0,Idukki,N,N,Y,SS,59,10,590.00000000000,0,N,FMP,SPL,FMP,,,77.09306116200,9.84803731700,2,11.81937026980
0,Idukki,N,N,Y,SS,51,12,612.00000000000,0,N,FMP,FMP,FMP,,,77.09347036100,9.84750583400,3,17.57161521910
0,Idukki,N,N,Y,SS,66,21,1386.00000000000,0,N,SPL,SPL,SPL,,,77.07043566700,9.84960344100,2,14.10366249080
0,Idukki,N,N,Y,SS,44,9,396.00000000000,0,N,SPL,SPL,SPL,,,77.14725213700,9.98564322200,3,18.38673591610
0,Idukki,Y,N,N,DF,226,6,1356.00000000000,0,D,FMP,FMP,FMP,,,76.94546485900,9.87405035200,5,29.89257240300
0,Idukki,Y,N,N,DF,0,0,1854.00000000000,0,N,SPL,GMC,SPL,,,77.07007369200,9.89459308000,7,35.04166412350
0,Idukki,Y,N,N,DF,0,0,2496.00000000000,0,N,FMP,SPL,FMP,,,77.06851664000,9.89469773300,7,37.40712356570
0,Idukki,N,N,Y,DF,84,9,756.00000000000,0,N,FMP,FMP,FMP,,,77.07585789700,9.89256665200,6,34.20121383670
0,Idukki,Y,N,N,SS,0,0,424.00000000000,0,N,FMP,SPL,FMP,,,76.96551671800,9.94511610200,6,32.79216766360
0,Idukki,N,N,Y,DF,131,14,1834.00000000000,0,N,FMP,BSL,FMP,,,77.07559787400,9.89276908400,5,25.28632354740
0,Idukki,Y,N,N,SS,0,0,1346.00000000000,0,N,SPL,BSL,SPL,,,76.96310033100,9.94750297500,3,16.75295829770
0,Idukki,N,N,Y,SS,46,8,368.00000000000,0,N,SPL,FMP,SPL,,,76.96281866000,9.94801412100,4,24.81009674070
0,Idukki,Y,N,N,DF,0,0,4325.00000000000,0,N,N,FNO,BRF,,,76.93867633300,9.96366680400,6,34.83838653560
0,Idukki,N,N,Y,SS,50,21,1050.00000000000,1,N,N,FMP,BUI,1,,76.93944923300,9.96096318500,6,31.28808021550
0,Idukki,Y,N,N,DF,0,0,1225.00000000000,1,N,FMP,FMP,FMP,,,76.94925562400,9.95175027500,7,36.20274734500
0,Idukki,Y,N,N,SS,0,0,1100.00000000000,1,N,FMP,FMP,FMP,2,,76.97392409200,9.90865681200,6,31.59825134280
0,Idukki,Y,N,N,SS,0,0,1100.00000000000,2,N,FMP,FMP,FMP,,,76.96832537700,9.90945149300,4,22.04531097410
0,Idukki,Y,N,N,SS,0,0,750.00000000000,0,N,FMP,FMP,FMP,5,,76.96598334500,9.91045005200,1,3.98405623436
0,Idukki,Y,N,N,DF,0,0,1677.00000000000,0,D,SPL,SPL,SPL,,,76.95924700300,9.85247528100,4,22.27496147160
0,Idukki,Y,N,N,SS,0,0,1274.00000000000,0,N,SPL,SPL,SPL,,,76.95882691100,9.85291755700,4,20.74966430660
0,Idukki,Y,N,N,DF,0,0,1374.00000000000,0,N,FCP,FCP,FCP,,,76.93389605000,9.90785044800,4,23.29043960570
0,Idukki,Y,N,N,SS,0,0,500.00000000000,0,N,FCP,FCP,FCP,,,76.95328723400,9.87610286700,1,6.28419733047
0,Idukki,Y,N,N,SS,0,0,2440.00000000000,0,N,SPL,SPL,SPL,,,76.95321703700,9.89232203400,5,26.53172302250
0,Idukki,Y,N,N,SS,0,0,1375.00000000000,0,N,SPL,SPL,SPL,10,,76.91691300200,9.92235832200,5,27.23582077030
0,Idukki,Y,N,N,SS,0,0,865.00000000000,0,N,SPL,SPL,SPL,10,,76.91714862100,9.92218067900,4,21.91579055790
0,Idukki,N,N,Y,SS,56,22,1232.00000000000,0,N,SPL,SPL,SPL,10,,76.91720465900,9.92165128300,2,14.44564342500
0,Idukki,Y,N,N,SS,0,0,1225.00000000000,0,N,N,FDN,FDN,,,76.89101951800,9.93462724100,5,25.29133415220
0,Idukki,Y,N,N,SS,0,0,994.00000000000,0,N,GMC,SPL,GMC,,,76.93476199300,9.90808996400,5,26.82612037660
0,Idukki,Y,N,N,DF,0,0,1310.00000000000,0,N,GMC,BSL,GMC,,,76.92853772200,9.91128946400,4,24.65281486510
0,Idukki,Y,N,N,SS,0,0,1200.00000000000,0,N,FMP,FMP,FMP,,,76.93657694200,9.90614966300,3,18.69707870480
0,Idukki,Y,N,N,SS,0,0,1525.00000000000,0,N,N,FDN,FDN,6,,76.93459823300,9.84016131800,3,15.81242465970
0,Idukki,Y,N,N,SS,0,0,925.00000000000,0,N,BSL,SPL,BSL,,,76.94483137100,9.90231045300,4,24.10158348080
0,Idukki,Y,N,N,SS,0,0,736.00000000000,0,N,N,SNA,SNA,,,76.93312484900,9.84092577500,5,26.48369026180
0,Idukki,N,N,Y,SS,59,9,531.00000000000,1,N,FMP,FMP,FMP,,,76.94932136800,9.85291049500,5,26.44640541080
0,Idukki,Y,N,N,SS,0,0,1878.00000000000,0,N,N,FNO,FNO,,,76.92870694600,9.87348421500,2,12.30732440950
0,Idukki,Y,N,N,SS,0,0,651.00000000000,0,C,BSL,BSL,BSL,,,76.94193114700,9.86829232800,3,17.84587097170
0,Idukki,N,N,Y,SS,17,15,255.00000000000,1,N,FMP,FMP,FMP,,,76.94874914500,9.85354855100,4,22.75766944890
0,Idukki,Y,N,N,DF,0,0,9050.00000000000,0,N,RUB,RUB,RUB,,,76.88066391100,9.87090015700,3,17.67921447750
0,Idukki,Y,N,N,SS,0,0,8950.00000000000,1,N,FMP,FMP,FMP,,,76.94228605500,9.88587136400,4,22.90564346310
0,Idukki,Y,N,N,SS,0,0,715.00000000000,0,N,FCP,SPL,FCP,,,76.93739249600,9.88000324100,5,26.13393974300
0,Idukki,Y,N,N,DF,0,0,911.00000000000,0,N,BSL,SPL,BSL,,,76.93568209800,9.88240939500,6,33.96642684940
0,Idukki,Y,N,N,SS,0,0,661.00000000000,0,N,N,FDN,FDN,,,76.92399439700,9.83183493200,4,21.63874816890
0,Idukki,N,N,Y,DF,270,34,9180.00000000000,0,N,N,FDN,FDN,,,76.90648663300,9.86103606900,5,25.57598686220
0,Idukki,N,N,Y,SS,91,14,1274.00000000000,0,N,N,FNO,FNO,10,,76.90897485100,9.85813930100,5,29.73409461980
0,Idukki,Y,N,N,SS,0,0,2173.00000000000,0,N,N,FNO,FNO,,,76.91606098900,9.81873359300,7,36.70973968510
0,Idukki,N,N,Y,DF,174,4,696.00000000000,0,N,N,BSG,SNA,,,76.91542586500,9.82730518600,4,20.47317886350
0,Idukki,Y,N,N,SS,0,0,892.00000000000,0,N,N,FNO,FNO,10,,76.90004477900,9.81423518200,4,21.64085006710
0,Idukki,N,N,Y,SS,51,5,255.00000000000,0,N,N,BSO,BSG,,,76.89973451700,9.81435697000,5,28.49240303040
0,Idukki,Y,N,N,SS,0,0,580.00000000000,0,N,SPL,FMP,SPL,,,76.86602010200,9.85764038300,4,23.52324676510
0,Idukki,Y,N,N,SS,0,0,975.00000000000,0,N,N,FDN,FDN,,,76.89760659800,9.88030698100,8,40.62120056150
0,Idukki,Y,N,N,DF,0,0,8125.00000000000,0,N,FMP,FMP,FMP,,,76.86649947900,9.85821201000,4,24.09618949890
0,Idukki,Y,N,N,SS,0,0,1054.00000000000,0,N,N,FDN,FDN,,,76.89991792600,9.87572699100,4,22.68708801270
0,Idukki,N,N,Y,DF,142,12,1704.00000000000,0,N,N,FNO,FNO,,,76.90644067400,9.86341909500,7,35.95272064210
0,Idukki,Y,N,N,SS,44,11,484.00000000000,0,N,N,FDN,FDN,,,76.89184754600,9.84991930300,5,27.43470382690
0,Idukki,Y,N,N,SS,0,0,1609.00000000000,0,N,FCP,GMC,FCP,10,,76.92324066100,10.10017340400,5,25.65780639650
0,Idukki,Y,N,N,SS,0,0,2200.00000000000,0,N,FMP,BSL,FMP,10,RUB TO GMC,76.88910082700,9.85271012200,6,31.30662345890
0,Idukki,N,N,Y,DF,158,13,2054.00000000000,0,N,N,FNO,FNO,,,77.33793783500,9.47024653100,4,24.51326560970
0,Idukki,Y,N,N,DF,0,0,3908.00000000000,0,N,FCP,FCP,FCP,,,76.88757806900,9.85419589000,3,15.95361328130
0,Idukki,N,N,Y,DF,715,67,47905.00000000000,0,N,N,FDN,FDN,,,77.36711518000,9.45033095000,1,0.00000000000
0,Idukki,Y,N,N,DF,0,0,5725.00000000000,0,N,FMP,FMP,FMP,,,76.88017584800,9.85409032300,6,30.62074851990
0,Idukki,Y,N,N,SS,0,0,2150.00000000000,0,N,FMP,FMP,FMP,,,76.88158326600,9.85634413600,6,30.06204032900
0,Idukki,N,N,Y,SS,15,10,150.00000000000,0,N,FMP,FMP,FMP,,,76.88913531200,9.75722410800,5,25.40612602230
0,Idukki,N,N,Y,SS,65,13,845.00000000000,0,N,N,FNO,FNO,5,,76.88778294600,9.85004046600,6,32.98579025270
0,Idukki,Y,N,N,SS,0,0,2475.00000000000,0,N,FMP,SPL,FMP,,,76.88623867500,9.85225938400,6,30.34068489070
0,Idukki,N,N,Y,SS,58,8,464.00000000000,0,N,FMP,FMP,FMP,,,76.96287297900,9.63882651800,3,17.04952812190
0,Idukki,Y,N,N,SS,0,0,2000.00000000000,0,N,FMP,FMP,FMP,,,76.88640197700,9.84576211100,4,22.89982986450
0,Idukki,N,N,Y,SS,53,10,530.00000000000,0,D,N,GNA,GNA,,,76.88908721400,9.73918950600,4,20.95102310180
0,Idukki,N,N,Y,SS,21,18,378.00000000000,1,N,N,BUI,BUI,1,,76.89719759400,9.73636917800,2,14.65118980410
0,Idukki,Y,N,N,SS,0,0,1402.00000000000,0,N,N,FNO,FNO,,,76.98032512500,9.78574936300,5,28.22380638120
0,Idukki,N,N,Y,DF,615,16,9840.00000000000,0,C,FCP,FCP,FCP,,,76.95274294800,9.57126065300,5,29.78497314450
0,Idukki,N,N,Y,DF,91,5,455.00000000000,0,N,BSL,GMC,BSL,,,76.94915390000,9.57347120300,8,42.95470809940
0,Idukki,N,N,Y,DF,75,4,300.00000000000,0,N,BSL,GMC,BSL,,,76.94902303700,9.57334440000,8,41.37060546880
0,Idukki,N,N,Y,DF,133,10,1330.00000000000,0,N,N,FDN,FDN,,,77.15615307100,9.47222640500,3,18.16011238100
0,Idukki,Y,N,N,SS,0,0,2156.00000000000,0,N,N,BSO,BSO,10,,77.33499065300,9.47070843500,2,12.49570274350
0,Idukki,N,N,Y,SS,107,33,3531.00000000000,0,N,SPL,SPL,SPL,,,76.99543743800,9.99142662300,3,15.68563175200
0,Idukki,Y,N,N,RF,0,0,3172.00000000000,0,N,N,FNO,FNO,,,76.98307106200,10.13371998500,9,49.25559616090
0,Idukki,Y,N,N,DF,0,0,1215.00000000000,0,N,N,FNO,FNO,10,,76.91555392200,10.10723341000,9,51.59790420530
0,Idukki,Y,N,N,RF,0,0,5316.00000000000,0,N,N,FNO,FNO,,,76.98190438800,10.13514257700,9,45.30492782590
0,Idukki,Y,N,N,SS,0,0,222.00000000000,0,N,N,FNO,FNO,,,76.91224941400,10.10597719700,7,37.11706542970
0,Idukki,Y,N,N,RF,0,0,586.00000000000,0,N,N,FNO,FNO,,,76.98160048400,10.13548667100,7,36.66643142700
0,Idukki,Y,N,N,DF,0,0,4077.00000000000,0,C,RUB,GMC,RUB,,,77.26248153800,10.19998304300,6,32.09154891970
0,Idukki,N,N,Y,SS,22,5,110.00000000000,0,N,N,BSG,BSG,,,77.00786467900,10.12192648100,8,43.25642395020
0,Idukki,N,N,Y,SS,57,7,399.00000000000,0,N,FMP,FMP,FMP,10,,77.03460789300,10.12349749000,4,22.11884307860
0,Idukki,N,N,Y,SS,67,12,804.00000000000,0,N,FMP,FMP,FMP,,,76.91840135900,10.11008905400,3,19.84073066710
0,Idukki,N,N,Y,SS,75,10,750.00000000000,0,N,TEA,TEA,TEA,,,77.04495569400,10.11769846300,5,25.51023101810
0,Idukki,N,N,Y,SS,69,23,1587.00000000000,0,C,TEA,TEA,TEA,2,,77.15177207100,10.03772377800,2,10.22039699550
0,Idukki,N,N,Y,SS,49,15,735.00000000000,0,C,TEA,BRG,TEA,2,,77.15425888100,10.03804990000,7,36.99252319340
0,Idukki,N,N,Y,SS,158,40,6320.00000000000,0,C,TEA,TEA,TEA,2,,77.15173649800,10.03638327200,5,26.60890007020
0,Idukki,N,N,Y,SS,59,19,1121.00000000000,0,N,N,FDN,FDN,,,77.03296088800,10.11924016100,4,22.94628715520
0,Idukki,N,N,Y,DF,158,16,2528.00000000000,0,N,GMC,GMC,GMC,,,77.18315054600,9.99814625900,6,34.67693710330
0,Idukki,Y,N,N,RF,0,0,1350.00000000000,0,N,N,BRO,BRO,,,76.93641860700,10.11129980000,9,45.49960327150
0,Idukki,Y,N,N,SS,0,0,1400.00000000000,0,N,N,FDN,FDN,,,76.91043609200,10.07501740700,3,16.07476234440
0,Idukki,Y,N,N,SS,0,0,361.00000000000,0,N,N,SNA,SNA,,,76.92590990900,10.07050121100,4,20.32270622250
0,Idukki,Y,N,N,SS,0,0,1098.00000000000,0,N,FMP,FMP,FMP,,,76.91487038100,10.08251253700,3,17.41284370420
0,Idukki,Y,N,N,SS,0,0,1227.00000000000,0,N,FCP,SPL,FCP,,,76.92400246600,10.09594708600,3,18.18665122990
0,Idukki,Y,N,N,SS,0,0,701.00000000000,0,N,RUB,RUB,RUB,,,76.91889443300,10.08509525700,6,31.06979179380
0,Idukki,Y,N,N,SS,0,0,1503.00000000000,0,N,FMP,FMP,FMP,,,76.92700411100,10.08848425300,7,36.69725799560
0,Idukki,Y,N,N,DF,0,0,1476.00000000000,0,N,FCP,FCP,FCP,10,,76.92321980300,10.09882008300,2,14.91105365750
0,Idukki,Y,N,N,SS,0,0,2036.00000000000,0,N,N,BRG,BRG,,,76.91956706200,10.10378623600,9,45.66496276860
0,Idukki,Y,N,N,SS,0,0,4329.00000000000,0,N,N,FNO,FNO,10,,76.91830875000,10.10417960700,5,26.88679313660
0,Idukki,Y,N,N,SS,0,0,615.00000000000,0,N,N,FDN,FDN,,,76.96868721800,10.08798227500,4,24.05297851560
0,Idukki,Y,N,N,SS,0,0,843.00000000000,0,N,N,FDN,FDN,,,76.96903430000,10.08732337500,3,17.75049209590
0,Idukki,N,N,Y,SS,50,5,250.00000000000,0,N,N,BSG,BSG,,,77.00989408100,10.08121472600,1,7.77892971039
0,Idukki,N,N,Y,SS,29,5,145.00000000000,0,N,SPL,FMP,SPL,,,77.02035835800,10.07627711100,3,15.11248016360
0,Idukki,N,N,Y,SS,25,6,150.00000000000,0,N,SPL,FMP,SPL,,,77.02045723500,10.07621616500,3,15.10914993290
0,Idukki,N,N,Y,SS,48,12,576.00000000000,0,C,TEA,TEA,TEA,,,77.02589122500,10.07997700800,7,37.53638076780
0,Idukki,N,N,Y,DF,146,13,1898.00000000000,0,C,BSL,FMP,BSL,10,,77.02652813000,10.08077226600,4,20.31353759770
0,Idukki,N,N,Y,DF,210,19,3990.00000000000,0,C,FMP,FMP,FMP,10,,77.02599219800,10.08101706500,3,15.20208835600
0,Idukki,N,N,Y,SS,13,6,78.00000000000,0,N,BSL,FMP,BSL,,,77.02544274100,10.08130902300,2,12.04666614530
0,Idukki,N,N,Y,SS,11,5,55.00000000000,0,N,BSL,FMP,BSL,,,77.02532553500,10.08135113200,3,16.56351280210
0,Idukki,N,N,Y,SS,10,3,30.00000000000,0,N,N,GNA,GNA,,,77.00878259300,10.07943489700,6,33.71721267700
0,Idukki,N,N,Y,RF,147,7,1029.00000000000,0,N,N,GNA,GNA,,,77.00861361800,10.07906585700,6,32.26623916630
0,Idukki,N,N,Y,SS,27,5,135.00000000000,0,N,TEA,TEA,TEA,10,,76.99779090700,10.08647152500,1,7.01893234253
0,Idukki,N,N,Y,SS,13,6,78.00000000000,0,N,N,BSG,BSG,,,77.00959268500,10.08116632200,1,6.95687913895
0,Idukki,N,N,Y,SS,187,18,3366.00000000000,0,N,N,FDN,FDN,,,76.99864969700,10.07528634900,3,18.60467720030
0,Idukki,N,N,Y,SS,44,6,264.00000000000,0,N,N,FNO,FNO,,,76.99943294700,10.07344893000,5,27.84255218510
0,Idukki,N,N,Y,SS,41,14,574.00000000000,0,N,SPL,SPL,SPL,,,77.00493164000,10.07182502300,3,15.64735221860
0,Idukki,N,N,Y,SS,41,33,1353.00000000000,0,C,TEA,TEA,TEA,,,77.00464370700,10.07214688300,2,13.85176467900
0,Idukki,N,N,Y,DF,227,12,2724.00000000000,0,N,TEA,TEA,TEA,,,77.00257158500,10.07365565300,2,14.01300334930
0,Idukki,N,N,Y,DF,233,8,1864.00000000000,0,N,SPL,SPL,SPL,,,77.09602945300,10.03144196000,5,25.20596122740
0,Idukki,N,N,Y,DF,295,17,5015.00000000000,0,N,GMC,FMP,GMC,,,77.09318075000,10.03070159000,7,36.89826965330
0,Idukki,N,N,Y,DF,148,25,3700.00000000000,0,N,SPL,SPL,SPL,,,77.09289060000,10.03107872100,7,35.31605148320
0,Idukki,N,N,Y,DF,138,28,3864.00000000000,0,N,BSL,FMP,BSL,10,,77.09247931400,10.03155461500,5,27.04649925230
0,Idukki,N,N,Y,SS,99,17,1683.00000000000,0,N,FCP,FCP,FCP,,,77.09083334200,10.03186108900,5,27.70484161380
0,Idukki,Y,N,N,SS,0,0,2979.00000000000,1,C,SPL,SPL,SPL,,,77.03185486100,10.01707349700,5,27.48733711240
0,Idukki,Y,N,N,SS,124,20,2480.00000000000,0,N,N,FDN,FDN,,,76.96268264000,10.02645818100,7,38.13768386840
0,Idukki,Y,N,N,SS,0,0,731.00000000000,0,N,N,FNO,FNO,,,76.90322230000,9.85185705100,4,24.82728767400
0,Idukki,N,N,Y,SS,152,6,912.00000000000,0,N,N,GNA,GNA,,,76.91200521500,9.83206817200,7,36.70391845700
0,Idukki,N,N,Y,SS,77,12,924.00000000000,0,N,N,FDN,FDN,,,76.89746942400,9.87703843800,4,22.72829818730
0,Idukki,N,N,Y,SS,74,11,814.00000000000,1,C,SPL,SPL,SPL,,,77.06225478300,9.99274651500,4,23.51392555240
0,Idukki,N,N,Y,DF,100,17,1700.00000000000,0,N,SPL,FMP,SPL,,,77.07751709000,9.99938553500,2,13.79259014130
0,Idukki,N,N,Y,SS,63,7,441.00000000000,0,N,FMP,FMP,FMP,,,77.07842555800,9.99842233600,3,19.70761680600
0,Idukki,Y,N,N,DF,0,0,6472.00000000000,0,C,SPL,SPL,SPL,,,77.05830734500,9.99507711000,5,25.43262863160
0,Idukki,N,N,Y,SS,34,5,170.00000000000,0,N,N,BSO,GNA,,,76.91385867300,9.82847342300,5,29.32786178590
0,Idukki,N,N,Y,SS,54,40,2160.00000000000,0,C,FMP,FMP,FMP,,,77.12539147700,9.89655812500,5,28.62099266050
0,Idukki,N,N,Y,SS,57,11,627.00000000000,0,C,FMP,FMP,FMP,,,77.12586596000,9.89718295900,5,28.21822166440
0,Idukki,N,N,Y,DF,318,31,9858.00000000000,0,C,FMP,SPL,FMP,,,77.12080554800,9.88656503400,2,10.24628162380
0,Idukki,N,N,Y,SS,62,10,620.00000000000,0,N,FMP,FMP,FMP,,,77.11600140800,9.85853549800,3,16.48578453060
0,Idukki,N,N,Y,SS,46,10,460.00000000000,0,N,FMP,FMP,FMP,,,77.11564157500,9.85747053500,7,37.91100692750
0,Idukki,N,N,Y,SS,100,21,2100.00000000000,2,N,FMP,FMP,FMP,,,77.11521958400,9.85777250500,6,30.07202911380
0,Idukki,N,N,Y,DF,21,4,84.00000000000,0,N,GMC,RUB,GMC,,,77.18828581400,10.13826186300,7,35.70849227910
0,Idukki,Y,N,N,RF,0,0,1000.00000000000,0,N,N,BRG,BRG,,,76.93029159300,9.98628976300,7,36.01277160640
0,Idukki,N,N,Y,RF,82,4,328.00000000000,0,N,N,BRG,BRO,,,76.93464359700,9.98395823500,6,32.84289932250
0,Idukki,N,N,Y,RF,83,3,249.00000000000,0,N,N,BRG,BRO,,,76.93396768500,9.98391737400,6,32.65505218510
0,Idukki,Y,N,N,SS,0,0,1075.00000000000,0,N,N,FDN,FDN,,,76.95483070500,9.96589634200,4,20.32270622250
0,Idukki,Y,N,N,DF,0,0,8875.00000000000,0,N,N,FNO,FNO,,,76.96527871300,9.97174982800,5,29.59722137450
0,Idukki,N,N,Y,SS,40,16,640.00000000000,0,N,N,FDN,FDN,,,76.97174086300,9.95708795800,7,35.51525497440
0,Idukki,Y,N,N,SS,0,0,550.00000000000,3,N,FMP,FMP,FMP,,,76.90749650600,9.96563957100,2,11.70387268070
0,Idukki,Y,N,N,SS,0,0,918.00000000000,1,C,FMP,FMP,FMP,2,,77.00975745100,9.94299605200,5,27.34660911560
0,Idukki,N,N,Y,DF,113,12,1356.00000000000,0,N,RUB,RUB,RUB,,,77.00137126100,9.94799651800,5,26.15928459170
0,Idukki,N,N,Y,DF,210,16,3360.00000000000,0,N,N,FNO,FNO,,,76.97076479900,9.91590246600,6,30.73865509030
0,Idukki,N,N,Y,DF,0,0,3175.00000000000,0,N,RUB,RUB,RUB,,,76.98235396600,9.92739297900,5,28.47041511540
0,Idukki,Y,N,N,DF,0,0,21450.00000000000,0,N,RUB,RUB,RUB,,,76.98198582700,9.92563472300,5,29.24277877810
0,Idukki,Y,N,N,DF,111,16,1776.00000000000,0,N,SPL,SPL,SPL,10,,76.98241689200,9.92646294000,4,23.35649871830
0,Idukki,Y,N,N,SS,0,0,353.00000000000,0,N,FMP,FMP,FMP,,,77.06847633800,9.95084470000,2,13.16828536990
0,Idukki,N,N,Y,SS,26,7,182.00000000000,0,N,N,GNA,GNA,,,77.10352648100,9.92050120900,3,16.86711692810
0,Idukki,Y,N,N,DF,0,0,1901.00000000000,0,N,FMP,FMP,FMP,,,77.00247948500,9.92246955700,6,34.36069488530
0,Idukki,Y,N,N,SS,0,0,1850.00000000000,0,N,RUB,RUB,RUB,,,76.97072714600,9.92723721600,3,15.97855567930
0,Idukki,Y,N,N,DF,0,0,2700.00000000000,0,N,RUB,RUB,RUB,,,76.98150834800,9.92444449700,5,28.93948936460
0,Idukki,N,N,Y,DF,188,16,3008.00000000000,0,C,FMP,FMP,FMP,,,77.11774077800,9.85265477700,5,26.87619209290
0,Idukki,N,N,Y,SS,104,8,832.00000000000,0,N,N,SNA,SNA,,,77.13070099300,10.26825204900,4,22.34741973880
0,Idukki,N,N,Y,DF,285,38,10830.00000000000,0,N,N,GNA,GNA,,,77.12485486400,10.26527514900,6,33.03905487060
0,Idukki,N,N,Y,DF,108,18,1944.00000000000,0,N,N,GNA,GNA,,,77.12450922300,10.26479689400,5,26.25083160400
0,Idukki,N,N,Y,DF,66,6,396.00000000000,0,N,N,SNA,SNA,10,,77.12554501700,10.26699694400,7,38.11714172360
0,Idukki,N,N,Y,SS,35,8,280.00000000000,0,N,N,GNA,GNA,,,77.13363773200,10.28239967500,2,13.01078605650
0,Idukki,N,N,Y,SS,48,16,768.00000000000,0,N,N,GNA,GNA,,,77.13531515100,10.28387598500,6,31.14482498170
0,Idukki,N,N,Y,SS,59,11,649.00000000000,0,N,N,BRG,BRO,,,77.12811953900,10.22786017700,6,30.06204032900
0,Idukki,N,N,Y,SS,85,8,680.00000000000,0,N,N,BRG,BRG,4,,77.13041865800,10.22602738000,6,31.67319297790
0,Idukki,N,N,Y,SS,31,11,341.00000000000,0,N,N,GNA,GNA,,,77.07683453400,10.27666996800,4,22.74592781070
0,Idukki,N,N,Y,SS,58,3,174.00000000000,0,N,N,GNA,GNA,,,77.07907956300,10.27578635900,4,22.01251983640
0,Idukki,N,N,Y,RF,73,8,584.00000000000,0,N,N,GNA,BRG,,,77.06956438400,10.27572131000,6,32.55548477170
0,Idukki,N,N,Y,RF,63,17,1071.00000000000,0,N,N,BRG,BRG,,,77.08584501900,10.25542933000,4,22.91533088680
0,Idukki,N,N,Y,SS,31,18,558.00000000000,0,N,N,FDN,FDN,,,77.09599836900,10.16163028700,1,9.92548847198
0,Idukki,N,N,Y,SS,31,11,341.00000000000,0,C,TEA,TEA,TEA,,,77.01918193200,10.16349902400,3,16.67927169800
0,Idukki,N,N,Y,SS,16,8,128.00000000000,0,C,TEA,TEA,TEA,,,77.01929356700,10.16361284300,3,16.67927169800
0,Idukki,N,N,Y,SS,39,10,390.00000000000,0,N,N,SNA,SNA,,,77.01492898700,10.15207252600,3,15.26147937770
0,Idukki,N,N,Y,SS,109,16,1744.00000000000,0,N,N,SNA,SNA,,,77.01089938200,10.15330589000,3,17.77235031130
0,Idukki,N,N,Y,SS,103,17,1751.00000000000,0,N,N,FDN,FDN,,,77.00329443000,10.15096829100,5,29.45272636410
0,Idukki,N,N,Y,SS,33,18,594.00000000000,0,N,N,SNA,SNA,,,76.99571412600,10.15411687900,3,16.84669685360
0,Idukki,N,N,Y,SS,149,14,2086.00000000000,0,N,N,FDN,FDN,,,76.98226101500,10.11681726500,2,14.21872520450
0,Idukki,N,N,Y,SS,79,12,948.00000000000,0,N,N,FNO,FNO,,,76.98389489100,10.11334410400,6,34.06466293330
0,Idukki,N,N,Y,SS,56,25,1400.00000000000,0,N,N,FDN,FDN,,,76.98769969500,10.11263310300,4,22.31727027890
0,Idukki,N,N,Y,DF,175,12,2100.00000000000,0,N,N,FDN,FDN,,,76.98406972700,10.14742253600,8,43.27056121830
0,Idukki,N,N,Y,SS,46,14,644.00000000000,0,N,N,FDN,FDN,,,76.98013248900,10.14072681600,3,18.37889099120
0,Idukki,N,N,Y,RF,55,8,440.00000000000,0,N,N,BRG,BRO,,,76.98851194400,10.13931913400,9,46.73229217530
0,Idukki,N,N,Y,SS,33,12,396.00000000000,0,N,TEA,TEA,TEA,,,77.09875364600,10.13299160500,2,10.13708591460
0,Idukki,N,N,Y,DF,26,8,208.00000000000,0,N,SPL,SPL,SPL,,,77.09483896800,10.13674675100,4,23.05608177190
0,Idukki,N,N,Y,DF,100,6,600.00000000000,0,C,N,FNO,FNO,,,77.09728108500,10.12500339500,3,19.48387718200
0,Idukki,N,N,Y,SS,33,9,297.00000000000,0,C,TEA,TEA,TEA,2,,77.09853253900,10.12545876400,5,27.49609184270
0,Idukki,N,N,Y,SS,67,15,1005.00000000000,0,C,TEA,TEA,TEA,2,,77.08606170600,10.12896983000,3,17.50498580930
0,Idukki,N,N,Y,SS,31,12,372.00000000000,0,N,SPL,FMP,SPL,,,77.08671771100,10.13083965000,4,24.68751335140
0,Idukki,N,N,Y,DF,87,8,696.00000000000,0,D,FMP,FMP,FMP,,,77.07772019500,10.12543399700,1,7.99761104584
0,Idukki,N,N,Y,DF,88,8,704.00000000000,0,N,TEA,TEA,TEA,,,77.07751291800,10.12540604700,4,20.49584579470
0,Idukki,N,N,Y,SS,37,21,777.00000000000,0,N,TEA,TEA,TEA,,,77.07496880500,10.12470331100,3,18.91292953490
0,Idukki,N,N,Y,SS,25,5,125.00000000000,0,N,TEA,TEA,TEA,,,77.07525759300,10.12542293600,4,22.94628715520
0,Idukki,N,N,Y,SS,50,14,700.00000000000,0,D,TEA,TEA,TEA,,,77.07892127900,10.12452473700,3,16.17641258240
0,Idukki,N,N,Y,SS,41,19,779.00000000000,0,N,SPL,SPL,SPL,,,77.07234397700,10.12518597000,3,17.70392799380
0,Idukki,N,N,Y,SS,58,18,1044.00000000000,0,N,TEA,TEA,TEA,8,,77.07334711400,10.12519030600,2,13.71820545200
0,Idukki,N,N,Y,SS,24,4,96.00000000000,0,C,TEA,ROA,ROA,,,77.07570427300,10.12878748000,3,17.57161521910
0,Idukki,N,N,Y,SS,13,17,221.00000000000,0,N,TEA,TEA,TEA,5,,77.08017184900,10.12512107800,2,10.24628162380
0,Idukki,N,N,Y,RF,60,11,660.00000000000,0,N,N,BRG,BRG,,,77.08419348100,10.11608676000,1,9.00179290771
0,Idukki,N,N,Y,SS,18,8,144.00000000000,0,N,TEA,TEA,TEA,,,77.04332809100,10.10120088200,2,12.35367202760
0,Idukki,N,N,Y,SS,79,12,948.00000000000,0,N,N,SNA,SNA,,,77.02767860400,10.10568321300,3,19.24929809570
0,Idukki,N,N,Y,SS,33,4,132.00000000000,0,N,N,FNO,FNO,,,77.02680128100,10.10606600800,2,12.77037715910
0,Idukki,N,N,Y,DF,60,10,600.00000000000,0,N,N,SNA,SNA,,,77.02606281800,10.11116415200,5,28.88057136540
0,Idukki,N,N,Y,SS,33,6,198.00000000000,0,D,SPL,FMP,SPL,,,77.09272629500,10.10138422600,5,25.01858139040
0,Idukki,N,N,Y,SS,105,10,1050.00000000000,0,C,SPL,FMP,SPL,,,77.09642424900,10.10118928600,6,30.74225044250
0,Idukki,N,N,Y,SS,39,21,819.00000000000,0,C,FCP,FCP,FCP,,,77.10742300700,10.17046050400,5,25.33301925660
0,Idukki,N,N,Y,SS,123,12,1476.00000000000,0,N,N,BRS,BRS,,,77.11757124000,10.20593894700,4,23.00802040100
0,Idukki,N,N,Y,SS,35,15,525.00000000000,0,N,N,BRG,BRG,,,77.12508771400,10.20947944800,6,33.62591552730
0,Idukki,N,N,Y,SS,132,33,4356.00000000000,0,N,RUB,RUB,RUB,,,77.10407248400,10.18382059500,4,23.80954360960
0,Idukki,N,N,Y,SS,79,13,1027.00000000000,0,N,RUB,RUB,RUB,,,77.10542896100,10.18260062400,7,39.38055038450
0,Idukki,Y,N,N,DF,0,0,10050.00000000000,0,N,N,BSG,BSO,,,77.13279989600,10.23990877100,5,28.92477989200
0,Idukki,Y,N,N,DF,118,34,4012.00000000000,0,N,N,GNA,GNA,,The NRSC is smaller than the actual DF area,77.12277271300,10.20150725000,5,27.11830902100
0,Idukki,Y,Y,N,DF,0,0,2246.00000000000,0,D,TEA,ROA,ROA,,Tea plantation washed away. Munnar- Udampalpettu road partially damaged,77.11260000000,10.15267000000,5,28.84431457520
0,Idukki,Y,N,N,DF,0,0,20687.19000000000,0,D,N,GNA,GNA,,,77.13859998800,10.26442688200,5,26.48989677430
0,Idukki,Y,N,N,DF,139,9,1251.00000000000,0,N,N,BRS,BRG,,The NRSC is smaller than the actual DF area,77.12801031600,10.24089179100,5,26.35907745360
0,Idukki,Y,N,N,SS,0,0,1295.30000000000,0,N,N,FNO,FNO,10,,77.13191656800,10.24916485700,7,35.24789047240
0,Idukki,N,N,Y,SS,44,7,308.00000000000,0,N,N,FNO,FNO,,,77.14357099200,10.26287728600,5,26.53172302250
0,Idukki,N,N,Y,DF,214,8,1712.00000000000,0,N,N,BSG,BSG,,,77.14118157500,10.26106880400,5,28.64414024350
0,Idukki,N,Y,N,SS,0,0,0.00000000000,0,C,N,ROA,ROA,,Eucalyptus Plantation washed away. Vattavada-Koviloor road blocked,77.25845000000,10.17889000000,6,34.35684585570
0,Idukki,Y,N,N,SS,0,0,1281.08000000000,0,D,TEA,TEA,TEA,3/10,,77.10869397100,10.18371812600,3,15.01888084410
0,Idukki,N,N,Y,SS,73,6,438.00000000000,0,N,TEA,TEA,TEA,10,,77.11656601400,10.19232356000,5,25.51187896730
0,Idukki,N,Y,N,SS,25,12,300.00000000000,0,C,TEA,TEA,TEA,2/4,Tea plantation washed away. Munnar- Udampalpettu road blocked,77.10880333400,10.18300844000,2,10.52644443510
0,Idukki,Y,Y,N,DF,0,0,4772.00000000000,0,D,TEA,TEA,TEA,10,Tea plantation washed away. Munnar- Udampalpettu road damaged.,77.10944159700,10.18341987700,3,15.20208835600
0,Idukki,Y,N,N,SS,29,50,1450.00000000000,0,N,RUB,RUB,RUB,9,,77.18989405100,10.13800593900,7,35.76063537600
0,Idukki,Y,Y,N,SS,0,0,2221.00000000000,0,C,RUB,RUB,CSB,2,Munnar-Topstation road blocked. Eucalyptus Plantation uprooted.,77.19027252600,10.13792821300,6,30.72786140440
0,Idukki,N,Y,N,SS,27,23,621.00000000000,0,C,N,FNO,CSV,2,Munnar- Udumpalpettu road blocked,77.08208326600,10.15022827500,5,29.40991020200
0,Idukki,N,N,Y,SS,72,8,576.00000000000,0,N,SPL,TEA,SPL,8,,77.10496947000,10.17077311300,4,22.29915046690
0,Idukki,N,N,Y,SS,87,14,1218.00000000000,0,D,TEA,TEA,TEA,,,77.10068544700,10.14436770000,4,23.43165779110
0,Idukki,N,N,Y,DF,245,10,2450.00000000000,0,D,TEA,TEA,TEA,,,77.10117167900,10.14410310100,5,25.51023101810
0,Idukki,Y,Y,N,SS,56,26,1456.00000000000,0,C,SPL,SPL,SPL,,Tea plantation washed away. Munnar- Udampalpettu road damaged,77.10924638000,10.14947717900,7,35.22510528560
0,Idukki,Y,N,N,SS,74,22,1628.00000000000,0,N,FMP,FMP,FMP,,,76.92688663300,10.17612853600,4,21.42286300660
0,Idukki,Y,N,N,SS,0,0,394.98000000000,0,N,N,FDN,FDN,5,,76.96685319600,10.07892337400,5,25.11845016480
0,Idukki,Y,N,N,SS,0,0,550.54000000000,0,N,FCP,FCP,FCP,,,77.00457794600,10.13537700500,4,22.83767127990
0,Idukki,N,N,Y,SS,25,12,300.00000000000,0,N,BSL,GMC,BSL,,,76.96297432800,10.12278289600,1,9.95220470428
0,Idukki,N,N,Y,SS,190,21,3990.00000000000,0,D,SPL,FMP,SPL,,,77.02129384900,10.15985602000,2,10.64618301390
0,Idukki,Y,N,N,RF,246,12,2952.00000000000,0,N,N,FNO,FDN,,,76.98715742900,10.13400421700,7,39.28402709960
0,Idukki,N,N,Y,RF,82,36,2952.00000000000,0,N,N,SNA,SNA,,,76.98123596400,10.14587566000,9,57.27195358280
0,Idukki,Y,N,N,RF,96,38,3648.00000000000,0,N,N,SNA,BRS,,,76.93994481900,10.10373204100,9,45.48701858520
0,Idukki,Y,N,N,RF,58,7,406.00000000000,0,N,N,FDN,FDN,,,76.95213769300,10.11603153800,8,44.58277511600
0,Idukki,N,N,Y,RF,192,19,3648.00000000000,0,N,N,BRS,BRS,,,76.95307857000,10.16269161900,9,63.58583068850
0,Idukki,N,N,Y,RF,83,6,498.00000000000,0,N,TEA,BRO,BRO,,,77.01081589600,10.08119743300,4,22.42953491210
0,Idukki,N,N,Y,RF,89,15,1335.00000000000,0,N,N,FDN,SNA,,,76.93643373000,10.11333440400,4,21.59033203130
0,Idukki,N,N,Y,RF,223,143,31889.00000000000,0,N,N,SNA,SNA,,,77.01177029500,10.08171724400,1,6.08169364929
0,Idukki,N,N,Y,RF,232,33,7656.00000000000,0,D,TEA,SNA,SNA,,,77.00625650700,10.16502525900,5,29.17835044860
0,Idukki,Y,Y,N,DF,930,33,30690.00000000000,1,N,FMP,FMP,FMP,,"The nala path has to be maintained as such. Construction of culvert in the concrete road, maintainance of culvert in the main road.",76.93595565200,10.11933600400,8,41.25352478030
0,Idukki,N,Y,N,SS,13,12,150.59000000000,1,N,GMC,FCP,GMC,1,The flow occurred beside the house has destroyed the basement of the house. Cracks were developed in the walls of the house.,76.93166000000,10.12856000000,3,16.61112403870
0,Idukki,Y,Y,N,DF,0,0,3625.00000000000,0,N,FMP,FMP,FMP,,The flow occur in the cultivated land.,76.96439929860,10.12170123380,6,31.45996856690
0,Idukki,Y,Y,N,SS,0,0,1630.47000000000,0,N,SPL,SPL,SPL,,The slide occur in the cultivated land.,76.93393144800,10.11444040400,6,33.74620056150
0,Idukki,Y,Y,N,SS,0,0,551.00000000000,0,D,FCP,FCP,FCP,,Estate factory road damaged,77.00495000000,10.13549000000,3,17.32854652400
0,Idukki,N,Y,N,SS,0,0,0.00000000000,0,D,TEA,TEA,TEA,,Estate factory road damaged,77.00332000000,10.13446000000,2,14.41750717160
0,Idukki,Y,N,N,SS,0,0,704.30000000000,0,N,TEA,TEA,TEA,,,77.12014609900,10.17895973800,5,28.58006095890
0,Idukki,N,N,Y,DF,239,18,4302.00000000000,0,D,SPL,FMP,SPL,3,,77.03043936000,10.16496852400,4,23.84611320500
0,Idukki,Y,Y,N,DF,0,0,23663.00000000000,0,C,FMP,TEA,FMP,,Gundumala lower division tea estate road got blocked,77.12806000000,10.17342000000,6,33.25966644290
0,Idukki,N,N,Y,SS,36,7,252.00000000000,0,C,TEA,TEA,TEA,,,77.06747347900,10.14277069200,4,22.75766944890
0,Idukki,N,N,Y,SS,35,8,280.00000000000,0,C,TEA,TEA,TEA,,,77.06758669200,10.14293754300,4,20.75857162480
0,Idukki,N,N,Y,SS,39,10,390.00000000000,0,N,TEA,TEA,TEA,4,,77.06981352400,10.14558447700,3,17.23521995540
0,Idukki,N,N,Y,SS,19,10,190.00000000000,0,C,TEA,TEA,TEA,,,77.05587803800,10.14702624000,5,25.08635520940
0,Idukki,N,N,Y,SS,24,9,216.00000000000,0,N,TEA,TEA,TEA,,,77.04983959700,10.13223540100,3,17.73681259160
0,Idukki,N,N,Y,SS,23,5,115.00000000000,0,N,TEA,TEA,TEA,,,77.03685796800,10.13007787900,2,14.55058574680
0,Idukki,N,Y,N,SS,0,0,0.00000000000,1,N,SPL,SPL,SPL,1,,77.02255000000,10.13308000000,4,22.85323333740
0,Idukki,N,Y,N,SS,10,9,90.00000000000,0,D,GMC,SPL,GMC,,Munnar- Udumpalpettu road damaged,77.05590000000,10.12948000000,7,35.32693099980
0,Idukki,N,Y,N,SS,0,0,0.00000000000,0,D,N,ROA,ROA,,Munnar- Udumpalpettu road damaged,77.07311000000,10.15006000000,4,20.75634574890
0,Idukki,Y,N,N,SS,27,14,378.00000000000,0,N,SPL,SPL,SPL,,,76.94020860000,10.14027002200,4,24.42366600040
0,Idukki,Y,N,N,SS,81,12,972.00000000000,0,N,BSL,SPL,BSL,,,76.91527812000,10.13111217400,6,34.27293014530
0,Idukki,Y,N,N,RF,0,0,2125.00000000000,0,N,FCP,SPL,FCP,,,76.92464820100,10.09537739100,6,31.84225845340
0,Idukki,Y,N,N,DF,97,10,970.00000000000,0,N,SPL,SPL,SPL,5,,76.91956287500,10.12366104500,7,35.12446975710
0,Idukki,N,Y,N,SS,5,8,37.81000000000,0,C,GMC,FMP,GMC,2,Road blocked.,76.92397000000,10.13743000000,3,17.70667266850
0,Idukki,Y,Y,N,SS,0,0,640.71000000000,0,N,SPL,GMC,SPL,,Slide occurred in cultivated land.,76.91901469000,10.11546415600,3,19.10573387150
0,Idukki,Y,Y,N,SS,0,0,2990.00000000000,2,C,SPL,GMC,SPL,2,Mankulam - Thalumkandam road blocked.,76.91899093600,10.10890409300,4,20.81855964660
0,Idukki,N,Y,N,SS,0,0,0.00000000000,0,C,FMP,SPL,FMP,2,Thalukandam - Sukumaran Kada road blocked.,76.92803943200,10.09888735400,3,17.09833717350
0,Idukki,Y,Y,N,SS,0,0,2558.95000000000,1,N,FMP,FMP,FMP,1/5,The slide occur in the cultivated land.,76.92817000000,10.10094000000,1,6.70269393921
0,Idukki,Y,Y,N,DF,0,0,1781.00000000000,0,C,SPL,FCP,SPL,2,ajammala- Edamalakudy road blocked,77.02804739900,10.14350969900,4,22.55487632750
0,Idukki,Y,Y,N,DF,0,0,888.00000000000,0,C,SPL,FCP,SPL,2,Rajammala- Edamalakudy road blocked,77.02719066100,10.14325614200,4,21.54599189760
0,Idukki,N,N,Y,SS,35,26,910.00000000000,0,C,FCP,FCP,FCP,8,,77.05988332500,10.13751896400,2,13.85176467900
0,Idukki,N,N,Y,SS,11,6,66.00000000000,0,C,FMP,FMP,FMP,3,,77.06010518700,10.13724303900,1,6.08169364929
0,Idukki,N,N,Y,SS,47,17,799.00000000000,0,C,BSL,RUB,BSL,9,,77.06055019600,10.12468984200,6,32.98474502560
0,Idukki,N,N,Y,SS,83,22,1826.00000000000,0,C,TEA,TEA,TEA,,,77.06095505800,10.12346464500,5,25.83799171450
0,Idukki,N,Y,N,SS,21,20,420.00000000000,0,C,FCP,FCP,FCP,2,"Munnar- Coimbatore road blocked, Eucalyptus Plantation damaged",77.05503666300,10.12653775800,4,21.85787582400
0,Idukki,N,Y,N,SS,70,21,1470.00000000000,0,C,FMP,FMP,FMP,,Munnar- Udumpalpettu road blocked,77.06013000000,10.13740000000,2,13.85176467900
0,Idukki,N,N,Y,SS,9,8,72.00000000000,2,N,SPL,SPL,SPL,,,77.06709721700,10.13797090300,2,14.27228832240
0,Idukki,N,N,Y,SS,28,13,364.00000000000,0,C,FMP,FMP,FMP,2,,76.96525077600,10.01335984500,5,29.19020271300
0,Idukki,N,N,Y,SS,54,6,324.00000000000,0,N,N,SNA,GNA,10,,76.96300435000,10.02631008900,7,35.52331542970
0,Idukki,N,N,Y,SS,140,29,4060.00000000000,0,N,N,FDN,FDN,,,76.97016039900,10.06501096500,5,28.48553466800
0,Idukki,Y,N,N,SS,31,12,372.00000000000,0,N,N,FNO,FNO,,,76.90137660200,10.12892119600,4,20.13131141660
0,Idukki,N,N,Y,SS,138,14,1932.00000000000,0,N,FMP,FMP,FMP,,,76.99602408900,10.05156386600,5,29.72772407530
0,Idukki,Y,N,N,SS,37,11,407.00000000000,0,N,N,FNO,SNA,,,76.89070178100,10.10571939700,3,16.39553451540
0,Idukki,Y,N,N,SS,0,0,1725.00000000000,0,N,FMP,FMP,FMP,,,76.93137882400,10.08091052800,4,24.90612792970
0,Idukki,Y,N,N,SS,0,0,3152.78000000000,0,N,N,FNO,FNO,10,,76.91661552300,10.05066771000,6,33.14403533940
0,Idukki,Y,N,N,SS,0,0,898.66000000000,0,N,FMP,SPL,FMP,10,,76.92180422200,10.04865225400,6,30.44595909120
0,Idukki,Y,N,N,SS,295,11,3245.00000000000,0,N,FMP,SPL,FMP,,,76.92079919000,10.04830993200,5,29.20204734800
0,Idukki,Y,N,N,SS,0,0,2092.34000000000,0,N,FMP,FMP,FMP,4,,76.91818896300,10.09000590000,5,28.39599037170
0,Idukki,Y,N,N,SS,0,0,1325.00000000000,0,N,N,FMP,SNA,10,,76.93539643500,10.04275034300,6,32.03844451900
0,Idukki,Y,N,N,SS,144,19,2736.00000000000,0,N,N,FDN,FDN,,,76.96195995000,10.02673250100,6,32.02957916260
0,Idukki,N,N,Y,SS,188,7,1316.00000000000,0,N,SPL,SPL,SPL,,,76.96393064200,10.01655121800,5,25.52669525150
0,Idukki,Y,N,N,SS,169,21,3549.00000000000,0,N,FCP,FCP,FCP,10,,76.96362541800,10.01664432100,6,30.93173408510
0,Idukki,N,N,Y,SS,115,14,1610.00000000000,0,N,N,BRG,BRG,4,,76.98103537100,10.05445275200,9,48.27274322510
0,Idukki,N,N,Y,SS,55,14,770.00000000000,0,N,FCP,FCP,FCP,,,76.91458256100,10.05380814300,6,31.69696617130
0,Idukki,Y,N,N,SS,217,12,2604.00000000000,0,N,FCP,FCP,FCP,,,76.91468416900,10.05237440300,9,49.59713363650
0,Idukki,Y,N,N,SS,0,0,842.03000000000,0,N,FMP,FMP,FMP,,,76.93525361500,10.05429689500,8,42.38711929320
0,Idukki,Y,N,N,SS,117,13,1521.00000000000,0,N,FCP,FCP,FCP,,,76.86806467700,10.03563853900,3,17.09833717350
0,Idukki,Y,N,N,SS,0,0,2756.70000000000,0,N,N,GNA,BSO,10,,76.90213481700,10.05013784500,5,27.27726936340
0,Idukki,N,N,Y,SS,144,39,5616.00000000000,0,N,N,QUU,QUA,,,77.05185586600,10.05673952300,5,25.24786567690
0,Idukki,N,N,Y,SS,37,8,296.00000000000,0,N,SPL,TEA,SPL,8,,77.04518728100,10.04537273100,4,23.15367698670
0,Idukki,N,N,Y,SS,61,4,244.00000000000,0,C,SPL,TEA,SPL,10,,77.03994356400,10.04262820400,7,35.99538803100
0,Idukki,N,N,Y,SS,30,9,270.00000000000,0,N,N,FDN,FDN,,,76.93928958800,10.05205354800,3,19.05340385440
0,Idukki,N,N,Y,SS,66,6,396.00000000000,0,N,N,FDN,FNO,,,76.93882012100,10.05151728100,4,24.35835075380
0,Idukki,N,N,Y,SS,40,15,600.00000000000,0,N,N,FNO,FNO,,,76.94846618100,10.05441339100,2,12.77037715910
0,Idukki,N,N,Y,SS,35,9,315.00000000000,0,N,TEA,TEA,TEA,,,77.06792733800,10.05125566700,6,30.96724319460
0,Idukki,Y,N,N,RF,364,53,19292.00000000000,0,N,N,FNO,FNO,,,76.90597016200,10.05728856100,8,43.93363189700
0,Idukki,N,N,Y,RF,32,9,288.00000000000,0,N,FCP,FCP,FCP,,,76.91583337000,10.05263388800,6,31.25209236150
0,Idukki,Y,N,N,RF,0,0,1226.72000000000,0,N,N,BRG,BRG,10,,76.92688978300,10.05242294900,4,21.16493606570
0,Idukki,Y,N,N,RF,0,0,3500.00000000000,0,N,SPL,SPL,SPL,,,76.91138107000,10.05196119400,5,27.48733711240
0,Idukki,Y,N,N,RF,0,0,1215.58000000000,0,N,N,BRG,BRG,10,,76.92716179800,10.05220531900,5,29.85594177250
0,Idukki,Y,N,N,RF,0,0,1312.14000000000,0,N,FCP,FCP,FCP,,,76.92633482400,10.05242982700,6,31.65165328980
0,Idukki,Y,N,N,RF,0,0,3522.25000000000,0,N,N,BRF,BRG,,,76.94227685700,10.08889771500,6,32.98579025270
0,Idukki,N,N,Y,RF,76,9,684.00000000000,0,N,FCP,FCP,FCP,,,76.91341378500,10.10620676100,5,29.00485420230
0,Idukki,Y,N,N,RF,0,0,3250.45000000000,0,N,GMC,FCP,GMC,,,76.85388446300,10.04242932000,8,40.29364013670
0,Idukki,Y,N,N,RF,0,0,2541.06000000000,0,N,FMP,FMP,FMP,,,76.91742873900,10.09466233900,3,19.69089317320
0,Idukki,Y,N,N,RF,0,0,541.84000000000,3,C,FMP,SPL,FMP,,,76.92634848600,10.05924999400,5,29.22308349610
0,Idukki,Y,N,N,RF,0,0,1525.13000000000,0,N,SPL,SPL,SPL,,,76.92744086700,10.05863348200,6,34.33470535280
0,Idukki,Y,N,N,DF,0,0,1588.00000000000,0,N,FCP,FCP,FCP,,,76.92262023500,10.05626376300,6,33.58057785030
0,Idukki,Y,N,N,DF,0,0,2437.95000000000,0,N,N,BSF,BSF,,,76.90167963200,10.03747015500,5,26.91402244570
0,Idukki,Y,N,N,DF,262,17,4454.00000000000,3,N,FMP,FMP,FMP,,,77.02990988500,10.03619236400,6,31.32167625430
0,Idukki,Y,N,N,DF,0,0,1435.97000000000,0,N,FCP,FCP,FCP,,,76.89555246600,10.04706421600,6,30.73625755310
0,Idukki,N,N,Y,DF,110,11,1210.00000000000,0,D,TEA,TEA,TEA,3,,77.04425882900,10.04360040500,3,15.07245063780
0,Idukki,N,N,Y,DF,103,10,1030.00000000000,0,C,SPL,TEA,SPL,10,FMP/TEA,77.04036661800,10.04292471400,5,25.64964294430
0,Idukki,N,N,Y,DF,131,6,786.00000000000,0,C,SPL,SPL,SPL,,,77.05122917000,10.05536097700,5,28.15106201170
0,Idukki,N,Y,N,SS,0,0,0.00000000000,1,N,N,BUI,BUI,1,"The house was built by cut and fill method was partly damaged during the incidence, cracks were seen developed in the walls.",76.88968706100,10.03079919300,5,25.16563034060
0,Idukki,Y,Y,N,DF,0,0,4280.00000000000,1,N,FMP,FMP,FMP,,"The house is situated besides the flow, about 50 m from the flow has developed cracks in its walls.",76.90079000000,10.03090000000,5,26.09902572630
0,Idukki,N,Y,N,DF,63,16,1039.88000000000,2,N,FMP,FMP,FMP,1,"The house of Biju completely damaged, while that of Sabu has developed cracks on the kitchen walls.",76.90002000000,10.03135000000,3,17.42684364320
0,Idukki,Y,Y,N,DF,0,0,3888.00000000000,2,N,FMP,SPL,FMP,1,A part of the debris flow hit the back side of the house of Sheena Vijayan. A small cutslope failure occured in the vertical cut just below Paili's house.,76.90079000000,10.03021000000,3,17.40443801880
0,Idukki,N,Y,N,SS,0,0,0.00000000000,1,N,FMP,FMP,FMP,1,Cracks developed in the house due to small subsidence as the vertical cut in the front portion of the house was unprotected.,76.90015000000,10.02982000000,4,20.14291000370
0,Idukki,Y,Y,N,DF,0,0,4577.88000000000,0,N,FMP,FMP,FMP,,Flow occurred in cultivated land.,76.91255769200,10.03236958000,7,39.66038131710
0,Idukki,N,Y,N,SS,29,11,329.14000000000,0,N,FMP,FMP,FMP,10,Flow occurred in cultivated land.,76.91428003800,10.02430345300,5,27.07496070860
0,Idukki,Y,Y,N,SS,0,0,1849.24000000000,0,C,FCP,FCP,FCP,,Machiplavu - Thattekannamkudi road blocked.,76.91457797800,10.02348952700,1,2.74011087418
0,Idukki,N,Y,N,SS,0,0,0.00000000000,0,C,N,ROA,ROA,3,Road blocked,76.94035000000,10.03084000000,2,11.73063850400
0,Idukki,N,Y,N,SS,0,0,0.00000000000,2,N,N,BUI,BUI,1,The house of Sheela was constructed in the slope without considering the slope angle and the overburden material without anchoring the basement to bed rock.,76.96045000000,10.01335000000,4,20.25150680540
0,Idukki,N,Y,N,SS,0,0,0.00000000000,1,N,N,BUI,BUI,1,The house was constructed by cut and fill method.,76.96461000000,10.01186000000,3,16.21012496950
0,Idukki,N,Y,N,SS,0,0,0.00000000000,1,N,N,BUI,BUI,1,The house was constructed by cut and fill method.,76.96440000000,10.01191000000,3,15.57045173650
0,Idukki,N,Y,N,SS,0,0,0.00000000000,1,N,N,BUI,BUI,1,The house was constructed by cut and fill method.,76.96486000000,10.01191000000,3,16.21012496950
0,Idukki,N,Y,N,SS,0,0,0.00000000000,2,N,N,BUI,BUI,1,The house was constructed by cut and fill method.,76.96525000000,10.01189000000,2,14.19006156920
0,Idukki,N,Y,N,DF,0,0,0.00000000000,2,N,N,BUI,BUI,1,Five deaths and two injured in the incidence,76.96434000000,10.01392000000,3,19.44503974910
0,Idukki,N,Y,N,SS,0,0,0.00000000000,2,N,N,BUI,BUI,1,A vertical slope of 30 m height was present just behind the house. During heavy rain the overburden material of 0.5 m thickness slide down damaging the two houses.,76.96475737800,9.99785798300,3,17.44083023070
0,Idukki,Y,Y,N,SS,0,0,2650.37000000000,0,N,N,BUI,BUI,1,The slide occur in the cultivated land.,76.96407000000,10.01149000000,5,29.16385078430
0,Idukki,N,Y,N,SS,106,14,1490.32000000000,0,N,FMP,FMP,FMP,,The slide occur in the cultivated land.,76.96571532200,10.01110956000,2,10.06884479520
0,Idukki,N,Y,N,SS,0,0,0.00000000000,1,N,N,GMC,BUI,1,The house was constructed by cut and fill method.,76.83084000000,10.06093000000,4,22.08007812500
0,Idukki,Y,Y,N,DF,0,0,907.25000000000,0,C,FMP,GMC,FMP,,Padikappu -Kattamudi road blocked,76.88945000000,10.04370000000,6,31.22417640690
0,Idukki,Y,Y,N,SS,0,0,539.97000000000,1,N,N,BUI,BUI,1,The house was partly damaged.,76.90109000000,10.04544000000,5,25.55300331120
0,Idukki,N,Y,N,SS,0,0,0.00000000000,0,N,FMP,FMP,FMP,,The slide occur in the cultivated land.,76.91236000000,10.04228000000,3,17.34544754030
0,Idukki,N,Y,N,SS,0,0,0.00000000000,0,N,FMP,SPL,BUI,,The slide occur in the cultivated land.,76.91285000000,10.04210000000,2,12.77037715910
0,Idukki,Y,Y,N,SS,0,0,1225.00000000000,0,N,BSL,SPL,BSL,,The slide occur in the cultivated land.,76.91092000000,10.04169000000,1,8.09798240662
0,Idukki,Y,Y,N,DF,0,0,1575.00000000000,1,N,FMP,GMC,FMP,,,76.92003271800,10.04073169900,4,23.26962089540
0,Idukki,Y,Y,N,SS,0,0,3700.00000000000,0,N,FMP,FMP,FMP,,The slide occur in the cultivated land.,76.92416463800,10.04268556900,4,22.68905258180
0,Idukki,N,Y,N,SS,0,0,0.00000000000,0,N,FMP,FMP,BUI,1,The slide occur in the cultivated land.,76.91400000000,10.04186000000,2,14.82957267760
0,Idukki,N,Y,N,DF,48,9,435.59000000000,0,C,N,FDN,FDN,,Peechad - Plamalakudi road blocked.,76.94394131700,10.05466683900,7,36.60961532590
0,Idukki,N,Y,N,SS,0,0,0.00000000000,0,N,GMC,GMC,GMC,5,The slide occur in the cultivated land.,76.92898000000,10.06010000000,1,6.36162900925
0,Idukki,N,Y,N,SS,0,0,0.00000000000,1,N,GMC,GMC,GMC,5,,76.92872000000,10.06008000000,3,17.97563743590
0,Idukki,N,Y,N,DF,24,9,205.23000000000,1,N,N,FMP,BUI,1,,76.92594000000,10.06059000000,4,20.90258598330
0,Idukki,Y,Y,N,DF,0,0,22125.00000000000,0,N,FMP,FMP,FMP,,The slide occur in the cultivated land.,76.94248397960,10.05774131160,6,34.27293014530
0,Idukki,Y,Y,N,DF,0,0,1607.55000000000,0,N,SPL,GMC,SPL,,The flow occur in the cultivated land.,76.91734037600,10.10256636600,4,21.26432228090
0,Idukki,Y,Y,N,DF,0,0,738.41000000000,0,N,FMP,GMC,FMP,,Flow occurred in cultivated land.,76.94580679600,10.04072487300,3,18.76089859010
0,Idukki,N,Y,N,SS,0,0,0.00000000000,0,C,N,FDN,FDN,2,Kallar - Mankulam road blocked.,76.95822000000,10.06393000000,3,16.94559097290
0,Idukki,N,Y,N,SS,0,0,0.00000000000,0,C,N,FDN,FDN,,Kallar - Mankulam road blocked.,76.95529000000,10.05952000000,4,21.18010139470
0,Idukki,N,Y,N,SS,99,10,990.00000000000,0,D,TEA,ROA,ROA,,Munnar- Cochin road (NH-85) partially damaged,77.05392902300,10.05734256400,5,29.13085365300
0,Idukki,N,Y,N,DF,17,13,221.00000000000,1,D,SPL,FCP,SPL,,Munnar- Cochin road (NH-85) partially damaged,77.00565914900,10.04079988600,6,33.87353897090
0,Idukki,N,Y,N,SS,15,19,285.00000000000,1,D,N,FMP,BUI,1,Munnar-Eranakulam road got partially damaged,77.00151000000,10.03885000000,5,25.19420814510
0,Idukki,N,Y,N,SS,0,0,0.00000000000,1,N,N,FDN,FDN,,,76.99247000000,10.03499000000,5,25.53163146970
0,Idukki,N,Y,N,SS,160,64,1024.00000000000,0,D,N,BRG,BRO,,Road to Hotel Plum judy damaged,77.04978482900,10.05567196100,5,28.89264106750
0,Idukki,N,Y,N,SS,75,45,3375.00000000000,1,C,FMP,FMP,FMP,2,One shed at the crown in threat. Kochi - Munnar NH blocked,77.03821937500,10.04194722500,5,27.99894332890
0,Idukki,Y,N,N,RF,0,0,2088.59000000000,0,N,N,SNA,SNA,,,76.98253940300,10.13437176400,6,30.58448600770
0,Idukki,Y,N,N,RF,0,0,6706.16000000000,0,N,N,SNA,BRF,10,,76.98480787200,10.13172431400,8,44.44001007080
0,Idukki,Y,N,N,RF,193,14,2702.00000000000,0,N,N,BRF,BRF,10,,76.98541879700,10.13102968400,7,38.86281967160
0,Idukki,N,N,Y,SS,27,8,216.00000000000,0,D,TEA,TEA,TEA,,,77.16438583900,10.06529457400,2,14.51220989230
0,Idukki,N,N,Y,DF,304,8,2432.00000000000,0,N,N,GNA,GNA,,,77.18979296600,10.06608206100,9,46.09088134770
0,Idukki,Y,N,N,DF,164,14,2296.00000000000,0,N,SPL,SPL,SPL,,,77.02674940700,10.12178880300,5,27.81682014470
0,Idukki,N,Y,N,SS,18,16,288.00000000000,0,D,GMC,TEA,GMC,2,Munnar- Kadalar road damaged,77.05155000000,10.12543000000,2,13.45792675020
0,Idukki,N,Y,N,SS,54,9,486.00000000000,0,D,FCP,FCP,FCP,,Munnar- Kadalar road damaged,77.05221000000,10.12549000000,3,15.90358734130
0,Idukki,N,Y,N,SS,28,15,420.00000000000,0,D,SPL,GMC,SPL,,"Kannimala Estate UP School road got damaged and washed away, Kadalar estate- Munnar road also damaged.",77.05397484500,10.12548243200,2,14.80570793150
0,Idukki,N,Y,N,SS,0,0,0.00000000000,0,C,FCP,FCP,FCP,2,"Munnar- Coimbatore road blocked, Eucalyptus Plantation damaged",77.05430000000,10.12557000000,3,16.00034141540
0,Idukki,Y,N,N,SS,0,0,9100.00000000000,0,N,N,FNO,FDN,,,76.89333376100,10.11978003800,7,36.64974212650
0,Idukki,Y,N,N,DF,0,0,1719.87000000000,0,N,N,SPL,BSF,10,SNA/BSG,77.00730434100,10.12175586100,4,24.35304260250
0,Idukki,Y,N,N,DF,181,14,2534.00000000000,0,D,FMP,FMP,FMP,,,77.03761999500,10.11933464700,5,28.41807556150
0,Idukki,N,Y,N,SS,21,12,252.00000000000,0,C,SPL,SPL,SPL,,Tea plantation and private road got damaged,77.04329434000,10.11302843300,5,26.91402244570
0,Idukki,N,N,Y,SS,53,50,2650.00000000000,0,N,TEA,TEA,TEA,,,77.05163403100,10.09551041500,2,13.01474952700
0,Idukki,N,N,Y,SS,64,19,1216.00000000000,0,D,SPL,FCP,SPL,,,77.06815017600,10.08322422100,6,30.41298103330
0,Idukki,N,N,Y,SS,81,19,1539.00000000000,0,N,FCP,FCP,FCP,,,77.06891578900,10.08377604000,4,22.04735946660
0,Idukki,N,N,Y,SS,58,13,754.00000000000,0,C,FCP,FCP,FCP,,,77.06733070100,10.07177904600,4,22.63394355770
0,Idukki,N,N,Y,SS,107,10,1070.00000000000,0,C,RUB,RUB,RUB,,,77.05846232200,10.11492073100,4,24.18762969970
0,Idukki,N,Y,N,SS,85,12,1020.00000000000,1,D,SPL,SPL,SPL,,"Munnar- Mattupatti road damaged, Munnar- Silent valley road at the down slope blocked",77.06336000000,10.08551000000,4,20.12202453610
0,Idukki,N,Y,N,SS,38,22,836.00000000000,0,D,SPL,FMP,SPL,2,Police workshop club road damaged,77.06234840200,10.08437898400,2,12.08121013640
0,Idukki,N,Y,N,SS,152,29,4408.00000000000,4,C,BSL,FCP,BSL,,,77.06725439900,10.08310780600,3,18.53757286070
0,Idukki,N,Y,N,SS,0,0,0.00000000000,1,N,N,BUI,BUI,1,,77.05948000000,10.08705000000,1,8.43620491028
0,Idukki,N,Y,N,SS,103,17,1751.00000000000,6,C,RUB,RUB,RUB,1/2,,77.05381366800,10.09379647800,2,13.01078605650
0,Idukki,Y,Y,N,SS,0,0,1732.00000000000,0,D,FCP,FCP,FCP,2,"Microstation road and Munnar-Madurai (NH-85) road damaged, Tea plantation damaged.",77.07460984000,10.08205756300,3,18.37889099120
0,Idukki,N,Y,N,SS,38,12,456.00000000000,0,C,N,BUI,BUI,,"Muslimpally road damaged, Munnar- Udumpalpettu road blocked",77.05989000000,10.08972000000,2,14.30431365970
0,Idukki,Y,Y,N,DF,0,0,5900.00000000000,0,N,N,FNO,FNO,,Flow occurred in cultivated land.,76.91011156000,10.12157480500,2,11.30320262910
0,Idukki,N,N,Y,SS,33,11,363.00000000000,0,D,TEA,FCP,TEA,,,77.08451828200,10.09923117300,4,22.31324577330
0,Idukki,N,N,Y,SS,69,10,690.00000000000,0,N,TEA,TEA,TEA,10,,77.09160107200,10.09997300200,5,25.22105979920
0,Idukki,N,Y,N,SS,279,62,17298.00000000000,0,D,FMP,FMP,FMP,,"Munnar- Silent valley Road damaged, Tea plantation washed away",77.09430956500,10.08797330600,3,16.09947776790
0,Idukki,N,Y,N,SS,65,15,975.00000000000,0,D,TEA,TEA,TEA,2,"Munnar- Silent valley Road damaged, Eucalyptus plantation uprooted",77.07960000000,10.08520000000,4,24.47994422910
0,Idukki,N,Y,N,SS,23,14,322.00000000000,0,D,FCP,FCP,FCP,2,"Munnar- Silent valley Road blocked, plantation damaged",77.07789419900,10.08530678800,6,30.41298103330
0,Idukki,N,Y,N,SS,50,12,600.00000000000,0,D,SPL,SPL,SPL,5,Munnar- Udumpalpettu road damaged,77.05987666400,10.09254636300,1,7.28395557404
0,Idukki,N,Y,N,SS,50,40,2000.00000000000,0,C,SPL,FMP,SPL,,Munnar- Udumpalpettu road blocked,77.05762000000,10.09739000000,2,11.37260532380
0,Idukki,N,N,Y,SS,105,19,1995.00000000000,4,D,BSL,GMC,BSL,,,77.14550003100,10.10674581200,2,14.64082050320
0,Idukki,N,N,Y,SS,24,7,168.00000000000,0,N,TEA,TEA,TEA,,,77.13993285200,10.10476901400,5,28.43462181090
0,Idukki,Y,N,N,SS,0,0,1837.03000000000,0,N,TEA,FMP,TEA,,,76.97350732000,10.08949222300,3,17.24656677250
0,Idukki,N,N,Y,SS,13,5,65.00000000000,0,N,GMC,FMP,GMC,,,76.97327873400,10.08949059100,4,24.29986953740
0,Idukki,N,N,Y,SS,29,15,435.00000000000,0,N,GMC,FMP,GMC,,,76.97806045800,10.09204056900,2,14.96845149990
0,Idukki,N,N,Y,SS,15,11,165.00000000000,0,C,SPL,FMP,SPL,10,,76.97518817900,10.08988585800,2,14.28297233580
0,Idukki,Y,N,N,SS,0,0,1656.28000000000,0,D,TEA,TEA,TEA,3/10,,77.03383417200,10.06101061100,3,19.14299774170
0,Idukki,N,N,Y,SS,50,24,1200.00000000000,0,D,TEA,TEA,TEA,3/10,,77.05326119900,10.09684396700,4,20.70281600950
0,Idukki,N,N,Y,SS,33,7,231.00000000000,0,D,TEA,TEA,TEA,,,77.03405760500,10.06440481100,1,5.87199306488
0,Idukki,N,N,Y,SS,51,11,561.00000000000,0,N,TEA,TEA,TEA,,,77.05234528900,10.09882083400,3,16.93979454040
0,Idukki,N,N,Y,SS,333,10,3330.00000000000,0,D,GMC,SPL,GMC,10,,76.98289552300,10.09363524300,3,18.47275161740
0,Idukki,N,N,Y,SS,19,12,228.00000000000,0,D,TEA,TEA,TEA,4,,77.04514780900,10.06691916600,3,18.65864944460
0,Idukki,N,N,Y,SS,39,12,468.00000000000,0,D,FMP,FMP,FMP,,,77.03541266000,10.06186832700,2,12.64003276820
0,Idukki,N,N,Y,SS,32,12,384.00000000000,0,D,TEA,TEA,TEA,,,77.03292864400,10.06502908500,2,10.40011596680
0,Idukki,N,N,Y,SS,13,8,104.00000000000,0,C,TEA,TEA,TEA,,,77.03559191800,10.06552794100,4,21.69329833980
0,Idukki,N,N,Y,SS,29,10,290.00000000000,0,N,TEA,TEA,TEA,,,77.03252143000,10.06469643700,4,20.08715248110
0,Idukki,N,N,Y,SS,8,4,32.00000000000,0,C,TEA,TEA,TEA,,,77.03296847300,10.06518500500,3,16.02209091190
0,Idukki,N,N,Y,SS,7,6,42.00000000000,0,C,TEA,TEA,TEA,,,77.03023493600,10.07355126200,4,23.02918624880
0,Idukki,N,N,Y,SS,12,8,96.00000000000,0,D,TEA,TEA,TEA,,,77.02775749100,10.06987286800,1,6.22328519821
0,Idukki,N,N,Y,SS,32,9,288.00000000000,0,N,TEA,TEA,TEA,,,77.02799256500,10.06894277800,1,6.95687913895
0,Idukki,N,N,Y,SS,5,4,20.00000000000,0,C,TEA,TEA,TEA,,,77.03458236900,10.07481382900,5,25.25288772580
0,Idukki,N,N,Y,SS,7,5,35.00000000000,0,C,TEA,TEA,TEA,10,,77.04074451300,10.07069358600,1,2.10222887993
0,Idukki,N,N,Y,SS,43,8,344.00000000000,0,C,BSL,FCP,BSL,,,77.04224172200,10.07354199800,3,16.02209091190
0,Idukki,N,N,Y,SS,7,5,35.00000000000,0,C,TEA,TEA,TEA,,,77.03631673500,10.07505388400,5,26.48989677430
0,Idukki,N,N,Y,SS,48,8,384.00000000000,0,D,TEA,TEA,TEA,10,,77.03990948900,10.07080314700,2,14.33979892730
0,Idukki,N,N,Y,SS,53,10,530.00000000000,0,N,TEA,TEA,TEA,,,77.04182198900,10.07017359900,4,23.17655181880
0,Idukki,N,N,Y,SS,30,6,180.00000000000,0,N,SPL,TEA,SPL,8,,77.04012662500,10.07062649300,4,22.63394355770
0,Idukki,N,N,Y,SS,39,16,624.00000000000,0,D,TEA,TEA,TEA,3,,77.04222565700,10.07053413900,4,23.68642044070
0,Idukki,N,N,Y,SS,26,12,312.00000000000,0,D,TEA,TEA,TEA,,,77.04242472800,10.06680247000,3,19.10075759890
0,Idukki,N,N,Y,SS,38,12,456.00000000000,0,N,TEA,TEA,TEA,3,,77.04431939400,10.06853158900,3,18.53757286070
0,Idukki,N,N,Y,SS,24,8,192.00000000000,0,N,FCP,FCP,FCP,,,77.03964483400,10.07275966200,2,12.70132064820
0,Idukki,N,N,Y,SS,21,5,105.00000000000,0,N,SPL,TEA,SPL,8,,77.04027706500,10.07052507900,3,16.10256385800
0,Idukki,N,N,Y,SS,18,8,144.00000000000,0,N,TEA,TEA,TEA,10,,77.04412664900,10.06745552900,4,20.88272666930
0,Idukki,N,N,Y,SS,50,5,250.00000000000,0,D,FMP,FMP,FMP,10,FMP/TEA,77.04348451900,10.06576401300,4,24.68058013920
0,Idukki,N,N,Y,SS,83,10,830.00000000000,0,D,TEA,TEA,TEA,,,77.04400691300,10.06606771600,4,20.12434768680
0,Idukki,N,N,Y,SS,17,9,153.00000000000,0,N,SPL,FMP,SPL,,,77.04468072100,10.06635443500,2,13.26175975800
0,Idukki,N,N,Y,SS,25,7,175.00000000000,0,C,TEA,FMP,TEA,10,,77.04495046800,10.06618008400,5,25.47230148320
0,Idukki,N,N,Y,SS,136,16,2176.00000000000,0,D,TEA,TEA,TEA,3,,77.05737663600,10.07418619100,4,24.44303512570
0,Idukki,N,N,Y,SS,26,10,260.00000000000,0,N,SPL,FMP,SPL,,,77.04425593800,10.06648023300,2,13.32751655580
0,Idukki,N,N,Y,SS,47,9,423.00000000000,0,C,TEA,TEA,TEA,,,77.04226655100,10.06496271900,2,11.37260532380
0,Idukki,N,N,Y,SS,23,8,184.00000000000,2,N,TEA,TEA,TEA,,,77.04494893000,10.06985663800,2,14.49822616580
0,Idukki,N,N,Y,SS,17,12,204.00000000000,0,D,GMC,SPL,GMC,,,77.05893517900,10.07934918700,3,19.67654418950
0,Idukki,N,N,Y,SS,60,13,780.00000000000,0,C,TEA,BSL,TEA,,,77.04530542300,10.08452525800,4,22.96367454530
0,Idukki,N,N,Y,SS,14,8,112.00000000000,0,C,TEA,TEA,TEA,,,77.05857132100,10.07398181700,2,14.45266723630
0,Idukki,N,N,Y,SS,36,11,396.00000000000,0,D,TEA,TEA,TEA,,,77.03990940600,10.08791823200,3,15.16234016420
0,Idukki,N,N,Y,SS,22,10,220.00000000000,0,C,SPL,FMP,SPL,10,,76.97632610600,10.08911398200,2,14.33979892730
0,Idukki,N,N,Y,SS,32,10,320.00000000000,0,C,SPL,TEA,SPL,,,77.04176528800,10.10394457800,4,22.34942817690
0,Idukki,N,N,Y,SS,144,10,1440.00000000000,0,C,TEA,TEA,TEA,,,77.04021838800,10.10378706200,4,24.10158348080
0,Idukki,N,N,Y,SS,36,6,216.00000000000,0,C,BSL,FCP,BSL,,,77.04501481200,10.09976171900,4,20.70504951480
0,Idukki,N,N,Y,SS,34,6,204.00000000000,0,N,TEA,TEA,TEA,,,77.04005310400,10.10188182000,3,15.87850189210
0,Idukki,N,N,Y,SS,73,7,511.00000000000,0,N,TEA,TEA,TEA,,,77.03623046700,10.10231052100,6,33.49054336550
0,Idukki,N,N,Y,SS,34,7,238.00000000000,0,C,TEA,TEA,TEA,,,77.04206468100,10.10149724100,4,23.72327232360
0,Idukki,N,N,Y,SS,139,23,3197.00000000000,0,C,FMP,FMP,FMP,,,77.00122461500,10.08926746900,5,29.41120910640
0,Idukki,N,N,Y,SS,13,3,39.00000000000,0,N,TEA,TEA,TEA,,,77.04062156300,10.07392045900,2,14.09643459320
0,Idukki,N,N,Y,SS,52,8,416.00000000000,0,N,SPL,SPL,SPL,,,77.03624519100,10.10203029600,5,26.53481674190
0,Idukki,N,N,Y,SS,75,15,1125.00000000000,0,C,SPL,FMP,SPL,,,76.97478642900,10.09011595600,4,22.73025894170
0,Idukki,N,N,Y,SS,27,5,135.00000000000,0,C,GMC,FMP,GMC,,,76.97360928600,10.08785651200,2,14.41046333310
0,Idukki,N,N,Y,SS,30,12,360.00000000000,0,N,SPL,FMP,SPL,,,76.97685088400,10.08712971900,3,16.67927169800
0,Idukki,N,N,Y,SS,25,8,200.00000000000,0,C,FMP,FMP,FMP,,,76.97654071300,10.08762447600,1,8.58131504059
0,Idukki,N,N,Y,SS,22,4,88.00000000000,0,N,SPL,FMP,SPL,,,76.97981349700,10.08345178000,2,11.18177509310
0,Idukki,N,N,Y,SS,21,4,84.00000000000,0,N,SPL,FMP,SPL,,,76.97968697000,10.08345589200,2,11.18177509310
0,Idukki,N,N,Y,SS,16,5,80.00000000000,0,C,BSL,FMP,BSL,,,76.97883367700,10.08247112200,6,33.17612075810
0,Idukki,N,N,Y,SS,20,7,140.00000000000,0,N,FMP,FMP,FMP,,,77.00479967600,10.09602835500,3,18.65864944460
0,Idukki,N,N,Y,SS,48,7,336.00000000000,0,C,TEA,TEA,TEA,,,77.00842037600,10.09619413400,3,17.10120201110
0,Idukki,N,N,Y,SS,77,22,1694.00000000000,0,N,SPL,SPL,SPL,,,76.98505438700,10.09282699500,4,23.38848495480
0,Idukki,N,N,Y,SS,26,79,2054.00000000000,0,N,SPL,SPL,SPL,,,76.98387079400,10.09396071800,3,15.11248016360
0,Idukki,N,N,Y,SS,65,24,1560.00000000000,0,N,SPL,SPL,SPL,,,76.98430887600,10.09263799100,6,32.88400268550
0,Idukki,N,N,Y,SS,29,5,145.00000000000,0,C,BSL,FMP,BSL,,,76.97815030300,10.08245024900,1,6.16175174713
0,Idukki,N,N,Y,DF,162,11,1782.00000000000,0,D,SPL,SPL,SPL,,,76.98240514500,10.09282991400,6,32.99415588380
0,Idukki,N,N,Y,DF,100,7,700.00000000000,0,N,SPL,SPL,SPL,,,76.98367042800,10.09369339000,4,23.70301437380
0,Idukki,N,N,Y,DF,102,8,816.00000000000,0,N,SPL,SPL,SPL,,,76.98337646900,10.09351637000,3,19.04091644290
0,Idukki,N,N,Y,DF,205,12,2460.00000000000,0,C,TEA,BRS,BRS,,,76.97984489400,10.09341987100,7,39.29603576660
0,Idukki,N,N,Y,DF,137,18,2466.00000000000,0,D,FCP,FCP,FCP,4,,76.98144943700,10.08391905300,3,15.95049285890
0,Idukki,N,Y,N,SS,70,27,1890.00000000000,4,C,TEA,TEA,TEA,2,Around 230 numbers of tea plants washed away,77.02992734200,10.08997901300,2,11.31712055210
0,Idukki,N,Y,N,SS,52,34,1768.00000000000,0,N,TEA,TEA,TEA,,,77.04835128600,10.09462398500,4,20.80303001400
0,Idukki,Y,N,N,DF,0,0,2795.97000000000,0,C,FMP,FMP,FMP,,,77.02680845700,10.10144953900,6,32.16978454590
0,Idukki,N,Y,N,SS,18,17,306.00000000000,0,C,TEA,BSL,TEA,2,Kurumala-Kallar road blocked,77.02657670000,10.08851320700,1,5.43768978119
0,Idukki,Y,N,N,DF,264,8,2112.00000000000,0,N,FCP,FCP,FCP,,,76.92226427100,10.09868935700,2,12.39144706730
0,Idukki,N,N,Y,SS,48,13,624.00000000000,0,C,TEA,TEA,TEA,,,77.06944178100,10.07139271700,3,18.90536689760
0,Idukki,N,N,Y,SS,41,12,492.00000000000,0,D,SPL,GMC,SPL,3,,77.15951174700,10.07135070300,3,19.61420249940
0,Idukki,N,N,Y,SS,17,9,153.00000000000,0,N,TEA,TEA,TEA,,,77.16064746300,10.06711162400,6,33.93190002440
0,Idukki,N,N,Y,SS,41,7,287.00000000000,0,C,GMC,GMC,GMC,,,77.15912020400,10.09599767800,7,37.31129074100
0,Idukki,N,N,Y,SS,16,9,144.00000000000,0,C,TEA,TEA,TEA,,,77.15912328800,10.06532205900,1,9.59307670593
0,Idukki,N,N,Y,SS,12,4,48.00000000000,0,N,TEA,TEA,TEA,,,77.14239799200,10.05946405300,2,10.22039699550
0,Idukki,N,N,Y,SS,19,8,152.00000000000,0,D,TEA,TEA,TEA,,,77.15845186300,10.06661180200,2,14.04571914670
0,Idukki,N,N,Y,SS,37,10,370.00000000000,0,C,TEA,TEA,TEA,,,77.13124681700,10.04690269000,5,27.94934463500
0,Idukki,N,N,Y,SS,16,7,112.00000000000,0,N,TEA,TEA,TEA,,,77.13281423100,10.04570566300,3,15.92549705510
0,Idukki,N,N,Y,SS,15,5,75.00000000000,0,N,SPL,SPL,SPL,,,77.13230446400,10.05698006200,4,23.18416976930
0,Idukki,N,N,Y,SS,101,10,1010.00000000000,0,C,FMP,FMP,FMP,,,77.15079552400,10.10061472100,7,36.96144104000
0,Idukki,N,N,Y,SS,159,29,4611.00000000000,0,N,TEA,TEA,TEA,,,77.12466094000,10.05989388000,2,12.84706020360
0,Idukki,N,N,Y,SS,43,8,344.00000000000,0,D,TEA,TEA,TEA,,,77.12710935100,10.06376922200,4,22.00841522220
0,Idukki,N,N,Y,SS,22,15,330.00000000000,0,D,SPL,SPL,SPL,,,77.11835366700,10.07962581500,2,13.23457431790
0,Idukki,N,N,Y,SS,42,6,252.00000000000,0,N,SPL,SPL,SPL,,,77.12026027600,10.07426272000,6,32.44990921020
0,Idukki,N,N,Y,SS,33,8,264.00000000000,0,N,TEA,TEA,TEA,10,,77.09421886700,10.05758575000,4,21.13673210140
0,Idukki,N,N,Y,SS,58,10,580.00000000000,0,N,TEA,BSL,TEA,,,77.12282662400,10.07448737600,4,23.08484840390
0,Idukki,N,N,Y,DF,112,19,2128.00000000000,0,D,TEA,TEA,TEA,,,77.15941581100,10.09743752400,4,21.38444900510
0,Idukki,N,N,Y,DF,100,13,28600.00000000000,0,C,BSL,TEA,BSL,4,,77.16103805500,10.07039112400,2,13.43119621280
0,Idukki,N,Y,N,SS,73,15,1095.00000000000,5,D,N,BUI,BUI,1,"PHC road damaged, electric pole damaged. Debris material got accumulated at the backside of the house of Danas, Puthen veedu located 300m downstream.",77.10971362300,10.06777100700,4,21.26432228090
0,Idukki,N,Y,N,SS,18,14,252.00000000000,4,N,FMP,FMP,FMP,1,,77.10967651300,10.06710159100,3,16.33199501040
0,Idukki,N,Y,N,SS,0,0,0.00000000000,1,N,N,BUI,BUI,1,"Pavithram home stay, located at the right flank partially damaged, Kitchen and backside damaged.",77.10545000000,10.06168000000,1,6.53030538559
0,Idukki,N,Y,N,SS,0,0,0.00000000000,1,N,RUB,RUB,RUB,,,77.10673000000,10.06897000000,5,25.88312911990
0,Idukki,N,Y,N,SS,18,13,234.00000000000,0,C,RUB,RUB,RUB,,,77.12934193400,10.08135514500,3,16.21930313110
0,Idukki,N,N,Y,SS,246,72,17712.00000000000,0,D,TEA,TEA,TEA,3,,77.07927074100,10.08066849200,4,20.79636955260
0,Idukki,N,N,Y,SS,185,27,4995.00000000000,0,D,GMC,GMC,GMC,10,,77.13086957000,10.09797458600,7,38.26792526250
0,Idukki,N,N,Y,SS,273,105,28665.00000000000,0,D,FCP,FCP,FCP,,,77.10670973900,10.07200639300,4,21.72677230830
0,Idukki,N,N,Y,SS,126,18,2268.00000000000,0,C,RUB,RUB,RUB,,,77.13297062700,10.09289565600,4,21.81429862980
0,Idukki,N,N,Y,DF,125,12,1500.00000000000,0,D,SPL,SPL,SPL,,,77.09805168200,10.07657324200,6,33.27509307860
0,Idukki,N,N,Y,SS,28,17,476.00000000000,0,D,FMP,FMP,FMP,4/10,,77.11449168300,10.09071730700,3,19.17274093630
0,Idukki,Y,N,N,SS,130,8,1040.00000000000,0,N,FMP,FMP,FMP,10,,76.93885816900,10.06385558000,6,34.19441223140
0,Idukki,Y,N,N,SS,174,11,1914.00000000000,0,N,SPL,SPL,SPL,,,76.92577022400,10.07599501300,2,11.92925167080
0,Idukki,Y,N,N,SS,0,0,4275.00000000000,0,N,N,FDN,FDN,,,76.91087005600,10.07726750400,3,15.73649692540
0,Idukki,Y,N,N,RF,0,0,1950.00000000000,0,N,SPL,SPL,SPL,,,76.92376238400,10.08760779600,4,24.82385063170
0,Idukki,Y,N,N,DF,0,0,2119.00000000000,0,N,SPL,SPL,SPL,10,,76.93411133200,10.06654701700,4,21.44416236880
0,Idukki,Y,Y,N,SS,0,0,925.00000000000,0,N,N,BUI,BUI,1,The slide occur in the cultivated land.,76.93183000000,10.06317000000,1,7.61058616638
0,Idukki,N,Y,N,SS,0,0,0.00000000000,0,N,FMP,FMP,FMP,,The slide occur in the cultivated land.,76.92633000000,10.06089000000,1,5.97322988510
0,Idukki,N,Y,N,SS,0,0,0.00000000000,1,C,FMP,FMP,FMP,1/2,Peechad - Kudakallukudi road blocked.,76.93006000000,10.06013000000,5,27.90386390690
0,Idukki,N,N,Y,SS,7,5,35.00000000000,0,N,FCP,FCP,FCP,3,,77.07837987600,10.08554168500,5,28.60054016110
0,Idukki,N,Y,N,SS,25,30,750.00000000000,0,C,N,CSB,CSB,,,77.06139723900,10.08955578900,4,20.62441062930
0,Idukki,Y,N,N,SS,0,0,1817.55000000000,0,N,FMP,SPL,FMP,,,76.88786007400,10.07778060700,6,33.73720932010
0,Idukki,N,N,Y,DF,366,8,2928.00000000000,0,D,BSL,FCP,BSL,,,77.02009167800,10.08122785800,8,42.50661468510
0,Idukki,N,N,Y,DF,241,3,723.00000000000,0,N,BSL,SPL,BSL,,,77.02053431900,10.08134598700,5,28.76345443730
0,Idukki,N,N,Y,RF,236,16,3776.00000000000,0,N,TEA,SNA,SNA,,,77.01323156400,10.08179020300,5,28.13563156130
0,Idukki,N,N,Y,RF,489,11,5379.00000000000,0,C,SPL,SPL,SPL,10,,77.00122984100,10.07528487800,6,30.37870979310
0,Idukki,N,Y,N,SS,16,34,531.39000000000,0,C,FMP,FMP,FMP,2,Kallar - Mankulam road blocked.,76.95100000000,10.08121000000,3,16.24985504150
0,Idukki,Y,Y,N,SS,0,0,39648.00000000000,1,C,BSL,BSL,BSL,2,Munnar - Madurai NH damaged and blocked.,77.07314764900,10.08107919000,2,13.66210937500
0,Idukki,N,N,Y,SS,48,9,432.00000000000,0,N,SPL,FMP,SPL,,,77.17628048900,10.05540767000,7,36.40153503420
0,Idukki,N,N,Y,SS,42,15,630.00000000000,0,N,TEA,TEA,TEA,,,77.18790664200,10.05937448800,4,21.57134437560
0,Idukki,Y,N,N,DF,213,20,4260.00000000000,0,C,FMP,FMP,FMP,,The NRSC is smaller than the actual DF area,77.17621310500,10.05604784500,5,29.89131164550
0,Idukki,Y,N,N,DF,997,24,23928.00000000000,0,D,SPL,SPL,SPL,4/10,,77.18805513400,10.06306807500,7,36.45486831670
0,Idukki,N,N,Y,SS,110,19,2090.00000000000,0,N,SPL,SPL,SPL,,,76.98426251600,10.07231882900,8,43.23846054080
0,Idukki,N,N,Y,DF,405,20,8100.00000000000,0,D,N,FDN,FDN,,,76.99584427900,10.07688731300,2,10.84739685060
0,Idukki,N,N,Y,SS,23,11,253.00000000000,0,D,TEA,TEA,TEA,,,77.04800009200,10.07604632400,3,17.26073646550
0,Idukki,N,N,Y,DF,131,35,4585.00000000000,0,N,GMC,GMC,GMC,2/5,,77.09893552500,10.06979940200,2,13.57935047150
0,Idukki,N,Y,N,SS,31,18,558.00000000000,1,C,SPL,SPL,SPL,,,77.10294000000,10.06519000000,3,16.19481086730
0,Idukki,N,Y,N,SS,22,13,286.00000000000,0,N,N,BUI,BUI,1,,77.10303000000,10.06356000000,2,10.58649826050
0,Idukki,N,N,Y,DF,227,20,4540.00000000000,0,D,FCP,FCP,FCP,,,77.13934149600,10.06645151500,4,24.10877227780
0,Idukki,N,N,Y,SS,50,8,400.00000000000,0,D,TEA,CSV,CSB,2,,77.03779858500,10.06258618400,5,28.17347908020
0,Idukki,N,N,Y,DF,218,22,4796.00000000000,0,D,TEA,TEA,TEA,,,77.00074790600,10.06742847300,2,10.64618301390
0,Idukki,N,Y,N,SS,35,15,525.00000000000,0,C,TEA,TEA,TEA,,"Munnar-Mulakkad to Mankulam road blocked, Kutcha road (Tata tea private road damaged)",77.03537000000,10.06100000000,4,20.90038108830
0,Idukki,N,N,Y,SS,16,12,192.00000000000,0,C,TEA,TEA,TEA,,,77.05293855000,10.07185723000,3,15.39247894290
0,Idukki,N,N,Y,SS,18,16,288.00000000000,0,C,TEA,TEA,TEA,,,77.05310366300,10.07185498300,3,15.39247894290
0,Idukki,N,N,Y,SS,71,10,710.00000000000,0,D,TEA,TEA,TEA,3,,77.02885826800,10.07097531900,1,8.15758037567
0,Idukki,N,N,Y,SS,337,8,2696.00000000000,0,N,TEA,TEA,TEA,,,77.03698742500,10.06768492900,2,11.07788085940
0,Idukki,N,N,Y,SS,28,8,224.00000000000,0,N,TEA,TEA,TEA,,,77.03599159500,10.06772442200,2,13.89962959290
0,Idukki,N,N,Y,SS,78,35,2730.00000000000,0,D,TEA,TEA,TEA,3,,77.03402319800,10.07140218100,1,5.30543708801
0,Idukki,N,N,Y,SS,71,13,923.00000000000,0,D,FCP,FCP,FCP,,,77.07271251100,10.07123838200,3,17.16694831850
0,Idukki,N,N,Y,SS,22,7,154.00000000000,0,N,TEA,TEA,TEA,,,77.02944611700,10.07006226300,3,16.07476234440
0,Idukki,N,N,Y,SS,24,7,168.00000000000,0,C,TEA,TEA,TEA,4,,77.04520508000,10.06576401900,3,16.23153305050
0,Idukki,N,N,Y,SS,15,9,135.00000000000,0,N,SPL,SPL,SPL,,,77.04647195600,10.06752523000,1,3.41965079308
0,Idukki,N,N,Y,SS,15,11,165.00000000000,0,C,TEA,TEA,TEA,,,77.04503889700,10.06572570200,4,24.98288536070
0,Idukki,N,N,Y,SS,22,5,110.00000000000,0,C,TEA,TEA,TEA,,,77.04667349400,10.06925580900,3,18.18134689330
0,Idukki,N,N,Y,SS,30,15,450.00000000000,0,D,TEA,TEA,TEA,4,,77.04694683300,10.06927294300,3,18.76089859010
0,Idukki,N,N,Y,SS,25,6,150.00000000000,0,D,TEA,TEA,TEA,4,,77.04686260700,10.06926214800,3,18.76089859010
0,Idukki,N,N,Y,SS,23,4,92.00000000000,0,C,TEA,TEA,TEA,,,77.04643124900,10.06919825000,3,16.12722587590
0,Idukki,N,N,Y,SS,49,16,784.00000000000,0,D,TEA,TEA,TEA,,,77.06761612800,10.06703865100,1,9.30533504486
0,Idukki,N,N,Y,SS,66,13,858.00000000000,0,N,N,FDN,FDN,,,77.14427442000,10.06371695900,7,35.41100311280
0,Idukki,N,Y,N,SS,32,26,832.00000000000,1,N,GMC,SPL,GMC,1,,77.10599653200,10.06825795900,4,22.55487632750
0,Idukki,N,Y,N,SS,0,0,0.00000000000,1,N,N,BUI,BUI,1,,77.10592000000,10.06725000000,1,8.40430831909
0,Idukki,N,N,Y,SS,134,5,670.00000000000,0,C,N,GNA,BRO,,,77.04624775700,10.05334789100,6,31.17287445070
0,Idukki,N,Y,N,SS,73,48,3504.00000000000,0,C,BSL,SPL,BSL,,Munnar- Cochin road (NH-85) blocked,77.06559064600,10.06682765400,3,18.65864944460
0,Idukki,N,Y,N,SS,0,0,0.00000000000,1,N,N,BUI,BUI,1,,77.10432000000,10.06230000000,4,23.97164154050
0,Idukki,Y,Y,N,DF,0,0,7641.14000000000,0,N,N,BRF,BRF,10,The slide occur in the cultivated land.,76.83121664100,10.06481935100,7,37.83368682860
0,Idukki,N,N,Y,SS,20,11,220.00000000000,0,N,SPL,SPL,SPL,10,,77.15775802200,10.06019494900,2,14.85679149630
0,Idukki,N,N,Y,SS,11,11,121.00000000000,0,D,TEA,TEA,TEA,,,77.15931485300,10.06048406700,3,18.22372055050
0,Idukki,Y,N,N,SS,0,0,2201.60000000000,0,N,GMC,GMC,GMC,,,76.92086993500,10.05861252200,7,35.99190902710
0,Idukki,N,N,Y,SS,219,75,16425.00000000000,0,N,FMP,FMP,FMP,,,77.12084911800,9.86933645600,3,18.90536689760
0,Idukki,Y,N,N,SS,195,12,2340.00000000000,0,N,FMP,FMP,FMP,,,77.13924229800,9.86677067600,4,20.49584579470
0,Idukki,N,N,Y,SS,52,7,364.00000000000,0,N,FMP,FMP,FMP,,,77.13988913600,9.86657763100,5,25.97303390500
0,Idukki,N,N,Y,SS,137,18,2466.00000000000,1,N,FMP,FMP,FMP,,,77.17741787700,10.01563604600,4,21.28369140630
0,Idukki,Y,N,N,SS,0,0,961.04000000000,0,N,FMP,FMP,FMP,,,77.20552564200,10.00803367700,5,29.00485420230
0,Idukki,N,N,Y,SS,132,15,1980.00000000000,0,N,SPL,SPL,SPL,,,77.12614867500,9.99993483800,6,31.54239273070
0,Idukki,N,N,Y,SS,105,9,945.00000000000,0,N,GMC,SPL,GMC,,,77.12476106000,10.00010445700,6,33.61685943600
0,Idukki,N,N,Y,SS,118,15,1770.00000000000,0,N,SPL,SPL,SPL,10,,77.12544790600,9.99977572700,5,28.12580490110
0,Idukki,N,N,Y,SS,94,12,1128.00000000000,0,N,SPL,SPL,SPL,10,,77.12633021000,10.00005268700,6,33.42549133300
0,Idukki,N,N,Y,SS,103,9,927.00000000000,0,N,SPL,SPL,SPL,10,,77.12657469700,10.00002816700,7,35.42091751100
0,Idukki,Y,N,N,SS,0,0,4280.54000000000,0,N,FMP,FMP,FMP,,,77.14290649700,10.00810697300,6,34.80566406250
0,Idukki,N,N,Y,SS,135,29,3915.00000000000,0,N,SPL,SPL,SPL,,,77.12085214600,10.00004943400,6,33.30897521970
0,Idukki,Y,N,N,SS,0,0,2111.38000000000,0,N,FMP,FMP,FMP,,,77.11924205800,9.99940630900,7,36.30202484130
0,Idukki,Y,N,N,SS,218,33,7194.00000000000,0,N,GMC,GMC,GMC,4/10,,77.19039532000,9.91162556800,3,15.21861362460
0,Idukki,Y,N,N,SS,76,36,2736.00000000000,0,N,FMP,FMP,FMP,,,77.18666736400,9.90803624100,3,19.70761680600
0,Idukki,N,N,Y,SS,134,54,7236.00000000000,0,N,FMP,FMP,FMP,,,77.18966399000,9.90258782000,3,16.72942161560
0,Idukki,Y,N,N,SS,174,33,5742.00000000000,0,N,FMP,FMP,FMP,10,,77.15561023700,9.90470989200,4,21.27293396000
0,Idukki,N,N,Y,SS,26,11,286.00000000000,0,C,FMP,FMP,FMP,,,77.11523864500,9.86017700300,2,14.91105365750
0,Idukki,Y,N,N,SS,0,0,1362.44000000000,0,N,SPL,SPL,SPL,,,77.12856665300,9.87227714100,4,23.91900253300
0,Idukki,Y,N,N,SS,0,0,1945.00000000000,0,N,FMP,SNA,FMP,,,77.13680880400,9.88667039700,4,22.08007812500
0,Idukki,N,N,Y,SS,42,9,378.00000000000,0,C,FMP,FMP,FMP,,,77.11446411200,9.86050894600,2,12.52471923830
0,Idukki,Y,N,N,SS,0,0,1151.09000000000,0,D,SPL,SPL,SPL,,,77.09999119900,9.87335868700,4,20.49811172490
0,Idukki,N,N,Y,SS,82,21,1722.00000000000,1,D,FMP,FMP,FMP,3,,77.11560179400,9.85998603400,3,19.44746971130
0,Idukki,Y,N,N,SS,0,0,4726.36000000000,3,N,RUB,RUB,RUB,,,77.17017232300,9.88670056900,3,15.13909721370
0,Idukki,N,N,Y,SS,104,16,1664.00000000000,0,D,FMP,FMP,FMP,,,77.11330128100,9.86155282600,4,21.36948394780
0,Idukki,Y,N,N,SS,0,0,3218.32000000000,0,N,FMP,FMP,FMP,,,77.15343364300,9.88387188700,3,18.51686096190
0,Idukki,N,N,Y,SS,65,32,2080.00000000000,0,D,FMP,FMP,FMP,,,77.10020333800,9.87442211900,1,8.97202777863
0,Idukki,N,N,Y,SS,86,13,1118.00000000000,0,N,FMP,FMP,FMP,,,77.14650558400,9.91688470600,3,15.10914993290
0,Idukki,N,N,Y,SS,56,15,840.00000000000,0,N,FMP,FMP,FMP,,,77.15625965100,9.90665967100,3,16.03450393680
0,Idukki,N,N,Y,SS,65,6,390.00000000000,0,N,FMP,FMP,FMP,,,77.15607417200,9.90628663400,5,27.71636199950
0,Idukki,N,N,Y,SS,137,13,1781.00000000000,0,N,FMP,FMP,FMP,,,77.14673847300,9.91635322600,4,23.72143173220
0,Idukki,N,N,Y,SS,79,15,1185.00000000000,0,N,FMP,FMP,FMP,,,77.14639232600,9.91741367600,2,12.86715412140
0,Idukki,Y,N,N,SS,55,18,990.00000000000,0,C,FMP,FMP,FMP,,,77.00401128900,9.92573306800,3,16.69108963010
0,Idukki,Y,N,N,SS,369,17,6273.00000000000,2,D,GMC,FMP,GMC,10,,77.05082955100,9.91791638700,6,31.14482498170
0,Idukki,Y,N,N,SS,71,17,1207.00000000000,0,D,FCP,FCP,FCP,,,77.05174881800,9.91529679300,5,26.11966514590
0,Idukki,Y,N,N,SS,0,0,2504.66000000000,1,D,SPL,SPL,SPL,,,77.10312829500,9.89677675300,4,21.27293396000
0,Idukki,Y,N,N,SS,0,0,545.62000000000,0,C,FMP,FMP,FMP,,,77.09355355100,9.90678676400,5,25.04911422730
0,Idukki,Y,N,N,SS,65,14,910.00000000000,0,N,FMP,FMP,FMP,3,,77.09526141300,9.90572311000,4,23.03110885620
0,Idukki,Y,N,N,SS,198,37,7326.00000000000,0,N,FMP,FMP,FMP,,,77.11217626000,9.91078821400,5,26.74690818790
0,Idukki,N,N,Y,SS,24,9,216.00000000000,0,N,FMP,FMP,FMP,,,77.10625766300,9.91469056000,2,13.59821033480
0,Idukki,N,N,Y,SS,45,11,495.00000000000,0,D,FMP,FMP,FMP,2,,77.09849601900,9.89679171500,5,25.94098281860
0,Idukki,N,N,Y,SS,43,13,559.00000000000,1,N,FMP,FMP,FMP,,,77.09914331700,9.89623425300,5,26.79265403750
0,Idukki,Y,N,N,SS,95,14,1330.00000000000,0,C,FMP,FMP,FMP,,,77.10482178800,9.91488785100,3,17.34544754030
0,Idukki,N,N,Y,SS,92,16,1472.00000000000,0,C,FMP,FMP,FMP,,,77.09319741100,9.91949682600,5,27.44934082030
0,Idukki,N,N,Y,SS,33,24,792.00000000000,1,C,SPL,FCP,SPL,1,,77.11327492200,9.91295451900,4,23.91354751590
0,Idukki,Y,N,N,SS,68,12,816.00000000000,0,C,FMP,FMP,FMP,,,77.09865183800,9.89743392400,4,22.39754104610
0,Idukki,Y,N,N,SS,77,17,1309.00000000000,0,D,SPL,FMP,SPL,,,77.07709317300,9.91930293600,3,19.99141311650
0,Idukki,Y,N,N,SS,209,44,9196.00000000000,0,D,FMP,FMP,FMP,,,77.04289683100,9.97411723200,5,28.28232765200
0,Idukki,Y,N,N,SS,71,20,1420.00000000000,3,N,SPL,SPL,SPL,1,,77.11126141500,9.93378961500,3,15.11248016360
0,Idukki,Y,N,N,SS,200,68,13600.00000000000,1,D,FMP,FMP,FMP,,,77.05630333300,9.97160443900,7,37.29766845700
0,Idukki,Y,N,N,SS,37,7,259.00000000000,0,N,FMP,FMP,FMP,,,77.06976786800,9.95147671500,1,0.00000000000
0,Idukki,Y,N,N,SS,80,30,2400.00000000000,0,N,FMP,FMP,FMP,,,77.06873499400,9.95026894300,5,25.18580818180
0,Idukki,N,N,Y,SS,46,8,368.00000000000,0,N,FMP,BSL,FMP,,,77.09315050800,9.92756410000,4,21.60718917850
0,Idukki,N,N,Y,SS,69,101,6969.00000000000,0,C,FCP,FCP,FCP,,,77.10742751300,10.05540417000,3,16.23153305050
0,Idukki,Y,N,N,SS,0,0,5277.95000000000,0,N,N,BRG,GNA,,,77.09498784900,9.93234750100,7,38.84901809690
0,Idukki,Y,N,N,SS,0,0,587.90000000000,0,C,SPL,FMP,SPL,,,77.00593005300,9.94413247300,5,27.93230438230
0,Idukki,Y,N,N,SS,0,0,1525.00000000000,1,N,FMP,FMP,FMP,,,76.99747235100,9.94211439200,3,18.09622001650
0,Idukki,N,N,Y,SS,19,6,114.00000000000,0,C,FMP,FMP,FMP,,,76.99043378400,9.94201529800,3,19.76481246950
0,Idukki,N,N,Y,SS,19,14,266.00000000000,0,C,RUB,RUB,RUB,,,77.00725828200,9.94366918600,7,37.47703552250
0,Idukki,Y,N,N,SS,0,0,587.90000000000,0,C,SPL,FMP,SPL,,,77.00564264000,9.94417192100,4,24.71694946290
0,Idukki,N,N,Y,SS,12,4,48.00000000000,0,C,SPL,FMP,SPL,,,77.00549505000,9.94389749700,5,28.63325119020
0,Idukki,N,N,Y,SS,12,5,60.00000000000,0,C,FMP,FMP,FMP,,,77.00508904100,9.94385898000,6,31.10148811340
0,Idukki,N,N,Y,SS,14,13,182.00000000000,0,C,SPL,FCP,SPL,,,77.08687006100,9.90968313400,1,9.32252502441
0,Idukki,N,N,Y,SS,20,7,140.00000000000,0,N,SPL,SPL,SPL,,,77.01751525700,9.92634394100,3,18.31597518920
0,Idukki,Y,N,N,SS,43,12,516.00000000000,0,N,FMP,FMP,FMP,,,77.00846377900,9.93468172000,5,28.26423645020
0,Idukki,N,N,Y,SS,20,15,300.00000000000,0,N,FMP,FMP,FMP,,,77.08834005300,9.90851764600,3,15.57045173650
0,Idukki,N,N,Y,SS,25,10,250.00000000000,0,N,SPL,SPL,SPL,5/7,,77.09225044600,9.93374359300,4,24.40780258180
0,Idukki,N,N,Y,SS,97,20,1940.00000000000,0,N,SPL,SPL,SPL,,,77.09374355400,9.93366460600,6,32.70514297490
0,Idukki,N,N,Y,SS,9,8,72.00000000000,0,C,SPL,GMC,SPL,3,,77.09721996800,9.92621222700,2,13.05826377870
0,Idukki,N,N,Y,SS,34,8,272.00000000000,0,N,FMP,FMP,FMP,,,77.08371337900,9.93425135800,1,8.90617084503
0,Idukki,N,N,Y,SS,29,12,348.00000000000,0,N,FCP,FCP,FCP,,,77.07622360400,9.93897669300,5,26.80331039430
0,Idukki,N,N,Y,SS,25,21,525.00000000000,0,N,FMP,FMP,FMP,,,77.07397852000,9.93803431300,1,7.98412799835
0,Idukki,N,N,Y,SS,61,19,1159.00000000000,0,N,FMP,BSL,FMP,,,77.07763233200,9.93804415100,5,29.71242332460
0,Idukki,N,N,Y,SS,37,7,259.00000000000,0,N,FMP,FMP,FMP,,,77.01543610100,9.96830165200,6,30.56874847410
0,Idukki,N,N,Y,SS,35,18,630.00000000000,1,C,FMP,FMP,FMP,,,77.07116180500,9.93647339900,4,21.07580566410
0,Idukki,Y,N,N,SS,0,0,2153.39000000000,0,N,FMP,FMP,FMP,,,77.01509128000,9.97207714100,6,32.94284439090
0,Idukki,N,N,Y,SS,23,12,276.00000000000,0,C,FMP,FMP,FMP,,,76.99982331000,9.97440552200,4,21.83298873900
0,Idukki,Y,N,N,SS,0,0,2576.56000000000,0,C,FMP,FMP,FMP,,,77.06510617700,9.94129297200,6,31.60052680970
0,Idukki,N,N,Y,SS,100,35,3500.00000000000,0,C,FMP,FMP,FMP,,,77.03031448000,9.97196023600,6,33.51588439940
0,Idukki,N,N,Y,SS,57,11,627.00000000000,0,C,GMC,SPL,GMC,,,77.18980697500,9.98981981200,3,18.52204132080
0,Idukki,N,N,Y,RF,133,10,1330.00000000000,3,C,FMP,FMP,FMP,,,77.11540470200,10.00036325100,5,29.22702407840
0,Idukki,N,N,Y,RF,50,9,450.00000000000,0,C,SPL,SPL,SPL,,,77.11461729300,10.00023684400,4,23.54373550420
0,Idukki,N,N,Y,DF,63,25,1575.00000000000,0,N,FMP,FMP,FMP,10,FMP/GNA,77.12687495700,10.00005656400,7,36.87441253660
0,Idukki,Y,N,N,DF,0,0,2562.27000000000,0,N,FMP,FMP,FMP,,,77.15978414200,10.00347470700,5,29.35264968870
0,Idukki,N,N,Y,DF,94,25,2350.00000000000,0,N,FMP,FMP,FMP,10,FMP/GNA,77.12722397100,9.99997904200,6,32.64651107790
0,Idukki,N,N,Y,DF,43,16,688.00000000000,0,C,SPL,FMP,SPL,,,77.16067696100,10.00396583200,7,35.18949508670
0,Idukki,N,N,Y,DF,76,20,1520.00000000000,0,N,FMP,FMP,FMP,10,FMP/GNA,77.12771134900,9.99984335500,3,16.36833953860
0,Idukki,N,N,Y,DF,77,13,1001.00000000000,0,C,FMP,GMC,FMP,,,77.11277379700,9.86049749600,5,25.78625106810
0,Idukki,Y,N,N,DF,0,0,11039.73000000000,0,N,FMP,FMP,FMP,,,77.11380044900,9.86035919800,3,18.76089859010
0,Idukki,N,N,Y,DF,205,18,3690.00000000000,0,N,FMP,GMC,FMP,,,77.11303245000,9.86193409400,5,25.88312911990
0,Idukki,Y,N,N,DF,346,9,3114.00000000000,0,N,FMP,SPL,FMP,,,76.98498898600,9.93998365700,5,28.34895706180
0,Idukki,N,N,Y,DF,227,20,4540.00000000000,0,N,N,BSG,SNA,,,77.06801763400,9.93772727900,5,27.87680053710
0,Idukki,Y,N,N,DF,250,18,4500.00000000000,0,D,FMP,FMP,FMP,,,77.07660411000,9.90613044200,5,25.77166938780
0,Idukki,Y,N,N,DF,320,36,11520.00000000000,0,N,SPL,SPL,SPL,,,77.08845635600,9.93312733400,6,34.33470535280
0,Idukki,Y,N,N,DF,177,9,1593.00000000000,0,N,FMP,FMP,FMP,,,77.00517354200,9.94058909000,8,40.49036026000
0,Idukki,N,N,Y,DF,228,19,4332.00000000000,0,N,SPL,SNA,SNA,,,77.09440733000,10.04226047400,4,24.96756362920
0,Idukki,N,N,Y,DF,243,15,3645.00000000000,0,N,FCP,FCP,FCP,,,77.16173265500,9.84912095100,6,33.21330642700
0,Idukki,N,Y,N,SS,41,44,1804.00000000000,1,C,RUB,RUB,RUB,2,,77.02611635200,9.96076652200,4,23.52324676510
0,Idukki,N,Y,N,SS,61,20,1220.00000000000,0,N,FMP,SPL,FMP,,Proper catch drain arrangements should be provided at the hill side of the road,77.02709667600,9.95928188000,3,17.92441368100
0,Idukki,N,Y,N,SS,79,28,2212.00000000000,1,N,FMP,FMP,FMP,,Land may be used for Agriculture purpose,77.03613691200,9.95723490100,2,11.82378768920
0,Idukki,N,Y,N,SS,0,0,0.00000000000,1,N,SPL,FMP,SPL,4,Seems to be a palaeoslide area,77.04176000000,9.95339000000,4,23.33576583860
0,Idukki,N,Y,N,DF,22,7,154.00000000000,1,N,BSL,SPL,BSL,,Rock blocks/Boulders is precariously perched in the crown area and is posing threat to the house below. These rock blocks shall be removed.,77.03883349000,9.95908750200,3,19.53469467160
0,Idukki,N,Y,N,SS,19,13,247.00000000000,0,C,SPL,BSL,SPL,,,77.01528598300,9.95836622600,3,19.49599266050
0,Idukki,N,Y,N,SS,51,12,612.00000000000,1,C,SPL,SPL,SPL,2,,77.01366000000,9.96079000000,2,14.99201011660
0,Idukki,Y,Y,N,SS,0,0,2153.00000000000,6,N,FMP,FMP,FMP,,2 houses may also be relocated provided suitable protection measures has not been implemented. Land may be used for Agriculture purpose.,77.01481000000,9.97158000000,6,31.38520431520
0,Idukki,Y,Y,N,DF,0,0,6154.00000000000,1,C,FMP,FMP,FMP,,,77.01168000000,9.97235000000,6,32.32297134400
0,Idukki,N,Y,N,DF,0,0,0.00000000000,0,N,FMP,FMP,FMP,,one house is located on the other side of the road along the flow debris flow path.,77.01636000000,9.97070000000,2,12.89922904970
0,Idukki,N,Y,N,SS,31,22,682.00000000000,0,N,FMP,FMP,FMP,,Avoid constructions within the distressed zone,77.01760000000,9.96977000000,4,23.12312316890
0,Idukki,N,Y,N,SS,18,17,306.00000000000,0,C,FMP,FMP,FMP,2,,77.01661083500,9.96966327400,2,14.19006156920
0,Idukki,N,Y,N,DF,125,15,1875.00000000000,0,C,SPL,SPL,SPL,,,77.01553000000,9.96904000000,5,27.15856552120
0,Idukki,N,Y,N,SS,38,22,836.00000000000,1,C,FMP,FMP,FMP,2,,77.00222000000,9.97939000000,4,21.54599189760
0,Idukki,N,Y,N,SS,13,7,91.00000000000,2,N,FMP,FMP,FMP,1,"At the downslope area to the cut slope failure, on the other side of the road, one house is located which is also in threat.",77.00217764800,9.97668326900,3,19.49599266050
0,Idukki,Y,Y,N,SS,0,0,11385.00000000000,4,N,FMP,FMP,FMP,,"2 houses (Jose K.V, Koothamattathil House located on the left flank and Mary Abraham, Mattathil House on the right flank of this slide",77.00760708300,9.95859211600,4,21.35236358640
0,Idukki,N,Y,N,SS,16,11,176.00000000000,0,N,FMP,FMP,FMP,,Small scale incidence,77.00860000000,9.95913000000,1,0.66505175829
0,Idukki,Y,Y,N,DF,0,0,3263.00000000000,0,N,FMP,SPL,FMP,,It is safer not to encroach the debris flown nala path,77.00260517250,9.95771279905,8,41.29265213010
0,Idukki,N,Y,N,SS,0,0,0.00000000000,0,C,FMP,FMP,FMP,2,,77.00078854700,9.96416302900,3,17.52445220950
0,Idukki,Y,Y,N,SS,0,0,973.00000000000,0,C,FMP,FMP,FMP,2,,77.00256396400,9.96415988600,4,21.53753280640
0,Idukki,N,Y,N,SS,14,7,98.00000000000,0,C,FMP,FMP,FMP,2,,77.01770000000,9.96695000000,3,18.49352645870
0,Idukki,N,Y,N,SS,27,38,1026.00000000000,0,C,FMP,FMP,FMP,2,,77.00006708200,9.97574885200,3,18.37889099120
0,Idukki,N,Y,N,SS,0,0,0.00000000000,0,N,FMP,FMP,FMP,4,"Earlier in 2015, one landslide incidence reported from this loation.",77.00058000000,9.97394000000,3,17.77235031130
0,Idukki,N,Y,N,SS,20,10,200.00000000000,2,N,FMP,FMP,FMP,1,,76.99889666900,9.96322050200,4,21.92610931400
0,Idukki,N,Y,N,SS,0,0,0.00000000000,1,N,FMP,FMP,FMP,1,,76.99822000000,9.95806000000,6,32.20053482060
0,Idukki,N,Y,N,SS,75,79,1425.00000000000,2,N,FCP,FCP,FCP,,1 old concrete building (House).,77.01083925900,9.95309534300,4,22.17173385620
0,Idukki,N,Y,N,SS,23,15,345.00000000000,1,N,FCP,FCP,FCP,,,77.01079081800,9.95270259000,4,24.85475349430
0,Idukki,N,Y,N,DF,0,0,0.00000000000,0,N,FMP,FMP,FMP,,,76.99852000000,9.95455000000,4,24.45007133480
0,Idukki,N,Y,N,SS,0,0,0.00000000000,1,N,SPL,FMP,SPL,1/2,,77.01533660200,9.92775832500,4,23.69379806520
0,Idukki,N,Y,N,SS,26,7,182.00000000000,1,C,FMP,FMP,FMP,2,,77.01692428700,9.92669574700,2,10.70550346370
0,Idukki,N,Y,N,SS,0,0,0.00000000000,0,N,FMP,FMP,FMP,2,,77.01607000000,9.92458000000,4,20.72514343260
0,Idukki,N,Y,N,SS,0,0,0.00000000000,1,N,FMP,SPL,FMP,1,,77.01524000000,9.92258000000,3,16.90205001830
0,Idukki,N,Y,N,SS,0,0,0.00000000000,1,N,SPL,FCP,SPL,,,77.02248000000,9.92222000000,5,27.60079765320
0,Idukki,N,Y,N,DF,0,0,0.00000000000,1,N,FMP,FMP,FMP,,It is safer not to encroach the debris flown nala path,77.00465000000,9.93648000000,5,28.31983947750
0,Idukki,Y,Y,N,DF,0,0,3220.00000000000,1,N,FMP,FMP,FMP,1,,77.00144000000,9.93637000000,5,27.37014770510
0,Idukki,N,Y,N,SS,0,0,0.00000000000,0,N,FMP,FMP,FMP,3,Proper catch drain arrangements should be provided at the hill side of the road,76.99810000000,9.93899000000,5,27.34366416930
0,Idukki,Y,Y,N,SS,0,0,4275.00000000000,1,N,FMP,FMP,FMP,,Avoid constructions within the distressed zone and its vicinity,76.99755841700,9.94052777800,3,19.58293342590
0,Idukki,Y,Y,N,DF,0,0,1050.00000000000,0,N,FMP,FMP,FMP,,,76.99609933600,9.94312707800,5,27.87680053710
0,Idukki,N,Y,N,DF,0,0,0.00000000000,1,N,FMP,FMP,FMP,,,77.00701000000,9.93934000000,6,30.58690643310
0,Idukki,N,Y,N,SS,59,35,2065.00000000000,0,N,FMP,FMP,FMP,,,77.01423544600,9.94122498300,5,26.56418228150
0,Idukki,N,Y,N,SS,67,24,1608.00000000000,1,N,FMP,FMP,FMP,,Adjacent area is also reported with one landslide incidence (Sukumaran),77.01400130700,9.93948871100,5,28.30734443660
0,Idukki,N,Y,N,SS,45,15,675.00000000000,1,N,SPL,SPL,SPL,1,,77.01598721500,9.93299495200,4,24.74287796020
0,Idukki,N,Y,N,SS,19,10,190.00000000000,1,N,SPL,SPL,SPL,1,,77.01118215500,9.93468924900,3,17.59098815920
0,Idukki,N,Y,N,DF,15,10,150.00000000000,1,N,SPL,FMP,SPL,,,77.00574931300,9.94484787100,1,7.26163434982
0,Idukki,N,Y,N,DF,11,9,99.00000000000,1,N,FMP,FMP,FMP,,,77.01041745800,9.94333016000,3,15.02223587040
0,Idukki,N,Y,N,SS,9,5,45.00000000000,0,C,FMP,FMP,FMP,2,,77.01766345000,9.92501467800,4,23.12312316890
0,Idukki,N,Y,N,DF,108,33,3564.00000000000,0,N,FCP,FCP,FCP,,,76.98804000000,9.93980000000,3,16.80576515200
0,Idukki,N,Y,N,SS,24,8,192.00000000000,1,N,N,BUI,BUI,1,,76.99050878700,9.94179027400,2,12.01634883880
0,Idukki,N,Y,N,SS,0,0,0.00000000000,0,N,FMP,FMP,FMP,,,77.01698000000,9.95342000000,4,24.35835075380
0,Idukki,N,Y,N,DF,0,0,0.00000000000,1,N,FMP,FMP,FMP,,,77.02105000000,9.95443000000,5,26.19722938540
0,Idukki,N,Y,N,SS,0,0,0.00000000000,1,N,N,GMC,BUI,1,School building got damaged,77.01252000000,9.95145000000,5,27.01948738100
0,Idukki,Y,Y,N,DF,0,0,2334.00000000000,1,N,SPL,SPL,SPL,,Anganvadi Building located on the downslopedestroyed,77.03850864600,9.92966600600,6,34.94915771480
0,Idukki,Y,Y,N,DF,0,0,1392.21688000000,1,N,SPL,SPL,SPL,2,"Adjacent to this, one house which has been developed with ground cracks due to toe cutting done for road construction",77.04277084800,9.92687956300,5,29.19020271300
0,Idukki,N,Y,N,SS,0,0,0.00000000000,1,N,SPL,SPL,SPL,,"Adjacent area about 100m upstream, a cutslope failure damaged one house and two vehicles",77.05422506500,9.92847080200,4,23.51019477840
0,Idukki,N,Y,N,SS,13,8,104.00000000000,1,N,N,BUI,BUI,1,,77.05311000000,9.93087000000,4,24.90612792970
0,Idukki,N,Y,N,SS,0,0,0.00000000000,1,N,FMP,FMP,FMP,1,,77.06348538100,9.92571000300,4,21.83298873900
0,Idukki,Y,Y,N,DF,0,0,6639.00000000000,0,C,SPL,FMP,SPL,,,77.06701768500,9.91874602400,3,17.94061088560
0,Idukki,Y,Y,N,SS,0,0,3709.00000000000,0,C,SPL,FCP,SPL,2,,77.06918249000,9.91918509000,4,20.82964134220
0,Idukki,N,Y,N,SS,35,17,595.00000000000,1,N,SPL,SPL,SPL,1,,77.06445000000,9.92215000000,2,14.65118980410
0,Idukki,N,Y,N,SS,0,0,0.00000000000,1,N,FMP,FMP,FMP,,on the opposite side on the upslope one small debris slide incidence destroyed one house totally,77.02094042800,9.94169028900,4,21.54599189760
0,Idukki,N,Y,N,SS,18,6,108.00000000000,1,N,FMP,FMP,FMP,1,,77.02795759500,9.94070745300,5,25.19420814510
0,Idukki,N,Y,N,SS,37,16,592.00000000000,1,N,SPL,FMP,BUI,1/2,Adjacent to this another slide is also noticed towards south. Earlier in 2007 this location witnessed with a landslide incidence also.,77.05992608100,9.92524472100,2,13.01078605650
0,Idukki,N,Y,N,SS,38,11,418.00000000000,0,N,SPL,SPL,BUI,1,One house at the adjacent area also affected with cutslope induced failure durinf last rainy season,77.05816287800,9.92467392700,3,15.57045173650
0,Idukki,N,Y,N,SS,27,25,675.00000000000,2,N,SPL,FMP,BUI,1,,77.06433908800,9.92409740800,1,6.10850000381
0,Idukki,N,Y,N,DF,0,0,0.00000000000,1,N,FMP,FMP,FMP,1,,77.08595000000,9.91285000000,4,21.84336280820
0,Idukki,N,Y,N,DF,32,14,448.00000000000,0,N,FMP,FMP,FMP,,,77.08454776600,9.90928990400,4,20.82077598570
0,Idukki,N,Y,N,SS,21,23,483.00000000000,0,C,FMP,FMP,FMP,2,Cut slope failure,77.08769597200,9.90924134700,1,0.47027316689
0,Idukki,N,Y,N,SS,26,7,182.00000000000,0,C,FMP,FMP,FMP,2,,77.06627885200,9.93386071000,4,23.98613166810
0,Idukki,Y,Y,N,DF,0,0,1326.00000000000,0,N,FMP,FMP,FMP,,,77.06373220900,9.94143165500,5,26.21932220460
0,Idukki,N,Y,N,SS,43,14,602.00000000000,0,N,SPL,SPL,SPL,,from this location about 100m east one cut slope failure incidence damaged one house,77.06681368800,9.94262811400,1,7.95708942413
0,Idukki,N,Y,N,SS,0,0,0.00000000000,1,N,FMP,FMP,FMP,1,,77.06973918800,9.93774377300,5,28.76750755310
0,Idukki,N,Y,N,DF,187,12,2244.00000000000,0,N,FMP,FMP,FMP,,,77.06979269700,9.93503915700,6,33.23392486570
0,Idukki,N,Y,N,SS,94,15,1410.00000000000,1,C,SPL,SPL,SPL,2,,77.07782442500,9.93709213500,1,9.55413341522
0,Idukki,N,Y,N,DF,0,0,0.00000000000,0,N,FMP,FMP,FMP,,Towards the right flank of the slide ground cracks are seen which indicate widening nature of the slide in future,77.08294000000,9.93704000000,2,12.52471923830
0,Idukki,N,Y,N,SS,25,18,450.00000000000,1,N,FMP,FMP,FMP,,,77.08382449500,9.93358844100,4,23.93717384340
0,Idukki,N,Y,N,SS,24,20,480.00000000000,1,N,FMP,FMP,FMP,1,,77.08211991500,9.93272343100,2,12.01634883880
0,Idukki,Y,Y,N,DF,0,0,734.00000000000,1,C,N,BRG,SNA,3,,77.09542793700,9.93206050200,6,33.16681289670
0,Idukki,N,Y,N,SS,26,21,546.00000000000,1,N,SPL,BSL,SPL,,,77.09669000000,9.92608000000,5,27.40245819090
0,Idukki,N,Y,N,DF,31,6,186.00000000000,1,N,FMP,FMP,FMP,,,77.09585000000,9.93095000000,4,24.65975952150
0,Idukki,N,Y,N,DF,107,11,1177.00000000000,1,N,FMP,BSL,FMP,10,,77.09412502600,9.92907518800,4,21.89099693300
0,Idukki,N,Y,N,SS,9,5,45.00000000000,1,N,SPL,SPL,SPL,1,,77.07312014000,9.93144397500,2,12.02935218810
0,Idukki,N,Y,N,SS,0,0,0.00000000000,0,C,FMP,FMP,FMP,2/6,,77.05427000000,9.96022000000,4,24.55350875850
0,Idukki,N,Y,N,DF,75,8,600.00000000000,1,C,FMP,FMP,FMP,,"Plantation of Sisily, Vazhakattu washed away. 40 acre- Bison Valley road blocked",77.11352843400,10.00032962100,4,24.10158348080
0,Idukki,N,Y,N,DF,0,0,0.00000000000,0,N,FMP,FMP,FMP,,"Sowriyar Vilakunnel, Suma Sunil Kadavil and Vinod Kunnanil cardamom and pepper plantation washed away.",77.11618000000,10.00043000000,4,23.70854187010
0,Idukki,N,Y,N,SS,0,0,0.00000000000,3,N,N,BUI,BUI,1,Avoid constructions within the distressed zone,77.01211000000,9.96013000000,3,17.93251419070
0,Idukki,N,N,Y,RF,81,35,2835.00000000000,0,N,N,BRG,BRG,,,76.97986309700,9.93842416200,7,38.42474746700
0,Idukki,N,Y,N,SS,30,13,390.00000000000,6,D,N,BUI,BUI,5/6,Buildings in the both side of the river are partially damaged due to toe erosion by Cheruthoni river by heavy rainfall and also when the Idukki dam was opened.,76.96311000000,9.85831000000,1,5.43768978119
0,Idukki,N,Y,N,DF,63,59,3717.00000000000,3,C,N,BUI,BUI,1,Road blocked,76.96666350200,9.85503217700,6,32.08491897580
0,Idukki,N,Y,N,DF,68,58,3944.00000000000,4,C,N,FMP,BUI,1,,76.96580215100,9.85614646000,5,27.25803756710
0,Idukki,N,Y,N,DF,57,49,2793.00000000000,4,D,N,BUI,BUI,2,Cheruthoni-Alinchuvadu road damaged.,76.96430000000,9.85739000000,2,14.97855377200
0,Idukki,N,Y,N,SS,0,0,0.00000000000,2,N,FMP,FMP,FMP,5,,76.96492000000,9.85922000000,4,24.31051826480
0,Idukki,Y,N,N,RF,0,0,3185.49000000000,1,C,N,BRG,BRG,,,76.85080320100,10.04730533300,6,33.81795120240
0,Idukki,N,Y,N,SS,22,20,449.13000000000,0,C,N,FNO,FNO,2,The Ernakulam - Munnar road blocked.,76.83052257000,10.05300021600,5,28.89264106750
0,Idukki,N,Y,N,SS,10,20,198.35000000000,0,D,N,FNO,FNO,2,The Ernakulam - Munnar road along with the RC wall partially damaged.,76.83182000000,10.05214000000,7,35.32149505620
0,Idukki,Y,Y,N,SS,0,0,1000.00000000000,0,D,N,FNO,FNO,2,The Ernakulam - Munnar road along with the RC wall partially damaged.,76.83528916600,10.05038973800,8,41.50698471070
0,Idukki,N,N,Y,RF,282,236,66552.00000000000,4,N,N,SPL,ROA,,,76.99400907600,10.05427524300,5,26.03056907650
0,Idukki,N,N,Y,SS,61,12,732.00000000000,0,D,TEA,TEA,TEA,2,,77.13559942400,10.05342516000,5,26.37626838680
0,Idukki,N,N,Y,SS,76,10,760.00000000000,0,D,TEA,TEA,TEA,2,,77.13509123800,10.05243494900,4,22.51519393920
0,Idukki,N,N,Y,SS,104,11,1144.00000000000,0,D,TEA,TEA,TEA,,,77.13516949400,10.05257847500,5,27.50046730040
0,Idukki,N,N,Y,SS,28,7,196.00000000000,0,C,SPL,TEA,SPL,,,77.13650991200,10.05211363200,1,9.32252502441
0,Idukki,N,N,Y,SS,33,10,330.00000000000,0,C,SPL,FCP,SPL,,,77.13619787800,10.04914186700,4,24.71694946290
0,Idukki,N,N,Y,SS,53,6,318.00000000000,0,C,SPL,FCP,SPL,,,77.13620339900,10.04879229700,5,29.38260650630
0,Idukki,Y,N,N,SS,81,20,1620.00000000000,0,N,FMP,FMP,FMP,,,76.81095327900,10.04644307400,6,30.65211296080
0,Idukki,Y,N,N,SS,29,24,696.00000000000,0,N,N,FNO,FNO,,,76.83103794900,10.03777303400,6,30.34068489070
0,Idukki,Y,N,N,SS,69,17,1173.00000000000,0,N,N,SNA,SNA,,,76.80692513900,10.05124997700,6,34.56428909300
0,Idukki,Y,N,N,DF,72,12,864.00000000000,0,N,RUB,RUB,RUB,,,76.81728547900,10.04900892700,6,31.91275405880
0,Idukki,N,Y,N,SS,22,30,640.38000000000,0,C,FMP,SPL,FMP,2,Ernakulam - Munnar Highway blocked.,76.84289912600,10.04139222200,2,10.20483303070
0,Idukki,N,N,Y,SS,72,8,576.00000000000,0,N,SPL,SPL,SPL,,,76.99800918900,10.05373252600,4,23.44852066040
0,Idukki,N,N,Y,SS,159,3,477.00000000000,0,N,SPL,SPL,SPL,,,76.99837538700,10.05211441100,2,12.58664321900
0,Idukki,N,N,Y,SS,357,11,3927.00000000000,0,N,SPL,SPL,SPL,,,76.99764007300,10.05173773200,4,23.95532417300
0,Idukki,N,N,Y,SS,128,7,896.00000000000,0,N,SPL,FCP,SPL,,,76.99861213400,10.05218577700,3,16.34715080260
0,Idukki,N,N,Y,SS,644,15,9660.00000000000,2,D,N,SPL,SNA,,,76.99728627100,10.05198666200,1,1.05146837234
0,Idukki,N,N,Y,RF,164,4,656.00000000000,0,N,N,BRG,BRG,,,76.99352789800,10.05201794700,7,36.66559600830
0,Idukki,N,Y,N,SS,65,29,1887.13000000000,0,C,SPL,GMC,SPL,,Road blocked.,76.94555714800,10.04849569200,4,24.03674507140
0,Idukki,Y,Y,N,DF,0,0,7325.00000000000,0,D,FMP,FMP,FMP,2,The Ernakulam - Munnar road along with the RC wall partially damaged.,76.83840320000,10.04930695200,5,25.64964294430
0,Idukki,N,Y,N,SS,28,17,464.92000000000,0,C,FMP,FMP,FMP,2,Ernakulam - Munnar Highway blocked.,76.84015888900,10.04800863100,5,25.53163146970
0,Idukki,N,N,Y,SS,18,9,162.00000000000,2,C,FCP,FCP,FCP,1,,77.01211954000,10.02603389800,6,30.48130989070
0,Idukki,Y,N,N,SS,138,37,5106.00000000000,0,N,FMP,FMP,FMP,3,,77.11014986500,9.96763733400,3,17.79962539670
0,Idukki,Y,N,N,SS,66,10,660.00000000000,0,N,SPL,SPL,SPL,,,77.00943074500,10.02763232200,6,30.23102569580
0,Idukki,Y,N,N,SS,0,0,851.26000000000,0,N,SPL,SPL,SPL,,,77.01224761700,10.02734139200,6,33.09422683720
0,Idukki,Y,N,N,SS,0,0,1075.00000000000,0,N,FMP,FMP,FMP,,,76.99003381100,9.98017088800,4,21.79142189030
0,Idukki,N,N,Y,SS,72,6,432.00000000000,0,N,FMP,SPL,FMP,,,76.98916301700,9.97485241500,3,19.14547920230
0,Idukki,N,N,Y,SS,119,15,1785.00000000000,0,D,SPL,GMC,SPL,,,77.08080619800,9.94894512100,6,32.97951126100
0,Idukki,N,N,Y,SS,66,18,1188.00000000000,0,D,SPL,GMC,SPL,,,77.08091127900,9.94877952300,6,32.97951126100
0,Idukki,N,N,Y,SS,37,8,296.00000000000,0,D,SPL,SPL,SPL,,,77.08040439500,9.95157355000,5,27.90244102480
0,Idukki,Y,N,N,SS,57,35,1995.00000000000,0,N,FMP,FMP,FMP,4/6,,77.06700478200,9.96184078500,3,17.81324195860
0,Idukki,Y,N,N,SS,0,0,1090.32000000000,0,N,FMP,FMP,FMP,,,77.06946739400,9.99336416800,3,19.90684127810
0,Idukki,N,N,Y,SS,19,7,133.00000000000,0,N,SPL,FMP,SPL,10,,77.01304840800,9.99403249000,1,9.44191551208
0,Idukki,N,N,Y,SS,9,8,72.00000000000,0,N,FMP,FMP,FMP,,,77.01067283200,10.00135559400,3,18.31597518920
0,Idukki,N,N,Y,SS,11,10,110.00000000000,0,C,GMC,FMP,GMC,2,,77.00846211700,10.01188141600,3,17.07538986210
0,Idukki,N,N,Y,SS,28,15,420.00000000000,0,N,BSL,FMP,BSL,5/7,,77.01108248000,10.00047197000,4,22.41354560850
0,Idukki,N,N,Y,SS,11,6,66.00000000000,0,C,FMP,FMP,FMP,,,77.00078482600,9.98059503500,3,18.34746742250
0,Idukki,N,N,Y,SS,64,15,960.00000000000,0,N,BSL,FCP,BSL,,,77.04313203800,9.99476141800,4,24.65975952150
0,Idukki,N,N,Y,SS,65,13,845.00000000000,0,C,BSL,GMC,BSL,,,77.04302013000,9.99505419600,3,19.32300758360
0,Idukki,N,N,Y,SS,15,11,165.00000000000,0,N,FMP,FMP,FMP,,,77.02243492300,9.97555165200,3,16.75295829770
0,Idukki,N,N,Y,SS,17,10,170.00000000000,0,N,FMP,FMP,FMP,,,77.02230794900,9.97446969400,3,16.24680328370
0,Idukki,N,N,Y,SS,12,6,72.00000000000,0,C,BSL,FMP,BSL,,,77.00048657100,9.98028754900,5,29.62673759460
0,Idukki,N,N,Y,SS,27,25,675.00000000000,0,N,SPL,BSL,SPL,,,77.00574875500,9.98240885900,2,13.16828536990
0,Idukki,N,N,Y,SS,80,34,2720.00000000000,0,N,FMP,FMP,FMP,,,77.00384122100,9.98201976400,4,20.81855964660
0,Idukki,N,N,Y,SS,55,15,825.00000000000,0,N,FMP,FMP,FMP,,,76.99901701300,9.98800265000,4,20.97079467770
0,Idukki,N,N,Y,SS,41,8,328.00000000000,0,N,FMP,FMP,FMP,,,76.99726203700,9.98936984400,3,15.20870113370
0,Idukki,N,N,Y,SS,29,8,232.00000000000,0,N,FMP,FMP,FMP,,,76.99219499600,10.02006563300,3,18.11221885680
0,Idukki,N,N,Y,SS,41,8,328.00000000000,0,C,FMP,FMP,FMP,,,76.98272901700,10.01915255800,5,28.85103416440
0,Idukki,N,N,Y,SS,31,8,248.00000000000,0,N,SPL,SPL,SPL,,,76.98260738600,10.01649611500,3,18.62011909480
0,Idukki,N,N,Y,SS,101,12,1212.00000000000,1,N,FMP,FMP,FMP,,,77.07172899700,10.02773615400,5,28.70254898070
0,Idukki,Y,N,N,RF,107,14,1498.00000000000,0,N,N,BRG,BRG,,,76.98586712800,10.00028979800,9,56.49367141720
0,Idukki,Y,N,N,DF,0,0,10066.96000000000,0,D,SPL,GMC,SPL,,,77.09893151400,9.99373171200,4,24.63891410830
0,Idukki,Y,N,N,DF,321,39,12519.00000000000,0,D,SPL,BSL,SPL,,,77.09717328700,9.99382645400,6,30.58206558230
0,Idukki,Y,N,N,DF,0,0,8114.67000000000,4,N,SPL,SPL,SPL,1,,77.05186224100,9.99599486100,2,11.18177509310
0,Idukki,Y,N,N,DF,202,7,1414.00000000000,0,N,FMP,FMP,FMP,,,77.05387982900,9.99500059200,7,38.25585556030
0,Idukki,Y,N,N,DF,0,0,7475.00000000000,0,N,FMP,FMP,FMP,,,76.99189126800,9.97285699400,7,35.38663864140
0,Idukki,Y,N,N,DF,366,16,5856.00000000000,0,N,FMP,SPL,FMP,,,77.07609016900,9.95578334100,6,31.43240165710
0,Idukki,Y,N,N,DF,44,11,484.00000000000,0,D,FMP,FMP,FMP,,,77.09024464400,9.94085285300,5,25.68390274050
0,Idukki,Y,N,N,DF,367,25,9175.00000000000,3,N,N,FMP,BUI,1,,77.07822879400,9.95494664700,2,14.03845691680
0,Idukki,Y,N,N,DF,328,18,5904.00000000000,2,C,FMP,FMP,FMP,,,77.06928093300,9.98149342200,2,13.32751655580
0,Idukki,Y,N,N,DF,162,15,2430.00000000000,0,D,FMP,FMP,FMP,,,77.07393592200,9.99278708200,6,32.48769378660
0,Idukki,Y,N,N,DF,188,14,2632.00000000000,0,C,FMP,FCP,FMP,3,,77.00885840400,10.01180172000,3,18.36580657960
0,Idukki,N,N,Y,DF,235,21,4935.00000000000,0,N,GMC,FMP,GMC,,,77.10336143100,9.99317987800,2,11.53728961940
0,Idukki,N,N,Y,DF,221,42,9282.00000000000,1,N,FMP,FMP,FMP,,,77.12011608600,9.95843811000,6,30.13058853150
0,Idukki,N,N,Y,DF,102,7,714.00000000000,0,N,FMP,FMP,FMP,,,77.12052205500,9.95867525700,5,28.62099266050
0,Idukki,N,Y,N,SS,0,0,0.00000000000,1,N,N,SPL,BUI,1,Slide occured due to the unplanned cutting of slope for the construction of house.,76.98666000000,10.02568000000,2,12.70132064820
0,Idukki,N,Y,N,SS,0,0,0.00000000000,0,N,FMP,SPL,FMP,2,"During heavy rain, water flowing through the road has removed the toe of the slope. The unprotected slope with the weight of the trees in the slope along with heavy rain initiated the slide.",76.98686000000,10.02443000000,4,22.11272811890
0,Idukki,Y,Y,N,SS,0,0,1675.00000000000,0,N,SPL,SPL,SPL,10,The slide occur in the cultivated land.,76.97891890600,10.02249102600,3,18.60467720030
0,Idukki,Y,Y,N,DF,0,0,2064.41000000000,0,N,GMC,GMC,GMC,,The slide occur in the cultivated land.,76.97716916200,10.02437580900,4,20.26991271970
0,Idukki,N,Y,N,SS,20,14,270.26000000000,0,C,GMC,BSL,GMC,,Pettimudi - Koombanpara road blocked.,76.97020794200,10.02216209000,4,22.53901672360
0,Idukki,N,Y,N,SS,11,9,101.63000000000,0,C,FMP,FMP,FMP,2,Korangatti - Thalamali road blocked.,76.95384203100,10.02375984300,5,28.72558403020
0,Idukki,N,Y,N,SS,10,9,86.07000000000,0,C,FMP,FMP,FMP,2,Adimali - Munnar highway blocked.,76.97996545600,10.01142632600,3,19.04591369630
0,Idukki,N,Y,N,DF,29,12,351.70000000000,3,C,FMP,FMP,FMP,1,Adimali - Munnar highway blocked.,77.00006000000,10.01743000000,2,11.91174602510
0,Idukki,N,Y,N,SS,0,0,0.00000000000,1,C,FMP,FMP,FMP,2,Adimali - Munnar highway blocked.,76.99765000000,10.01724000000,4,21.95702552800
0,Idukki,N,Y,N,SS,0,0,0.00000000000,2,N,SPL,SPL,SPL,1,,76.99491000000,10.01781000000,5,29.17044258120
0,Idukki,N,Y,N,SS,0,0,0.00000000000,1,N,FMP,FMP,FMP,1,,76.99555000000,10.01805000000,5,29.53544998170
0,Idukki,Y,Y,N,DF,0,0,2775.00000000000,1,N,FMP,FMP,FMP,,,76.98399301500,10.01803004300,5,28.10613632200
0,Idukki,N,Y,N,DF,28,9,250.45000000000,1,N,SPL,BSL,SPL,,Flow occur along the natural course of nala.,76.98245121500,10.01631562800,3,18.62011909480
0,Idukki,N,Y,N,DF,92,13,1197.30000000000,4,C,GMC,FMP,GMC,,Adimali - Munnar highway blocked.,76.98238000000,10.01312000000,4,24.15004158020
0,Idukki,N,Y,N,SS,8,15,111.24000000000,1,N,FMP,FMP,FMP,1,House constructed by cut and fill method.,76.98062131100,10.01236734300,7,35.67836761470
0,Idukki,N,Y,N,DF,25,10,258.53000000000,1,C,N,BUI,BUI,1/2,Road blocked.,76.98062000000,10.01219000000,3,18.72774696350
0,Idukki,N,Y,N,SS,0,0,0.00000000000,0,N,FMP,FMP,FMP,,,77.00983000000,10.01815000000,1,9.73079204559
0,Idukki,N,Y,N,SS,11,7,80.09000000000,0,C,SPL,SPL,SPL,2,Adimali - Munnar highway blocked.,76.99439953200,10.01773129500,6,31.92614746090
0,Idukki,N,Y,N,SS,25,34,853.59000000000,0,C,GMC,GMC,GMC,2,Adimali - Munnar highway blocked.,76.98476555400,10.01574101200,3,16.75001907350
0,Idukki,N,Y,N,SS,89,17,1543.04000000000,0,C,FMP,FMP,FMP,2,Adimali - Munnar highway blocked.,76.98234273200,10.01236398000,6,30.90089797970
0,Idukki,N,Y,N,SS,0,0,0.00000000000,1,C,SPL,FMP,SPL,2,Koompanpara - Mankadavu road blocked.,76.99277000000,10.00028000000,1,3.66801404953
0,Idukki,N,Y,N,SS,78,13,1021.68000000000,0,C,FMP,FMP,FMP,,Anaviratty - Mankadavu road blocked.,77.00789000000,10.00077000000,6,32.12024307250
0,Idukki,Y,Y,N,SS,0,0,912.55000000000,0,N,FMP,FMP,FMP,,The slide occur in the cultivated land.,77.00944000000,10.00053000000,5,27.58049011230
0,Idukki,N,Y,N,SS,83,70,5814.84000000000,0,C,FMP,FMP,FMP,5,The Anaviratty-Mankadavu road damaged for about 50 m.,77.01181595800,10.00190255600,4,24.92321777340
0,Idukki,N,Y,N,DF,207,8,1697.89000000000,1,D,BSL,GMC,BSL,4,The Adimali - Idukki road blocked.,76.99833110000,9.97995450800,4,21.55656051640
0,Idukki,N,Y,N,SS,29,15,449.59000000000,0,C,FMP,FMP,FMP,,The Adimali - Idukki road blocked.,77.00002956500,9.97993897300,7,35.46141433720
0,Idukki,N,Y,N,DF,148,11,1676.40000000000,1,C,FMP,FMP,FMP,,One cattle shed completely damaged.,76.99962441100,9.98063623700,4,23.60318756100
0,Idukki,N,Y,N,SS,0,0,0.00000000000,1,C,FMP,FMP,FMP,,The Adimali - Idukki road blocked.,76.99876000000,9.98140000000,5,26.88830757140
0,Idukki,N,Y,N,SS,81,26,2098.68000000000,1,D,SPL,SPL,SPL,1,They had reconstructed the shop.,76.99798261900,9.98374058700,4,24.50800895690
0,Idukki,Y,Y,N,SS,0,0,8700.00000000000,0,D,SPL,BSL,SPL,,The half of the road washed away.,76.99498012900,9.99099426900,1,6.59652709961
0,Idukki,Y,Y,N,SS,0,0,2325.00000000000,2,C,FMP,FMP,FMP,,Naikkunnu - 200 acre road blocked.,76.99136304500,9.99353025600,6,34.18955612180
0,Idukki,Y,Y,N,SS,0,0,3150.00000000000,2,D,FMP,SPL,FMP,2,The Adimali - Idukki road damaged.,76.99191872280,9.98205720962,3,15.39247894290
0,Idukki,Y,Y,N,SS,0,0,8672.17000000000,1,C,SPL,FMP,SPL,,The construction of RC wall has started.,77.00830515300,10.01161099600,3,15.50601863860
0,Idukki,Y,Y,N,SS,0,0,2855.70000000000,0,C,FMP,FMP,FMP,,Only agricultural loss.,77.00893028300,10.01116864600,8,41.85580062870
0,Idukki,N,Y,N,SS,12,8,89.43000000000,2,N,GMC,FMP,GMC,1,The house was totally damaged.,77.01365029900,9.99390444600,6,30.11316680910
0,Idukki,N,Y,N,SS,16,13,204.85000000000,1,N,BSL,FMP,BSL,1,Another slope failure occur adjacent to the slide in which oen house partially damaged.,77.01266112200,9.99212262900,4,24.29986953740
0,Idukki,Y,Y,N,SS,0,0,23423.70000000000,2,N,SPL,BSL,SPL,,"Two electric posts damaged, electricity interrupted.",77.00534709600,9.98329139700,2,10.52644443510
0,Idukki,Y,Y,N,SS,0,0,5221.84000000000,2,C,FMP,GMC,FMP,,The houses has developed cracks in its wall.,77.02662339900,9.99993926100,4,24.78427505490
0,Idukki,Y,Y,N,DF,0,0,13782.11000000000,2,N,FMP,FMP,FMP,1,The houses were totally damaged.,77.02401857100,9.98785793600,4,23.36403083800
0,Idukki,N,Y,N,SS,56,9,297.43000000000,1,C,SPL,FMP,SPL,2,Cracks has developed all over the walls of the house.,77.02495740200,9.99617926100,5,29.20993804930
0,Idukki,N,Y,N,SS,60,20,1209.47000000000,0,C,FMP,FMP,FMP,,Selliampara - Kuthupara road blocked.,77.02444614400,9.99608877300,5,25.64964294430
0,Idukki,N,Y,N,SS,27,13,357.78000000000,0,C,FMP,FMP,FMP,2,Adimali - Idukki road blocked.,77.00799640300,9.98612889200,6,33.45500183110
0,Idukki,N,Y,N,SS,125,20,2447.22000000000,0,C,FMP,FMP,FMP,,Adimali - Idukki road blocked.,77.00717244500,9.98633880700,5,27.21357345580
0,Idukki,N,Y,N,SS,0,0,0.00000000000,1,C,FMP,FMP,FMP,,South Kathipara - 1000 acre road blocked.,76.98833000000,9.98167000000,5,26.97437095640
0,Idukki,N,Y,N,SS,0,0,0.00000000000,0,C,FMP,FMP,FMP,1,South Kathipara - 1000 acre road blocked.,76.98889000000,9.98194000000,3,19.22464561460
0,Idukki,Y,Y,N,SS,0,0,1775.00000000000,1,C,FMP,SPL,FMP,,South Kathipara road blocked.,76.98607727100,9.97921407700,4,20.78303909300
0,Idukki,N,Y,N,SS,17,7,126.47000000000,1,N,SPL,SPL,SPL,1,New house can be constructed in the location.,76.98611000000,9.97944000000,4,20.62441062930
0,Idukki,N,Y,N,SS,45,17,745.62000000000,1,C,FMP,FMP,FMP,,Kallarkutty - Ozhukkacity road blocked.,76.99628887600,9.97534368800,5,26.31523895260
0,Idukki,N,Y,N,SS,0,0,0.00000000000,1,C,FMP,FCP,FMP,1,The house was totally damaged.,76.99805000000,9.97717000000,5,26.71940040590
0,Idukki,N,Y,N,SS,0,0,0.00000000000,0,N,FMP,FMP,FMP,2,The slided material accumulated above the tunnel anchor which prevents further damage to the penstock and valve house.,76.98075660300,9.95650395200,4,21.09976959230
0,Idukki,N,Y,N,SS,0,0,0.00000000000,0,N,FMP,FMP,FMP,2,The slide occurs besides the approach road towards Panamkutty KSEB valve house.,76.98066927400,9.95636639000,3,19.67654418950
0,Idukki,N,Y,N,SS,0,0,0.00000000000,1,N,SPL,FMP,SPL,,One panchayat well to supply water to the houses nearby was completely destroyed. The water table here is shallow and issuance of springs during rainy season is common here.,76.98406000000,9.96688000000,3,16.39553451540
0,Idukki,N,Y,N,SS,13,23,285.42000000000,0,C,SPL,FMP,SPL,2,South Kathipara road blocked.,76.98382005300,9.96937460800,4,22.20824432370
0,Idukki,Y,Y,N,DF,0,0,3112.00000000000,0,C,SPL,SPL,SPL,,Selliampara - Kuthupara road blocked.,77.03086618100,9.99780875400,6,30.51415252690
0,Idukki,Y,Y,N,SS,0,0,896.78000000000,0,C,FMP,FMP,FMP,1,Selliampara - Kuthupara road blocked.,77.03320960600,9.99529424400,7,35.09323501590
0,Idukki,N,Y,N,SS,0,0,0.00000000000,0,C,FMP,FMP,FMP,,Agricultural loss,77.04713000000,9.98482000000,4,22.52313804630
0,Idukki,N,Y,N,SS,30,12,368.87000000000,1,D,FMP,FMP,FMP,2,Kuthupara - Elkunnu road along with retaining wall partly damaged.,77.04190699400,9.98802862500,6,30.84262657170
0,Idukki,N,Y,N,SS,109,11,1171.73000000000,0,D,GMC,FMP,GMC,1,Kuthupara - Muthuvankudi road partly damaged.,77.04315334100,9.99560826400,1,6.66206789017
0,Idukki,N,Y,N,SS,25,33,812.05000000000,0,C,SPL,SPL,SPL,2,Kuthupara - Vellathooval road blocked.,77.03270020800,9.98299616300,4,21.35450553890
0,Idukki,N,Y,N,SS,0,0,0.00000000000,1,N,FMP,FMP,FMP,1,The house was totally damaged.,77.03411353900,9.97968867200,5,26.76064491270
0,Idukki,N,Y,N,SS,96,11,1027.84000000000,2,C,FMP,FMP,FMP,,The Vellathooval - Adimali road blocked.,77.02119757000,9.97608638300,4,22.68708801270
0,Idukki,N,Y,N,SS,19,35,664.00000000000,1,N,FMP,SPL,FMP,1,,77.02295000000,10.02451000000,3,15.42502117160
0,Idukki,N,Y,N,DF,24,19,456.00000000000,3,C,N,BUI,BUI,1,Anachal- Iruttukkanam road blocked,77.03198509100,10.02914384800,3,19.18264198300
0,Idukki,N,Y,N,SS,17,12,204.00000000000,1,C,N,BUI,BUI,1,,77.03491000000,10.03057000000,2,13.92532348630
0,Idukki,N,Y,N,DF,84,8,672.00000000000,2,N,FMP,SPL,FMP,,,77.03447000000,10.03079000000,4,22.16157531740
0,Idukki,N,Y,N,SS,101,50,5050.00000000000,2,C,N,SPL,BUI,1,Ambazhachal-Manjapara road washed away and Ambazhachal-Punthurapadi road got blocked,77.01680761000,10.01813807700,3,17.50220108030
0,Idukki,N,Y,N,SS,99,7,693.00000000000,2,N,N,SPL,BUI,1,,77.05220000000,10.01611000000,4,20.99492263790
0,Idukki,N,Y,N,DF,0,0,0.00000000000,2,N,SPL,FMP,BUI,1,,77.06454000000,10.00514000000,5,27.26987457280
0,Idukki,N,Y,N,DF,112,7,784.00000000000,2,N,FMP,SPL,FMP,,,77.06309000000,9.99980000000,5,28.24054718020
0,Idukki,N,Y,N,SS,135,41,5535.00000000000,2,N,N,BUI,BUI,1,,77.06281938200,10.00061610900,3,19.50567817690
0,Idukki,N,Y,N,DF,52,6,312.00000000000,1,N,N,BUI,BUI,,,77.06137000000,9.99479000000,5,28.60054016110
0,Idukki,N,Y,N,SS,41,17,697.00000000000,0,D,FMP,FMP,FMP,2,Ellackkal- Pothuppara road damaged. Plantation washed away,77.06256000000,9.99421000000,3,17.00631713870
0,Idukki,N,Y,N,DF,40,14,460.00000000000,1,N,SPL,SPL,SPL,2/5,,77.06291000000,9.99468000000,5,27.89247512820
0,Idukki,Y,Y,N,DF,0,0,3202.00000000000,1,N,GMC,FMP,GMC,,"Plantation (Rubber, Cardamom, Tapioca, Palm tree) of Chacko Thomas and Lishore Davis washed away",77.07834353300,9.99627132100,3,18.99336624150
0,Idukki,N,Y,N,SS,21,8,168.00000000000,1,N,N,BUI,BUI,1,,77.07682000000,9.99573000000,3,15.87536334990
0,Idukki,N,Y,N,DF,0,0,0.00000000000,5,C,FMP,FMP,FMP,,Kochupu- Josegiri road blocked,77.08117000000,9.99220000000,3,15.61856842040
0,Idukki,N,Y,N,DF,0,0,0.00000000000,1,D,FMP,FMP,FMP,1,Kochupu- Josegiri road damaged.,77.08217000000,10.01392000000,1,9.86643791199
0,Idukki,N,Y,N,DF,0,0,0.00000000000,0,D,GMC,FCP,GMC,,Kochupu- Josegiri road damaged. Plantation of Jose Orapullickal and George Enthottathil washed away,77.08664000000,10.01636000000,3,18.65864944460
0,Idukki,N,Y,N,DF,20,9,180.00000000000,0,N,GMC,GMC,GMC,,"Plantation of Michael, Vadakkeparambu washed away",77.09747000000,10.00358000000,1,4.45251846313
0,Idukki,N,Y,N,DF,0,0,0.00000000000,1,C,FMP,FMP,FMP,,"Plantation of Karunakaran Koonayil, Biju Vazhayil, Sasi Vazhayil, Ravindran Vazhayil, Bhaskaran Veluthedathil washed away. 40 acre- Komalakudy road blocked",77.11954000000,10.00264000000,3,15.97855567930
0,Idukki,N,N,Y,DF,392,15,5880.00000000000,0,N,N,FNO,FNO,,,77.10024242300,10.02659304300,6,34.31831741330
0,Idukki,N,Y,N,SS,53,21,1122.98000000000,1,C,FMP,FMP,FMP,1,Adimali - Munnar highway blocked.,76.99330613700,10.02589327100,3,19.20489501950
0,Idukki,Y,Y,N,SS,0,0,858.15000000000,1,C,N,ROA,ROA,,Adimali - Munnar highway blocked.,76.98680000000,10.02862000000,2,14.30431365970
0,Idukki,N,Y,N,SS,0,0,0.00000000000,0,C,FMP,FMP,FMP,,Adimali - Munnar highway blocked.,76.98991000000,10.02803000000,4,24.85475349430
0,Idukki,N,Y,N,SS,0,0,0.00000000000,0,C,N,ROA,ROA,3,Adimali - Munnar highway blocked.,76.99125000000,10.02728000000,2,12.63593482970
0,Idukki,N,Y,N,SS,0,0,0.00000000000,0,C,N,ROA,ROA,,Adimali - Munnar highway blocked.,76.99210000000,10.02685000000,4,21.71004486080
0,Idukki,N,Y,N,SS,44,25,1108.86000000000,0,C,N,ROA,ROA,,Adimali - Munnar highway blocked.,76.99620000000,10.02459000000,5,27.37161636350
0,Idukki,Y,Y,N,DF,0,0,4195.88000000000,0,N,FMP,FMP,FMP,,Flow occurred in cultivated land.,76.94123504300,10.03680713100,2,13.08586788180
0,Idukki,N,Y,N,SS,0,0,0.00000000000,0,C,N,ROA,ROA,,Road blocked,76.94818000000,10.03529000000,3,17.87842559810
0,Idukki,N,Y,N,SS,11,14,161.20000000000,0,C,SPL,FMP,SPL,2,Road blocked,76.94898082200,10.03342873600,5,29.53931617740
0,Idukki,N,Y,N,SS,0,0,0.00000000000,0,C,N,ROA,ROA,,Road blocked,76.93613000000,10.03363000000,3,15.49309253690
0,Idukki,Y,Y,N,SS,0,0,907.57000000000,0,C,FMP,FMP,FMP,1/2,Road blocked,76.93537273400,10.03257738500,4,21.66604804990
0,Idukki,N,Y,N,SS,0,0,0.00000000000,0,C,FMP,FMP,FMP,2,Road blocked,76.93371000000,10.03203000000,4,23.47097396850
0,Idukki,N,Y,N,SS,0,0,0.00000000000,0,C,FMP,FMP,FMP,2,Road blocked,76.93362000000,10.03173000000,4,22.91533088680
0,Idukki,N,Y,N,SS,0,0,0.00000000000,0,C,FMP,FMP,FMP,2,Road blocked,76.93333000000,10.03117000000,4,20.19846153260
0,Idukki,N,Y,N,DF,0,0,0.00000000000,0,N,FMP,SPL,FMP,,Flow occurred in cultivated land.,76.93380000000,10.03056000000,6,31.72409439090
0,Idukki,N,Y,N,SS,0,0,0.00000000000,1,N,FMP,FMP,FMP,1,"Two deaths: Mohanan and Shobha, Kurumbanackal, Korangatti",76.94253000000,10.03225000000,1,4.36542463303
0,Idukki,N,Y,N,SS,10,8,79.15000000000,1,N,SPL,BUI,BUI,1,"The slided material hit the back of the house, cracks were found developed in the house.",76.94270000000,10.03228000000,1,9.11981773376
0,Idukki,N,N,Y,SS,65,17,1105.00000000000,0,N,FMP,FMP,FMP,,,76.81514776800,10.01213351900,6,31.85458946230
0,Idukki,Y,N,N,DF,326,12,3912.00000000000,0,N,FMP,FMP,FMP,,,76.81563067100,10.01290802200,4,23.05608177190
0,Idukki,N,Y,N,SS,22,7,152.46000000000,0,C,FMP,FMP,FMP,2,Road blocked,76.93374000000,10.02858000000,3,18.51167869570
0,Idukki,N,N,Y,SS,28,4,112.00000000000,0,N,N,BRG,ROA,2,,77.12864905300,10.02768922100,5,29.39951515200
0,Idukki,N,N,Y,SS,27,5,135.00000000000,0,N,N,BRG,GNA,,,77.12848891300,10.02761531500,6,32.79957580570
0,Idukki,N,N,Y,SS,41,21,861.00000000000,0,N,SPL,GNA,SPL,,,76.96618482700,10.02316906500,6,32.58766937260
0,Idukki,Y,Y,N,DF,0,0,1108.90000000000,0,N,N,GNA,GNA,,The slide occur in the cultivated land.,76.96108018500,10.02303961900,7,35.05272674560
0,Idukki,Y,N,N,SS,60,14,840.00000000000,0,N,N,FNO,FNO,,,76.93651791400,9.97781987300,4,24.08719825740
0,Idukki,N,N,Y,SS,79,15,1185.00000000000,0,N,N,FDN,FDN,,,76.94570334400,9.96855076400,5,26.03694915770
0,Idukki,N,N,Y,SS,65,15,975.00000000000,0,N,N,FDN,FDN,,,76.94606925000,9.96926818200,3,16.65560722350
0,Idukki,Y,N,N,SS,31,14,434.00000000000,0,N,N,FDN,FDN,,,76.95723612700,9.96445161500,4,22.93855476380
0,Idukki,Y,N,N,RF,310,18,5580.00000000000,0,N,N,FNO,FNO,,,76.97766362600,9.98568795800,7,37.82670974730
0,Idukki,Y,N,N,RF,0,0,1125.00000000000,0,N,N,FDN,FDN,,,76.91508403300,9.98770794700,3,19.23204612730
0,Idukki,N,N,Y,RF,106,14,1484.00000000000,0,N,N,FDN,FDN,,,76.91564973400,9.98791281000,5,27.93230438230
0,Idukki,N,N,Y,RF,46,16,736.00000000000,0,N,N,BRG,BRG,10,,76.91743468000,9.98773449200,5,27.57032775880
0,Idukki,Y,N,N,RF,0,0,1125.00000000000,0,N,N,FDN,FDN,,,76.91498732400,9.98738493300,6,32.40011978150
0,Idukki,N,N,Y,RF,63,13,819.00000000000,0,N,N,BRG,BRG,10,,76.91664881400,9.98869409900,6,34.52148818970
0,Idukki,N,N,Y,RF,51,5,255.00000000000,0,N,N,BRG,BRG,10,,76.92011402000,9.98706005600,4,22.40154266360
0,Idukki,Y,N,N,DF,514,18,9252.00000000000,0,N,N,FNO,FNO,,,76.90857985400,9.99383934500,8,40.78560256960
0,Idukki,Y,N,N,DF,0,0,875.00000000000,0,N,N,FNO,FNO,,,76.96715891000,9.97835154700,1,6.16175174713
0,Idukki,N,Y,N,SS,0,0,0.00000000000,1,N,N,FMP,BUI,1,The house was constructed by cut and fill method.,76.95904870300,10.00149075100,2,14.01300334930
0,Idukki,Y,Y,N,SS,0,0,465.92000000000,0,N,FMP,FMP,FMP,,The slide occur in the cultivated land.,76.94493000000,9.99770000000,2,14.97855377200
0,Idukki,Y,Y,N,SS,0,0,453.94000000000,0,N,FMP,FMP,FMP,,The slide occur in the cultivated land.,76.94605000000,9.99701000000,2,12.77037715910
0,Idukki,Y,Y,N,SS,0,0,455.52000000000,0,C,FMP,FMP,FMP,,The slide occur in the cultivated land.,76.94267000000,9.99893000000,2,10.91999721530
0,Idukki,N,Y,N,SS,0,0,0.00000000000,1,N,FMP,FMP,FMP,1,The slide occur in the cultivated land.,76.93500000000,10.00816000000,4,22.95981216430
0,Idukki,N,Y,N,SS,0,0,0.00000000000,0,D,FMP,FMP,FMP,2,The slide occur in the cultivated land.,76.93453000000,10.00798000000,3,17.10979652400
0,Idukki,N,Y,N,SS,0,0,0.00000000000,2,N,N,BUI,BUI,1,The houses were constructed by cut and fill method.,76.93279000000,10.00848000000,2,11.84584617610
0,Idukki,N,Y,N,DF,40,12,494.09000000000,2,N,SPL,GMC,SPL,,,76.92505153000,10.00725294200,3,15.26147937770
0,Idukki,Y,Y,N,SS,326,11,3586.00000000000,0,N,FMP,FMP,FMP,,The flow occur in the cultivated land.,76.98350301200,9.98207467800,5,28.71068382260
0,Idukki,Y,N,N,RF,0,0,2250.00000000000,0,N,FMP,FMP,FMP,,,76.85338671400,10.00874685400,1,9.33396625519
0,Idukki,Y,N,N,DF,45,14,630.00000000000,0,D,N,GNA,GNA,,,76.96171537100,10.01985080100,3,16.21012496950
0,Idukki,N,Y,N,DF,0,0,0.00000000000,0,N,FMP,FMP,FMP,,The slide occur in the cultivated land.,76.97631000000,10.02032000000,3,18.51427078250
0,Idukki,N,Y,N,SS,0,0,0.00000000000,0,N,FMP,FMP,FMP,,The slide occur in the cultivated land.,76.97403000000,10.02155000000,5,26.09902572630
0,Idukki,N,N,Y,RF,225,8,1800.00000000000,0,N,N,BRG,BRG,,,76.98893163300,10.01951748500,8,43.71065139770
0,Idukki,N,Y,N,DF,21,7,150.77000000000,0,N,FMP,FCP,FMP,,The bed rock is exposed after the incidence.,76.98961962500,10.02107170200,5,29.62673759460
0,Idukki,Y,N,N,DF,0,0,3235.00000000000,0,N,N,BSG,BSG,,,76.97814120000,10.01772811300,6,31.38750839230
0,Idukki,Y,N,N,SS,168,17,2856.00000000000,1,N,FMP,FMP,FMP,10,,77.17721488500,10.01585551200,5,28.91942787170
0,Idukki,Y,N,N,SS,129,14,1806.00000000000,0,D,SPL,FMP,SPL,,,76.81886833700,9.99623069000,2,10.27724838260
0,Idukki,N,Y,N,SS,17,8,87.92000000000,1,N,RUB,RUB,RUB,1,House partly damaged. Unplanned cutting of slope for construction of house.,76.81222000000,10.00493000000,3,19.90684127810
0,Idukki,N,Y,N,SS,40,16,624.79000000000,1,N,RUB,RUB,RUB,1,The house completely destroyed,76.81242438400,10.00453777100,3,18.42068290710
0,Idukki,Y,Y,N,SS,0,0,13475.00000000000,0,C,RUB,RUB,RUB,,Road blocked,76.83302229200,10.00364980300,5,26.37626838680
0,Idukki,N,Y,N,SS,0,0,0.00000000000,1,N,FCP,FCP,FCP,1,Unplanned cutting of slope for construction of house. Chances of retrogression is there.,76.83065000000,10.00312000000,3,16.79404830930
0,Idukki,N,Y,N,SS,0,0,0.00000000000,0,D,FMP,FMP,FMP,,Road blocked,76.83285000000,9.99866000000,5,25.64964294430
0,Idukki,Y,N,N,SS,68,29,1972.00000000000,1,N,SPL,FCP,SPL,10,,77.22773426700,10.00586764600,4,24.77221298220
0,Idukki,Y,Y,N,DF,124,10,1240.00000000000,0,C,GMC,GMC,GMC,,Road blocked,76.82466162400,10.01198052400,8,41.07147598270
0,Idukki,Y,Y,N,DF,0,0,2074.97000000000,0,C,FMP,FMP,FMP,,Road blocked,76.82364495700,10.01212642700,5,29.39041137700
0,Idukki,N,N,Y,SS,79,12,948.00000000000,0,N,FMP,FMP,FMP,,,76.81932841700,10.01063422400,5,26.68724823000
0,Idukki,Y,Y,N,DF,0,0,7625.00000000000,0,N,FMP,FMP,FMP,,Flow occurred in cultivated land.,76.81674802700,10.01146774500,8,40.42287826540
0,Idukki,Y,N,N,DF,307,29,8903.00000000000,0,N,GMC,FMP,GMC,10,,76.82067056200,10.01226292900,6,33.34483718870
0,Idukki,Y,Y,N,SS,0,0,2182.19000000000,2,N,SPL,RUB,SPL,,The houses were completely destroyed.,76.79781494700,9.99917380100,6,30.33945655820
0,Idukki,Y,N,N,SS,0,0,1500.00000000000,0,D,FMP,FMP,FMP,,,76.88249293900,9.80438625700,4,24.40780258180
0,Idukki,Y,N,N,SS,0,0,4575.00000000000,0,N,N,FDN,FDN,,,76.85920904800,9.95119338800,4,24.51852035520
0,Idukki,Y,N,N,SS,0,0,22400.00000000000,0,N,N,FDN,FDN,,,76.88647535200,9.91702817900,6,31.21369552610
0,Idukki,Y,N,N,SS,44,18,792.00000000000,0,N,RUB,RUB,RUB,,,76.82643721000,9.99649745000,2,12.46244812010
0,Idukki,Y,N,N,SS,329,12,3948.00000000000,0,N,N,FDN,FDN,,,76.90134836800,9.87287884800,6,32.50493621830
0,Idukki,Y,N,N,SS,195,19,3705.00000000000,0,N,N,FDN,FNO,,,76.89871080800,9.87780139600,5,26.23350906370
0,Idukki,N,N,Y,SS,54,13,702.00000000000,0,N,N,FDN,FDN,,,76.89672608100,9.86877145800,4,23.87895584110
0,Idukki,Y,N,N,SS,0,0,20625.00000000000,0,N,N,FDN,FDN,,,76.90528608500,9.87086903500,7,36.75873947140
0,Idukki,Y,N,N,SS,0,0,8950.00000000000,0,N,RUB,FDN,FDN,,,76.89008462600,9.87440513600,5,27.61673545840
0,Idukki,N,N,Y,SS,38,18,684.00000000000,0,N,N,FDN,FDN,,,76.89923043000,9.88118044100,7,38.61030197140
0,Idukki,N,N,Y,SS,186,20,3720.00000000000,0,N,FCP,FCP,FCP,,,76.87228775900,9.86771387000,7,38.98216629030
0,Idukki,Y,N,N,SS,32,13,416.00000000000,0,N,N,FDN,FDN,,,76.87966535900,9.89944167700,6,31.55266571040
0,Idukki,Y,N,N,SS,137,8,1096.00000000000,0,N,N,FDN,FDN,,,76.91088128100,9.81643106600,4,22.00841522220
0,Idukki,Y,N,N,SS,16,13,208.00000000000,0,N,N,BSO,BSO,2/4,,76.92106839300,9.82643457700,3,18.76853752140
0,Idukki,Y,N,N,SS,0,0,6000.00000000000,0,D,N,FDN,FDN,3,,76.91875669400,9.82633163500,4,21.94054412840
0,Idukki,N,N,Y,SS,82,12,984.00000000000,0,N,N,BSF,FNO,,,76.92394974500,9.82806745600,2,10.49123954770
0,Idukki,Y,N,N,SS,13,12,156.00000000000,0,C,N,GNA,GNA,,,76.92100690200,9.82663553500,3,16.50076675420
0,Idukki,Y,N,N,SS,16,14,224.00000000000,0,D,N,FDN,FDN,,,76.92100612000,9.82782493500,6,30.95778274540
0,Idukki,Y,N,N,SS,13,13,169.00000000000,0,C,N,SNA,SNA,10,,76.92122038500,9.82722084600,3,19.65020179750
0,Idukki,Y,N,N,SS,34,9,306.00000000000,0,N,N,FDN,FDN,,,76.90857815400,9.84166060800,3,18.09622001650
0,Idukki,Y,N,N,SS,9,10,90.00000000000,0,N,N,BSO,BSO,2,,76.92114047200,9.82655131800,3,16.50076675420
0,Idukki,Y,N,N,SS,75,22,1650.00000000000,0,N,N,FNO,FDN,4,,76.89634954900,9.85327546000,5,28.82279014590
0,Idukki,Y,N,N,SS,22,11,242.00000000000,0,D,N,FDN,FDN,,,76.92126935400,9.82789712500,3,17.72585868840
0,Idukki,Y,N,N,SS,219,35,7665.00000000000,0,N,N,FNO,FNO,,,76.90227448200,9.85183078800,3,19.26161003110
0,Idukki,Y,N,N,SS,39,14,546.00000000000,0,N,N,FNO,FDN,4,,76.89653432700,9.85320183600,5,26.74690818790
0,Idukki,N,N,Y,SS,27,9,243.00000000000,0,N,N,FDN,FDN,,,76.93568468900,9.84414981800,3,16.23153305050
0,Idukki,N,N,Y,SS,150,59,8850.00000000000,0,N,N,FDN,FDN,,,76.90081118600,9.85629189100,3,16.12722587590
0,Idukki,Y,N,N,SS,51,20,1020.00000000000,0,N,N,FDN,FDN,,,76.90229861300,9.82856953800,5,28.53355026250
0,Idukki,Y,N,N,SS,24,13,312.00000000000,0,N,FMP,SPL,FMP,,,76.88111003200,9.85746552100,6,31.96514892580
0,Idukki,Y,N,N,SS,37,10,370.00000000000,0,N,FMP,SPL,FMP,,,76.88104933700,9.85773610000,6,32.05948638920
0,Idukki,Y,N,N,SS,73,13,949.00000000000,0,N,N,BSG,BSG,,,76.90506179800,9.85210172600,7,35.89069747920
0,Idukki,N,N,Y,SS,27,12,324.00000000000,0,N,N,FNO,FNO,10,,76.89022730400,9.84894359000,4,20.48904991150
0,Idukki,N,N,Y,SS,41,8,328.00000000000,0,N,N,FNO,FNO,,,76.89052684600,9.84906903500,4,20.12202453610
0,Idukki,Y,N,N,SS,0,0,975.00000000000,0,N,N,FDN,FDN,,,76.91929456900,9.85352151200,4,22.20824432370
0,Idukki,Y,N,N,SS,60,15,900.00000000000,0,N,N,FDN,FDN,,,76.92753135600,9.87146223900,4,24.71694946290
0,Idukki,Y,N,N,SS,52,26,1352.00000000000,0,N,N,FNO,FNO,,,76.91074022400,9.84044228600,5,28.12299728390
0,Idukki,N,N,Y,SS,86,26,2236.00000000000,0,N,N,FDN,FDN,,,76.92110071700,9.86712483600,3,16.84085655210
0,Idukki,Y,N,N,SS,64,10,640.00000000000,0,N,N,FDN,FDN,,,76.92643107400,9.84902161300,4,20.82077598570
0,Idukki,N,N,Y,SS,37,23,851.00000000000,0,N,N,FNO,FNO,,,76.92160341400,9.85789582800,3,16.00034141540
0,Idukki,N,N,Y,SS,102,16,1632.00000000000,0,N,N,FDN,FDN,,,76.91651963300,9.86015883800,4,21.30733299260
0,Idukki,N,N,Y,SS,170,31,5270.00000000000,0,N,N,FDN,FNO,10,,76.92192507900,9.86311776100,6,30.89021110530
0,Idukki,N,N,Y,SS,56,13,728.00000000000,0,N,N,SNA,SNA,,,76.93237953100,9.86650205800,2,10.54149341580
0,Idukki,Y,N,N,SS,89,13,1157.00000000000,0,N,N,FDN,FDN,,,76.91605063900,9.87207050500,2,12.77037715910
0,Idukki,N,N,Y,SS,26,7,182.00000000000,0,N,N,FDN,FDN,,,76.91629431000,9.87517646400,4,22.71064949040
0,Idukki,N,N,Y,SS,24,12,288.00000000000,0,N,N,FDN,FDN,,,76.91822613000,9.88185998900,6,32.23889541630
0,Idukki,Y,N,N,SS,71,31,2201.00000000000,0,N,N,FDN,FDN,,,76.91681684400,9.88358920100,3,18.19725227360
0,Idukki,N,N,Y,SS,50,10,500.00000000000,0,C,BSL,FCP,BSL,,,76.85232498200,9.98297256400,7,39.63621521000
0,Idukki,N,N,Y,SS,27,5,135.00000000000,0,C,BSL,FCP,BSL,,,76.85189318000,9.98294371800,7,38.14756774900
0,Idukki,N,N,Y,SS,39,9,351.00000000000,0,C,BSL,FCP,BSL,,,76.85318392200,9.98256753400,6,30.79609870910
0,Idukki,N,N,Y,SS,46,7,322.00000000000,0,C,FMP,FMP,FMP,,,76.85393365300,9.98256479600,5,28.36003494260
0,Idukki,N,N,Y,SS,81,10,810.00000000000,0,C,FCP,FCP,FCP,,,76.85261205900,9.98306712900,7,35.75004577640
0,Idukki,Y,N,N,SS,0,0,1025.00000000000,0,N,N,FDN,FDN,,,76.93587456200,9.87798190800,5,29.97061729430
0,Idukki,Y,N,N,SS,0,0,1775.00000000000,0,N,N,FDN,FDN,,,76.93540807600,9.87900562500,4,23.64208412170
0,Idukki,Y,N,N,SS,0,0,1964.14000000000,0,N,N,FDN,FDN,,,76.93630485000,9.87304554100,2,10.52644443510
0,Idukki,N,N,Y,SS,62,6,372.00000000000,0,C,FMP,FCP,FMP,,,76.83782980200,9.97593661000,4,24.56923103330
0,Idukki,N,N,Y,SS,50,10,500.00000000000,0,N,N,FDN,FNO,,,76.88870282400,9.86932518300,5,29.12688827510
0,Idukki,Y,N,N,SS,75,11,825.00000000000,0,N,N,FDN,FNO,,,76.88780989700,9.86859869600,7,38.40083694460
0,Idukki,Y,N,N,DF,0,0,1357.74000000000,0,N,N,FDN,FNO,,,76.89934343300,9.88452280600,6,30.86048698430
0,Idukki,N,N,Y,RF,14,8,112.00000000000,0,N,N,FDN,FDN,,,76.91548229300,9.82435361900,5,28.09629249570
0,Idukki,Y,N,N,RF,0,0,575.16000000000,0,N,N,FNO,BRS,,,76.89656054100,9.88645013700,7,39.10203933720
0,Idukki,Y,N,N,RF,0,0,2072.56000000000,0,N,N,BRG,BRS,,,76.89404989600,9.88775098400,7,38.71912765500
0,Idukki,Y,N,N,RF,0,0,809.60000000000,0,N,N,BSG,SNA,,,76.89975980800,9.82207390300,3,17.91901206970
0,Idukki,N,N,Y,RF,15,8,120.00000000000,0,N,N,FDN,FDN,,,76.89894783100,9.82350173300,5,25.18076515200
0,Idukki,Y,N,N,RF,0,0,1700.00000000000,0,N,N,FDN,FNO,,,76.90378367000,9.87589676000,6,31.32167625430
0,Idukki,N,N,Y,RF,105,17,1785.00000000000,0,N,N,FNO,FNO,,,76.89437969300,9.88695001600,5,25.17740440370
0,Idukki,Y,N,N,RF,192,13,2496.00000000000,0,N,FMP,FMP,FMP,4,,76.87155076100,9.86812766400,7,36.88511276250
0,Idukki,Y,N,N,RF,0,0,4865.10000000000,0,C,FCP,FCP,FCP,,,76.83258012000,9.98211421900,8,42.65691757200
0,Idukki,Y,N,N,DF,0,0,375.00000000000,0,N,N,FDN,FDN,,,76.90570224100,9.84142563700,5,29.94296646120
0,Idukki,Y,N,N,DF,150,14,2100.00000000000,0,N,N,SNA,FDN,,,76.89799610700,9.81819436500,3,19.80044746400
0,Idukki,Y,N,N,DF,225,13,2925.00000000000,0,N,N,FDN,FDN,,,76.89860874200,9.81370922600,6,30.29395294190
0,Idukki,Y,N,N,DF,544,23,12512.00000000000,0,N,N,FNO,FNO,,,76.89270366200,9.88825166600,2,14.55058574680
0,Idukki,Y,N,N,DF,290,21,6090.00000000000,0,N,N,FDN,GNA,7,,76.89678831700,9.88101402500,5,27.90955543520
0,Idukki,Y,N,N,DF,197,9,1773.00000000000,0,N,N,FDN,FDN,,,76.89611979800,9.88125913800,5,26.44640541080
0,Idukki,Y,N,N,DF,136,12,1632.00000000000,0,N,N,FDN,FDN,,,76.89808947500,9.88142724300,8,40.09973526000
0,Idukki,Y,N,N,DF,385,39,15015.00000000000,0,N,SPL,GMC,SPL,,,76.88851216900,9.85306365800,5,29.63186645510
0,Idukki,Y,N,N,DF,297,14,4158.00000000000,0,N,N,FDN,FDN,,,76.90077452100,9.87285288300,6,32.76462554930
0,Idukki,Y,N,N,DF,302,20,6040.00000000000,0,N,N,FNO,FNO,,,76.89620199300,9.87189319100,4,20.01716041560
0,Idukki,Y,N,N,DF,387,16,6192.00000000000,0,N,FMP,FMP,FMP,,,76.88830808900,9.93206021000,4,23.65502738950
0,Idukki,Y,N,N,DF,90,12,1080.00000000000,0,D,N,FDN,FDN,,,76.90175713600,9.87321811400,4,22.17173385620
0,Idukki,N,N,Y,DF,171,8,1368.00000000000,0,N,N,SNA,FNO,,,76.89971550000,9.87209736300,7,38.97567749020
0,Idukki,Y,N,N,DF,337,22,7414.00000000000,0,N,N,FDN,FDN,,,76.88902328500,9.88744477400,4,22.48337554930
0,Idukki,Y,N,N,DF,201,16,3216.00000000000,0,N,N,FNO,FNO,,,76.93411813700,9.84130568000,3,19.70761680600
0,Idukki,Y,N,N,DF,53,13,689.00000000000,0,N,N,FDN,FDN,,,76.92801611200,9.87446544000,2,11.18177509310
0,Idukki,Y,N,N,DF,103,9,927.00000000000,0,N,N,FDN,FDN,,,76.92528763900,9.82394893300,1,7.10333538055
0,Idukki,Y,N,N,DF,269,20,5380.00000000000,0,N,N,FDN,FDN,,,76.90539293400,9.84191923600,5,28.64958381650
0,Idukki,Y,N,N,DF,238,24,5712.00000000000,0,N,N,FDN,FDN,,,76.91705523900,9.82219420000,4,24.21620941160
0,Idukki,Y,N,N,DF,261,25,6525.00000000000,0,D,N,FDN,FDN,2,,76.91571967500,9.82327274500,7,38.35515594480
0,Idukki,Y,N,N,DF,347,60,20820.00000000000,0,N,N,FDN,FDN,,,76.90516789900,9.84735920600,3,16.75883674620
0,Idukki,N,N,Y,DF,122,12,1464.00000000000,0,N,N,FDN,FDN,,,76.89890943300,9.85658348200,3,19.61420249940
0,Idukki,N,N,Y,DF,11,4,44.00000000000,0,N,FCP,SPL,FCP,,,76.85274158600,9.98299955300,6,32.24436950680
0,Idukki,N,N,Y,DF,148,15,2220.00000000000,0,N,N,FNO,FNO,,,76.92301610100,9.85754827600,5,26.44640541080
0,Idukki,Y,N,N,DF,104,13,1352.00000000000,0,N,N,FDN,FDN,,,76.91730848600,9.88318624000,5,28.96886825560
0,Idukki,N,N,Y,DF,44,7,308.00000000000,0,C,BSL,FCP,BSL,,,76.85239396300,9.98291871300,7,35.75004577640
0,Idukki,Y,N,N,DF,0,0,4575.00000000000,0,N,N,FDN,FDN,,,76.93845251100,9.84563700200,3,18.97329902650
0,Idukki,Y,N,N,DF,127,10,1270.00000000000,0,N,GMC,SPL,GMC,,,76.84184553900,9.98009757500,6,32.90504074100
0,Idukki,Y,N,N,DF,217,10,2170.00000000000,0,N,BSL,SPL,BSL,,,76.84214863900,9.98020840800,6,32.45855331420
0,Idukki,Y,N,N,DF,316,24,7584.00000000000,0,N,FMP,FMP,FMP,,,76.83668187100,10.00124759200,3,17.79962539670
0,Idukki,Y,N,N,DF,453,13,5889.00000000000,0,C,FMP,FMP,FMP,,,76.88223945000,9.86684367100,7,36.34547805790
0,Idukki,N,Y,N,SS,14,13,185.99000000000,0,C,FMP,FMP,FMP,2,Road blocked,76.85899921700,9.97061717000,3,15.90358734130
0,Idukki,Y,Y,N,SS,16,17,272.00000000000,0,C,N,FMP,CSV,2/10,Road blocked,76.87646507800,9.81319137900,4,24.03674507140
0,Idukki,Y,Y,N,DF,0,0,11450.00000000000,1,C,FMP,BSL,FMP,,Road blocked,76.87752428400,9.81378637600,9,47.19391632080
0,Idukki,Y,Y,N,SS,0,0,19065.06000000000,0,D,FMP,BSL,FMP,4,Road towards Kozhipally tribal village damaged,76.87635222500,9.81527458500,5,26.68724823000
0,Idukki,Y,Y,N,DF,0,0,7525.00000000000,0,C,FMP,FMP,FMP,,Road blocked,76.84473044300,9.98906168000,7,39.36016845700
0,Idukki,N,Y,N,DF,165,6,1024.80000000000,0,N,FMP,FMP,FMP,,Flow occurred in cultivated land.,76.84908409200,9.98826292800,5,29.13217353820
0,Idukki,N,Y,N,SS,19,7,123.54000000000,0,C,FMP,FMP,FMP,2/10,Road blocked,76.85150174000,9.98286754200,5,28.02439498900
0,Idukki,N,Y,N,SS,18,27,496.96000000000,0,C,SPL,SPL,SPL,2,Road blocked,76.85360811600,9.98221045300,5,27.69187164310
0,Idukki,N,Y,N,SS,15,11,160.92000000000,0,C,FMP,FMP,FMP,2,Road blocked,76.85406113400,9.98235063400,4,24.14466476440
0,Idukki,N,Y,N,SS,0,0,0.00000000000,1,N,N,BUI,BUI,1,Unplanned cutting of slope for construction of house.,76.84659000000,10.00356000000,3,18.62011909480
0,Idukki,N,Y,N,SS,0,0,0.00000000000,1,N,FMP,FMP,FMP,1,Slide occurred in cultivated land,76.84325000000,10.00060000000,2,12.88320255280
0,Idukki,N,Y,N,SS,0,0,0.00000000000,0,N,FMP,FMP,FMP,,Slide occurred in cultivated land,76.84447000000,10.00064000000,4,23.47097396850
0,Idukki,N,Y,N,SS,0,0,0.00000000000,1,N,N,BUI,BUI,1,The house is partly damaged. The house was built by cut and fill method.,76.85279000000,9.98918000000,4,22.89982986450
0,Idukki,Y,Y,N,DF,0,0,1586.44000000000,1,N,FMP,FMP,FMP,,The house fully destroyed.,76.85803944500,9.99717469700,3,19.89977264400
0,Idukki,N,Y,N,SS,32,19,624.87000000000,0,D,GMC,FMP,GMC,2,Slide occurred in cultivated land.,76.84500711400,9.98490196800,3,15.16234016420
0,Idukki,N,Y,N,SS,17,37,633.65000000000,1,C,FMP,FMP,FMP,1/2,"One shop (Baskaran, Puthenprakkal, Kallippara) washed away. Road blocked.",76.83832204700,9.97534241000,5,28.43600082400
0,Idukki,N,Y,N,SS,13,26,344.50000000000,0,C,FCP,FCP,FCP,2,Slide occurred in cultivated land,76.83829032500,9.97601706900,3,18.60467720030
0,Idukki,Y,Y,N,DF,0,0,2552.00000000000,0,N,FMP,FMP,FMP,,Flow occurred in cultivated land.Within slope failure zone,76.84287000000,9.97904000000,6,33.08486938480
0,Idukki,N,Y,N,SS,0,0,0.00000000000,1,N,GMC,FMP,GMC,,,76.86555000000,9.83978000000,3,16.37741088870
0,Idukki,N,Y,N,SS,0,0,0.00000000000,1,N,FMP,BSL,FMP,1,,76.86471000000,9.83981000000,1,9.62078952789
0,Idukki,N,Y,N,SS,74,36,2644.23000000000,1,N,FCP,SPL,FCP,,,76.86699673000,9.82823672100,5,25.45082473750
0,Idukki,N,Y,N,SS,10,6,54.42000000000,0,C,FMP,FMP,FMP,2,Naliyani - Kozhipalli road blocked.,76.87110000000,9.82081000000,5,25.50528907780
0,Idukki,Y,Y,N,DF,0,0,2075.00000000000,0,C,FMP,FMP,FMP,1,Peringassery - Moolakkad road blocked. Flow occurred in the natural course of Ist order stream.,76.85527899800,9.85943464100,5,28.24891281130
0,Idukki,N,Y,N,SS,8,9,73.06000000000,1,D,FMP,FMP,FMP,2,The house was subsided and developed cracks.,76.86576981600,9.86138442900,4,24.85989761350
0,Idukki,N,Y,N,DF,26,6,153.50000000000,0,C,FMP,FMP,FMP,,Moolakallu - Alkallu road blocked. Flow occurred in the natural course of Ist order stream.,76.87310000000,9.85859000000,1,9.64289855957
0,Idukki,N,Y,N,SS,29,5,150.00000000000,0,C,N,FDN,FDN,,Peringasseri - Idukki road blocked.,76.86131242300,9.86014353700,3,17.47154998780
0,Idukki,N,Y,N,SS,6,84,525.61000000000,0,C,SPL,FCP,SPL,2,Peringasseri - Idukki road blocked.,76.86289911000,9.85566532500,3,15.82503700260
0,Idukki,N,Y,N,SS,0,0,0.00000000000,0,C,FMP,FMP,FMP,,The slide occured in the cultivated land. One unmetalled road damaged.,76.87895828000,9.84073773300,3,18.38935089110
0,Idukki,Y,Y,N,SS,0,0,2525.00000000000,1,N,FCP,FCP,FCP,1,The slope was cut for the construction of house.,76.88698000000,9.86066000000,3,19.45961570740
0,Idukki,N,Y,N,DF,0,0,0.00000000000,0,N,FMP,FMP,FMP,1,The flow occured in the cultivated land.,76.88682000000,9.85994000000,2,13.07010173800
0,Idukki,Y,Y,N,DF,0,0,9950.00000000000,0,N,FMP,FMP,FMP,,The flow occured in the cultivated land.,76.89132315500,9.86026702200,8,42.52663040160
0,Idukki,Y,Y,N,SS,0,0,14900.00000000000,0,N,FMP,FMP,FMP,5,The slide occured in the cultivated land.,76.88828098400,9.85796873000,5,26.74690818790
0,Idukki,Y,Y,N,DF,0,0,12350.00000000000,0,N,FCP,FCP,FCP,,The flow occured in the cultivated land.,76.88774617300,9.85564378500,6,32.20492553710
0,Idukki,Y,Y,N,DF,568,94,53392.00000000000,0,N,FMP,FMP,FMP,,The flow occured in the cultivated land.,76.89482406300,9.85971366000,6,34.17885971070
0,Idukki,Y,Y,N,DF,0,0,750.00000000000,0,N,FMP,FMP,FMP,,The flow occured in the cultivated land.,76.88985200900,9.86130399700,7,35.84775161740
0,Idukki,Y,Y,N,DF,0,0,28850.00000000000,2,D,FCP,FCP,FCP,,The houses completely destroyed.,76.88925185800,9.86303316700,6,30.08325767520
0,Idukki,Y,Y,N,DF,0,0,1725.00000000000,0,N,FCP,FCP,FCP,,The flow occured in the forest land.,76.88056931300,9.86538994400,5,29.88626289370
0,Idukki,Y,Y,N,DF,0,0,8700.00000000000,0,N,FCP,FCP,FCP,,The flow occured in the forest land.,76.88611000000,9.85889000000,3,16.51573371890
0,Idukki,Y,Y,N,DF,0,0,7775.00000000000,0,N,FCP,FCP,FCP,,The flow occured in the forest land.,76.88463139900,9.85727649600,8,40.23326492310
0,Idukki,N,Y,N,DF,0,0,0.00000000000,0,N,FMP,FMP,FMP,,"House of Shaji, is located on stream bed.",76.93961000000,9.87101000000,3,19.53469467160
0,Idukki,Y,Y,N,SS,0,0,534.44152300000,0,N,GMC,GMC,GMC,,,76.91665000000,9.92265000000,4,22.20824432370
0,Idukki,N,Y,N,DF,65,10,650.00000000000,1,C,N,FDN,FDN,,Ambataru colony- Perumkala road blocked,76.93932205400,9.87373408300,4,22.96367454530
0,Idukki,N,Y,N,DF,55,7,385.00000000000,0,C,N,FDN,FDN,,Ambataru colony- Perumkala road blocked,76.93951761300,9.87385965600,5,26.41527175900
0,Idukki,N,Y,N,DF,0,0,0.00000000000,1,N,N,FDN,FDN,,,76.93344000000,9.87113000000,3,15.01888084410
0,Idukki,N,Y,N,DF,0,0,0.00000000000,0,N,N,FDN,FDN,,,76.93081000000,9.87061000000,3,17.73681259160
0,Idukki,N,Y,N,SS,0,0,0.00000000000,0,C,N,FDN,FDN,2/3,Painavu -Thodupuzha road blocked,76.93603000000,9.84898000000,3,16.42869567870
0,Idukki,N,Y,N,SS,43,53,2279.00000000000,0,C,N,FDN,FDN,2,Painavu -Thodupuzha road blocked,76.93608000000,9.85057000000,6,30.94713211060
0,Idukki,N,Y,N,SS,0,0,0.00000000000,2,C,FMP,FMP,FMP,4,Slide occurred in cultivated land. Venmani - Mannamkavu road blocked.,76.87181000000,9.85692000000,5,25.25288772580
0,Idukki,Y,N,N,SS,199,27,5373.00000000000,0,N,FMP,FMP,FMP,,,77.17040612500,10.00174255500,7,35.02782058720
0,Idukki,Y,N,N,SS,247,33,8151.00000000000,0,N,FMP,FMP,FMP,,,77.17011576600,10.00162085000,6,32.03844451900
0,Idukki,Y,N,N,SS,0,0,898.21000000000,0,N,FMP,FCP,FMP,,,77.00169574500,10.00402750500,5,25.62349319460
0,Idukki,Y,N,N,SS,0,0,2752.13000000000,0,C,FMP,FMP,FMP,,,76.99806614200,10.00298681900,3,19.46689796450
0,Idukki,N,N,Y,SS,64,26,1664.00000000000,0,N,FMP,FMP,FMP,4,,77.00570613300,9.99879308100,2,14.04571914670
0,Idukki,Y,Y,N,DF,0,0,8775.00000000000,0,N,FMP,BSL,FMP,,The slide occur in the cultivated land.,76.99717191600,10.00633415100,5,29.36177253720
0,Idukki,Y,Y,N,DF,0,0,5800.00000000000,2,N,FMP,FMP,FMP,,Huge rock blocks were present in the flow path has to be removed using scaling as it is creating treat to the houses downslope.,76.99304214700,10.00619248100,5,26.80483245850
0,Idukki,Y,Y,N,SS,0,0,2752.13000000000,2,C,FMP,FMP,FMP,,One cattleshed destroyed completely,76.99782977980,10.00274898050,3,17.59651947020
0,Idukki,N,Y,N,SS,17,6,101.81000000000,1,N,N,BUI,BUI,1,,76.99922000000,10.00267000000,5,28.13563156130
0,Idukki,Y,Y,N,DF,0,0,21700.00000000000,1,C,N,FNO,FNO,,The house completely destroyed. The house was constructed beside nala path.,76.83496997200,10.00517812200,8,41.01093673710
0,Idukki,N,Y,N,DF,59,11,634.12000000000,1,N,FMP,FMP,FMP,,"Adverse cultivation pattern, encroachment of 1st order stream.",76.85616227800,10.00381284600,2,13.15263175960
0,Idukki,Y,N,N,RF,149,10,1490.00000000000,0,N,N,BRO,BRO,,,76.98524751900,10.00058394500,9,45.28223800660
0,Idukki,N,N,Y,DF,88,20,1760.00000000000,0,N,FMP,SPL,FMP,,,77.19054272400,10.00143523900,6,34.14283370970
0,Idukki,Y,N,N,DF,0,0,4548.81000000000,0,N,FCP,GMC,FCP,,,77.19200232700,10.00308405000,6,34.72215271000
0,Idukki,Y,N,N,DF,0,0,9000.62000000000,0,N,FMP,FMP,FMP,,,77.17929242100,9.99988163100,5,25.34633445740
0,Idukki,Y,Y,N,SS,0,0,975.00000000000,0,C,FMP,FMP,FMP,2,Road blocked,76.80113000000,9.99999000000,6,30.82236099240
0,Idukki,Y,N,N,SS,82,14,1148.00000000000,0,D,FCP,FCP,FCP,,,76.96851863600,9.92340461900,6,30.97079086300
0,Idukki,Y,N,N,SS,40,8,320.00000000000,0,N,RUB,FMP,RUB,,,76.96397462300,9.94259844900,6,31.12024307250
0,Idukki,Y,N,N,SS,0,0,2150.00000000000,0,N,SPL,GMC,SPL,,,76.96140826400,9.92527503600,3,16.98032569890
0,Idukki,N,N,Y,SS,18,15,270.00000000000,0,C,FMP,FMP,FMP,,,76.95491770200,9.92123847100,2,10.97769832610
0,Idukki,N,N,Y,SS,20,15,300.00000000000,0,N,FMP,FMP,FMP,2,,76.97366606400,9.93819939000,5,28.84431457520
0,Idukki,Y,N,N,RF,0,0,1475.00000000000,0,N,N,FDN,FDN,,,76.93369981900,9.96939101400,4,22.11272811890
0,Idukki,Y,N,N,DF,231,44,10164.00000000000,1,C,BSL,FCP,BSL,,,76.95355350700,9.94063886900,3,17.84315490720
0,Idukki,Y,N,N,DF,126,9,1134.00000000000,1,N,FMP,FMP,FMP,,,76.97786456900,9.94628220000,6,33.74620056150
0,Idukki,Y,Y,N,DF,969,50,48450.00000000000,0,D,FMP,FMP,FMP,,Road partly damaged,76.92383032800,9.97047950300,7,35.77474594120
0,Idukki,N,Y,N,DF,14,8,108.42000000000,0,C,FCP,FCP,FCP,,Road blocked,76.95457774200,9.92004819000,2,10.76446628570
0,Idukki,N,Y,N,DF,0,0,0.00000000000,0,N,FMP,FMP,FMP,,Flows occurred in cultivated land.,76.95073000000,9.92302000000,3,17.44083023070
0,Idukki,N,Y,N,SS,0,0,0.00000000000,1,N,FCP,FCP,FCP,1,Springs were seen originated after the rain in the slope cut behind the house is still flowing.,76.95128000000,9.92182000000,6,34.64955520630
0,Idukki,Y,Y,N,DF,0,0,2925.00000000000,0,D,FMP,FMP,FMP,,Road damaged and blocked,76.94378063700,9.93289001900,5,25.92974853520
0,Idukki,N,Y,N,SS,0,0,0.00000000000,0,D,FMP,FMP,FMP,2,Road blocked,76.93293000000,9.94040000000,3,18.96325492860
0,Idukki,N,Y,N,SS,42,26,1073.46000000000,1,D,N,SPL,BUI,1,,76.91792718500,9.94982985400,3,19.48387718200
0,Idukki,N,Y,N,DF,31,15,455.87000000000,0,D,FMP,FMP,FMP,,Road blocked,76.91735295600,9.94972956500,5,25.51023101810
0,Idukki,Y,Y,N,DF,0,0,6050.00000000000,0,C,FMP,FMP,FMP,,One unmetalled road blocked,76.93637000000,9.95556000000,6,30.65211296080
0,Idukki,N,Y,N,DF,96,30,2850.85000000000,0,N,FMP,FMP,FMP,,Flow occurred in cultivated land,76.93860000000,9.95486000000,3,15.26147937770
0,Idukki,Y,Y,N,DF,0,0,1290.64000000000,0,N,FMP,FMP,FMP,,Flow occurred in cultivated land,76.94274000000,9.95348000000,4,24.94881629940
0,Idukki,N,Y,N,DF,0,0,0.00000000000,0,N,FMP,FMP,FMP,1,Flow occurred in cultivated land,76.94189000000,9.95357000000,4,22.08824729920
0,Idukki,N,Y,N,SS,32,19,612.41000000000,0,C,GMC,BSL,GMC,10,Road blocked,76.93791873100,9.93101605300,2,10.54149341580
0,Idukki,Y,Y,N,DF,0,0,8050.00000000000,0,C,FMP,FMP,FMP,,Road blocked,76.94294446500,9.94305609600,4,23.03110885620
0,Idukki,N,Y,N,DF,0,0,0.00000000000,1,N,N,BUI,BUI,1,The house partly damaged and lot of cracks were developed in the house.,76.95072936400,9.93379426700,4,23.27340888980
0,Idukki,N,Y,N,SS,10,4,43.52000000000,0,N,FMP,FMP,FMP,1/2,,76.95339282800,9.93023396700,6,30.35418701170
0,Idukki,Y,Y,N,DF,0,0,7700.00000000000,0,C,FCP,FCP,FCP,,Road blocked,76.95429705300,9.92674252800,5,27.79534530640
0,Idukki,N,Y,N,DF,78,9,729.95000000000,0,C,FMP,FMP,FMP,,Road blocked,76.95413237100,9.92706554400,5,29.36177253720
0,Idukki,Y,Y,N,DF,0,0,2550.00000000000,0,C,FCP,FCP,FCP,,Road blocked,76.95456268000,9.92591048100,5,28.35172653200
0,Idukki,N,Y,N,SS,18,13,230.76000000000,0,C,N,FDN,FDN,2,Road blocked,76.95616042900,9.91935273300,5,29.88626289370
0,Idukki,N,Y,N,SS,35,13,455.83000000000,1,C,FMP,FMP,FMP,1/2,Road blocked,76.95520260300,9.91899648400,3,18.93056297300
0,Idukki,Y,Y,N,SS,0,0,1525.00000000000,0,N,BSL,SPL,BSL,,Slide occurred in cultivated land,76.94975806100,9.94716601000,7,36.25845336910
0,Idukki,Y,Y,N,DF,0,0,1700.00000000000,1,N,FMP,FMP,FMP,1,,76.95058000000,9.94793000000,3,17.51611137390
0,Idukki,Y,Y,N,DF,0,0,19190.00000000000,2,N,FMP,FMP,FMP,1,Death: Two persons,76.96689833090,9.92880284168,6,33.97529220580
0,Idukki,N,Y,N,DF,13,12,160.19000000000,3,D,FMP,FMP,FMP,1/2,,76.97756343000,9.92450079400,4,22.11884307860
0,Idukki,Y,Y,N,SS,0,0,1003.66000000000,0,C,RUB,RUB,RUB,2,Unmetalled Road: Blocked Slide occurred in cultivated land,76.97485653600,9.92567959800,7,36.56183624270
0,Idukki,Y,Y,N,SS,0,0,2025.00000000000,0,C,FMP,FMP,FMP,2,NH: Blocked,76.95713818400,9.91646713100,5,25.77977180480
0,Idukki,Y,Y,N,SS,0,0,3325.00000000000,0,D,FMP,FMP,FMP,,Adimali - Kumily road completely damaged at the location,76.95801676400,9.91496885300,4,24.77221298220
0,Idukki,Y,Y,N,SS,0,0,1161.80000000000,0,D,FMP,FMP,FMP,,Slide occurred in cultivated land,76.88331282800,9.99981860800,5,25.83799171450
0,Idukki,Y,Y,N,DF,0,0,2125.00000000000,1,D,FCP,FCP,FCP,,,76.88756332890,9.99690531174,7,35.55909347530
0,Idukki,Y,Y,N,SS,0,0,1750.00000000000,0,C,FCP,FCP,FCP,,,76.89060000000,9.99692000000,7,36.88099670410
0,Idukki,Y,Y,N,SS,0,0,2045.00000000000,0,D,FMP,FMP,FMP,2,,76.89500000000,9.99514000000,6,33.50474166870
0,Idukki,Y,Y,N,DF,0,0,7475.00000000000,0,N,FMP,FMP,FMP,,,76.90506783400,9.98195238300,9,48.83277893070
0,Idukki,N,Y,N,SS,15,7,111.62000000000,1,D,N,FMP,CSV,2/4,"One temporary shed destroyed: Appachan, Pottanicakal, Thattekanni",76.91071000000,9.98544000000,8,40.51257324220
0,Idukki,Y,Y,N,DF,659,9,5931.00000000000,1,N,FCP,FCP,FCP,10,,76.90837376600,9.97972663500,7,38.95548248290
0,Idukki,Y,Y,N,DF,0,0,4725.00000000000,0,N,BSL,FMP,BSL,10,,76.91124687700,9.98284962500,8,44.64720535280
0,Idukki,Y,Y,N,SS,0,0,2100.00000000000,0,C,FMP,FMP,FMP,2/6,Road blocked,76.94714907000,9.96421123100,6,31.46455764770
0,Idukki,N,Y,N,SS,24,31,742.90000000000,0,D,N,FDN,FDN,,Road blocked,76.97307000000,9.95450000000,3,16.85545158390
0,Idukki,N,Y,N,DF,0,0,0.00000000000,0,D,N,FDN,FDN,,Road blocked,76.97424000000,9.95397000000,5,27.90955543520
0,Idukki,N,Y,N,DF,20,4,79.50000000000,1,N,SPL,SPL,SPL,1/6,,76.97118230200,9.93454713000,4,22.52313804630
0,Idukki,N,Y,N,SS,23,7,165.29000000000,1,D,N,BUI,BUI,1,,76.97353276700,9.93790444100,3,18.27124023440
0,Idukki,N,Y,N,SS,68,56,3845.61000000000,2,C,FMP,FMP,FMP,,,76.97293475600,9.94021562600,4,24.35835075380
0,Idukki,Y,Y,N,SS,0,0,1514.00000000000,1,D,FMP,FMP,FMP,,Death: One person,76.96412684800,9.93735838200,3,16.33199501040
0,Idukki,N,Y,N,SS,0,0,0.00000000000,0,D,FMP,FMP,FMP,2,Road blocked,76.96300760700,9.91507230600,2,13.38906764980
0,Idukki,N,Y,N,SS,0,0,0.00000000000,0,N,FMP,SPL,FMP,,Slide occurred in cultivated land.,76.96351038900,9.91531811500,3,19.58293342590
0,Idukki,N,Y,N,SS,0,0,0.00000000000,1,N,FMP,FMP,FMP,1,Small cracks were observed in the house due to erosion of retaining wall basement by stream.,76.96422000000,9.91332000000,3,17.75595855710
0,Idukki,Y,N,N,RF,0,0,1575.00000000000,0,N,N,BRG,BRG,,,76.93166444900,9.98601939500,5,27.86396598820
0,Idukki,Y,N,N,RF,0,0,3991.94000000000,0,N,N,BRO,BRO,,,76.93126950500,9.98628315800,6,31.93172454830
0,Idukki,Y,N,N,RF,225,20,4500.00000000000,0,N,N,FNO,FNO,,,76.93318651300,9.98574827100,8,41.51248931880
0,Idukki,N,N,Y,RF,125,13,1625.00000000000,0,N,N,BRS,BRO,,,76.93628189500,9.98499817500,6,34.14868164060
0,Idukki,N,N,Y,SS,111,12,1332.00000000000,1,C,FMP,FMP,FMP,,,77.11438470300,9.99994642900,4,24.49222755430
0,Idukki,N,Y,N,SS,22,13,281.03000000000,1,N,N,BUI,BUI,1,The house is partly damaged.,76.86854000000,9.98643000000,4,20.93782806400
0,Idukki,N,Y,N,SS,0,0,0.00000000000,1,N,N,BUI,BUI,1,Unplanned cutting of slope for construction of house.,76.86838000000,9.98682000000,1,6.18820047379
0,Idukki,Y,Y,N,SS,0,0,1250.00000000000,1,C,FMP,FMP,FMP,2,Unplanned cutting of slope for construction of road. Crcaks were develope inside the house.,76.87131432600,9.98914071000,6,31.64257621770
0,Idukki,N,Y,N,SS,16,5,73.28000000000,1,C,GMC,GMC,GMC,1,Unplanned cutting of slope for construction of house.,76.87422000000,9.98424000000,3,16.98610496520
0,Idukki,Y,N,N,RF,496,23,11408.00000000000,0,N,FCP,FMP,FCP,,,76.81676811700,9.99037456900,5,26.62429237370
0,Idukki,Y,N,N,DF,118,7,826.00000000000,0,D,TEA,FMP,TEA,,,76.81529867100,9.97526351700,5,27.91097831730
0,Idukki,Y,N,N,SS,82,11,902.00000000000,3,D,GMC,BSL,GMC,,,77.09139708100,9.99504930600,5,28.62780380250
0,Idukki,Y,N,N,DF,425,39,16575.00000000000,0,D,FMP,GMC,FMP,10,,77.09108689200,9.99529750300,3,19.14547920230
0,Idukki,Y,N,N,SS,71,16,1136.00000000000,0,N,SPL,SPL,SPL,,,76.87659867700,9.98572768500,5,28.08081054690
0,Idukki,Y,N,N,SS,39,25,975.00000000000,0,C,BSL,GMC,BSL,,,76.87915361200,9.98244974100,2,10.20483303070
0,Idukki,Y,Y,N,SS,0,0,1825.00000000000,1,C,BSL,GMC,BSL,10,One newly built house basement filled with debris.,76.89375980400,9.97124764900,4,21.70795249940
0,Idukki,Y,Y,N,DF,0,0,1725.00000000000,1,C,FMP,SPL,FMP,,,76.89400688600,9.97042333700,3,19.20489501950
0,Idukki,Y,Y,N,SS,0,0,4725.00000000000,0,C,FMP,FMP,FMP,,Vellakkayam - Mottamudi Jeep road blcoked,76.86563728600,9.98579735500,2,13.71447372440
0,Idukki,Y,N,N,RF,0,0,1556.95000000000,0,N,N,BRF,BRF,,,76.83095548800,9.98294645500,9,50.64452743530
0,Idukki,N,N,Y,RF,242,8,1936.00000000000,1,C,N,BRF,BRF,10,,76.83107631400,9.98242927500,7,38.89545822140
0,Idukki,Y,N,N,DF,274,16,4384.00000000000,0,N,GMC,GMC,GMC,,,76.82192821100,9.98767614800,7,39.98532104490
0,Idukki,N,N,Y,SS,36,13,468.00000000000,0,C,FMP,FMP,FMP,,,76.99047838900,9.98524764800,2,10.28240013120
0,Idukki,Y,N,N,DF,460,23,10580.00000000000,2,D,FMP,GMC,FMP,,,76.98593265000,9.99243136000,4,24.38486099240
0,Idukki,Y,Y,N,DF,433,51,22083.00000000000,1,D,FMP,FMP,FMP,,An unmetalled road damaged (Naikkunnu - 1000 acre ). Cracks were developed in the walls of house.,76.98677073700,9.99219204200,5,25.65780639650
0,Idukki,N,Y,N,SS,35,18,648.85000000000,0,C,FMP,FMP,FMP,2,The Adimali - Idukki road blocked.,76.99040289500,9.98501295500,4,20.77859306340
0,Idukki,N,Y,N,SS,22,21,464.65000000000,1,N,FMP,FMP,FMP,1,The house completely destroyed.,76.98978528600,9.98557464400,2,14.82957267760
0,Idukki,Y,N,N,SS,0,0,575.00000000000,0,N,N,FDN,FDN,,,76.92128170100,9.98425353600,4,21.01463699340
0,Idukki,N,N,Y,DF,201,15,3015.00000000000,0,N,N,BSO,BSO,,,77.17866586000,9.98097224500,5,25.09987640380
0,Idukki,Y,N,N,RF,210,16,3360.00000000000,0,N,N,BRG,BRG,,,76.89475375900,9.99138737700,8,40.15729522710
0,Idukki,N,N,Y,DF,320,22,7040.00000000000,0,D,FMP,FMP,FMP,,,77.17894654800,9.99029295900,4,24.98288536070
0,Idukki,Y,Y,N,DF,0,0,23650.00000000000,2,D,FMP,FMP,FMP,,Road partly damaged,76.88455946000,9.99052642100,7,39.70240402220
0,Idukki,N,Y,N,SS,33,20,660.40000000000,1,N,RUB,RUB,RUB,1,House partly damaged. Unplanned cutting of slope for construction of house.,76.83895815400,9.81620247100,4,23.17655181880
0,Idukki,N,N,Y,DF,117,4,468.00000000000,0,N,BSL,SPL,BSL,,,76.84996058400,9.97896942700,6,31.97071266170
0,Idukki,Y,Y,N,DF,0,0,2025.00000000000,0,N,FMP,FMP,FMP,,Flow occurred in cultivated land,76.85639000000,9.97305000000,6,34.04604339600
0,Idukki,N,Y,N,DF,0,0,0.00000000000,0,N,FMP,FMP,FMP,,Flow occurred in cultivated land,76.85610000000,9.97333000000,5,28.95685577390
0,Idukki,Y,Y,N,DF,0,0,4725.00000000000,0,N,FMP,FMP,FMP,,Flow occurred in cultivated land.,76.85925379300,9.97300549200,5,28.62099266050
0,Idukki,Y,Y,N,DF,0,0,2425.00000000000,0,N,RUB,SPL,RUB,,Flow occurred in cultivated land.,76.84482084200,9.98103886800,3,15.16234016420
0,Idukki,Y,N,N,SS,67,57,3819.00000000000,0,N,SPL,SPL,SPL,,,76.88743104100,9.98278682600,1,5.24324607849
0,Idukki,Y,Y,N,DF,0,0,2293.00000000000,0,N,RUB,RUB,RUB,,,76.90408359000,9.98699958600,6,34.42117691040
0,Idukki,Y,N,N,DF,157,12,1884.00000000000,0,N,N,BRG,BRG,,,77.04150013200,9.97958276200,9,48.34119796750
0,Idukki,Y,N,N,DF,365,8,2920.00000000000,0,N,N,FNO,FNO,10,,77.04325734900,9.97996323400,4,20.40040969850
0,Idukki,Y,Y,N,DF,0,0,1557.64000000000,0,C,N,BSG,BSO,,Varayattumudy - Elkunnu road blocked,77.04494492800,9.98410724500,2,10.74485206600
0,Idukki,Y,N,N,SS,0,0,1675.00000000000,0,N,GMC,SPL,GMC,,,76.92289216200,9.95679150500,6,30.92817878720
0,Idukki,Y,N,N,SS,99,39,3861.00000000000,3,D,FCP,FCP,FCP,1,,76.90905135400,9.97119461500,1,2.81942439079
0,Idukki,N,N,Y,SS,81,12,972.00000000000,0,N,FMP,FMP,FMP,,,76.91494217900,9.97274415800,4,24.08719825740
0,Idukki,Y,N,N,SS,53,8,424.00000000000,0,N,FMP,SPL,FMP,10,,76.91451424200,9.97384407700,3,15.52215671540
0,Idukki,Y,Y,N,DF,0,0,5425.00000000000,1,D,FMP,FMP,FMP,,Road blocked,76.91961654000,9.94962892600,2,10.54149341580
0,Idukki,Y,Y,N,DF,0,0,9450.00000000000,0,N,SPL,SPL,SPL,,Flow occurred in cultivated land,76.91057000000,9.96034000000,4,24.96926689150
0,Idukki,N,Y,N,DF,0,0,0.00000000000,0,N,FMP,FMP,FMP,1,Flow occurred in cultivated land,76.90844000000,9.95976000000,5,25.90404510500
0,Idukki,N,Y,N,DF,0,0,0.00000000000,0,N,FMP,FMP,FMP,1,Flow occurred in cultivated land,76.90885000000,9.95543000000,1,7.83420133591
0,Idukki,Y,Y,N,SS,0,0,1600.00000000000,0,C,FCP,FCP,FCP,1/2,Road blocked,76.89910316500,9.96884833100,4,23.87895584110
0,Idukki,Y,Y,N,SS,0,0,1072.47078000000,0,N,FMP,FMP,FMP,,Slide occur inside the cultivated land,76.83588000000,9.98365000000,5,26.21932220460
0,Idukki,Y,N,N,DF,472,13,6136.00000000000,0,N,N,BSG,BSO,,,76.95656956200,9.97146716100,4,24.71694946290
0,Idukki,N,N,Y,SS,66,15,990.00000000000,1,N,FMP,FMP,FMP,4,,76.99300912400,9.98046826900,4,20.79636955260
0,Idukki,N,Y,N,SS,27,11,296.00000000000,0,C,FMP,FMP,FMP,2,The Adimali - Idukki road blocked.,76.99356284000,9.98108499600,3,16.51573371890
0,Idukki,Y,N,N,RF,0,0,3850.00000000000,0,N,N,BRS,BRS,,,76.91284666300,9.97957234200,7,38.09199905400
0,Idukki,Y,Y,N,DF,0,0,14675.00000000000,0,N,FMP,FDN,FMP,,,76.91505009980,9.97955867819,7,37.05206680300
0,Idukki,Y,N,N,RF,0,0,2598.27000000000,0,N,FMP,FMP,FMP,,,76.87531033200,9.98062827400,6,31.10148811340
0,Idukki,Y,N,N,DF,304,13,3952.00000000000,0,N,N,FDN,FDN,,,76.91791853100,9.97602571300,4,22.83767127990
0,Idukki,N,Y,N,DF,0,0,675.00000000000,0,C,N,FDN,FDN,4,Road blocked,76.93347886900,9.97059706100,4,20.66926383970
0,Idukki,Y,N,N,SS,0,0,2525.00000000000,0,N,FCP,FCP,FCP,,,76.90873987000,9.96039826800,5,27.12278747560
0,Idukki,N,Y,N,SS,0,0,0.00000000000,0,C,FMP,FMP,FMP,2,Road blocked,76.90634092200,9.96597974400,4,20.72514343260
0,Idukki,N,N,Y,SS,22,22,484.00000000000,0,D,N,FNO,FNO,6,,77.05663093100,9.96279779500,3,18.28177833560
0,Idukki,Y,N,N,RF,0,0,1400.00000000000,0,N,N,BRF,BRF,,,76.91814291900,9.92755473500,7,36.48526000980
0,Idukki,Y,N,N,DF,258,10,2580.00000000000,0,N,FMP,FMP,FMP,,,76.92337685400,9.92968626700,5,27.46542739870
0,Idukki,Y,N,N,DF,173,14,2422.00000000000,0,N,SPL,GMC,SPL,,,76.91954913500,9.93212103100,5,29.53416061400
0,Idukki,Y,Y,N,DF,0,0,5175.00000000000,0,N,SPL,FCP,SPL,,Flow occurred in the nala course.,76.87833655700,9.96174438600,4,24.06379318240
0,Idukki,N,N,Y,SS,150,11,1650.00000000000,0,N,N,BRS,BRS,,,76.98127179200,9.95914197500,5,27.81968116760
0,Idukki,Y,N,N,RF,92,18,1656.00000000000,0,N,FMP,FMP,FMP,,,76.98310743700,9.96230518200,4,24.29986953740
0,Idukki,N,N,Y,RF,66,12,792.00000000000,0,N,N,BSS,BSO,,,76.98629798200,9.96359879400,9,45.34643173220
0,Idukki,N,N,Y,DF,30,11,330.00000000000,0,N,N,FNO,FNO,,,76.98389980500,9.96214562800,6,30.65572738650
0,Idukki,Y,N,N,DF,205,9,1845.00000000000,0,N,FMP,GMC,FMP,,The NRSC is smaller than the actual DF area,76.98234364900,9.96202461000,4,24.30164527890
0,Idukki,Y,N,N,RF,0,0,6900.00000000000,0,N,SPL,SPL,SPL,,,76.93960267700,9.96355396000,6,34.92409133910
0,Idukki,Y,N,N,DF,438,13,5694.00000000000,0,N,N,GNA,BRS,,,76.99433226600,9.95753482000,6,34.96862792970
0,Idukki,N,N,Y,SS,61,7,427.00000000000,0,N,BSL,BSO,BSL,,,77.08649063600,9.94679426900,5,28.13001823430
0,Idukki,Y,N,N,SS,228,21,4788.00000000000,0,D,SPL,SPL,SPL,,,77.08074506100,9.95120016700,3,19.23204612730
0,Idukki,Y,N,N,SS,283,38,10754.00000000000,0,N,FMP,GMC,FMP,,,77.08070786300,9.95068471100,6,30.90089797970
0,Idukki,Y,N,N,DF,190,18,3420.00000000000,1,N,SPL,FMP,SPL,,,76.95184356300,9.96015919000,5,29.48379707340
0,Idukki,Y,N,N,DF,200,20,4000.00000000000,0,N,FCP,FCP,FCP,,,76.85201302500,9.91918845900,4,23.95169448850
0,Idukki,N,Y,N,DF,0,0,0.00000000000,0,N,FMP,FMP,FMP,,,76.99614000000,9.95209000000,5,25.31302261350
0,Idukki,Y,N,N,SS,0,0,1175.00000000000,1,C,SPL,SPL,SPL,,,76.93528860400,9.94903638600,4,20.27680969240
0,Idukki,N,N,Y,SS,56,6,336.00000000000,1,C,FCP,FCP,FCP,1,,76.92682612200,9.94789554300,1,3.32168173790
0,Idukki,N,N,Y,SS,27,6,162.00000000000,0,N,FMP,FMP,FMP,,,76.92694658300,9.94796713100,1,6.75111055374
0,Idukki,N,Y,N,DF,0,0,0.00000000000,0,N,FMP,FMP,FMP,,,77.05068000000,9.94127000000,6,31.66185951230
0,Idukki,Y,N,N,SS,0,0,1650.00000000000,1,N,N,BRG,BRG,,,76.94550478500,9.90471772700,5,26.61351966860
0,Idukki,N,N,Y,SS,28,6,168.00000000000,0,N,N,FNO,BSO,,,76.94279631300,9.90726126900,5,28.33093833920
0,Idukki,N,N,Y,RF,35,13,455.00000000000,0,N,N,FNO,BRF,,,76.93964795000,9.92119164100,6,31.01329231260
0,Idukki,Y,N,N,DF,0,0,10796.46000000000,0,N,N,FNO,FNO,,,76.94016523500,9.92081480500,6,33.39797210690
0,Idukki,Y,N,N,DF,142,13,1846.00000000000,0,N,FMP,FMP,FMP,,,76.90409485100,9.92938032200,5,28.36833953860
0,Idukki,Y,N,N,DF,344,8,2752.00000000000,0,N,RUB,BRF,BRF,,,76.90729384200,9.92780235000,7,37.72870254520
0,Idukki,N,Y,N,SS,11,9,100.59000000000,0,D,FMP,SPL,FMP,,Road partly damaged,76.93851000000,9.92879000000,3,19.98204040530
0,Idukki,N,Y,N,DF,0,0,0.00000000000,0,C,BSL,SPL,BSL,,Road blocked,76.93879759000,9.92811859400,2,14.69258213040
0,Idukki,N,Y,N,SS,24,12,293.70000000000,0,C,FCP,FCP,FCP,2,Road blocked,76.94160000000,9.92514000000,3,16.92528915410
0,Idukki,N,Y,N,DF,14,6,84.00000000000,1,C,FCP,FCP,FCP,2,Road blocked.,76.95247000000,9.90259000000,4,24.19478034970
0,Idukki,N,Y,N,DF,0,0,0.00000000000,2,C,FCP,FCP,FCP,2,Road blocked.,76.95245000000,9.90249000000,4,24.19478034970
0,Idukki,N,Y,N,DF,0,0,0.00000000000,0,C,FCP,FCP,FCP,,Road blocked.,76.95130000000,9.90445000000,6,31.54239273070
0,Idukki,N,Y,N,DF,11,7,77.00000000000,0,C,SPL,GMC,SPL,2,,76.95067894100,9.90468422400,4,21.99198913570
0,Idukki,N,Y,N,SS,34,10,340.00000000000,1,C,N,BUI,BUI,1,,76.94238061700,9.90789579300,6,32.98474502560
0,Idukki,N,Y,N,SS,25,22,550.00000000000,1,N,N,BUI,BUI,1,,76.94730000000,9.90931000000,3,18.69707870480
0,Idukki,Y,N,N,SS,114,12,1368.00000000000,1,D,SPL,GMC,SPL,3/10,FMP/GNA,76.90523521200,9.93168099200,4,20.56364822390
0,Idukki,Y,N,N,DF,119,11,1309.00000000000,0,N,FMP,FMP,FMP,,,76.89467978000,9.93740721900,5,29.41510581970
0,Idukki,N,N,Y,SS,15,13,195.00000000000,0,N,FMP,GMC,FMP,,,77.06874921000,9.93837363000,5,27.52961158750
0,Idukki,N,Y,N,SS,51,26,1321.39000000000,0,C,FCP,SPL,FCP,2,Road blocked,76.97640778500,9.90844756600,6,32.29681396480
0,Idukki,N,Y,N,SS,15,16,234.88000000000,0,C,FCP,SPL,FCP,2,Road blocked,76.97676164800,9.90827643600,6,30.43741607670
0,Idukki,N,Y,N,SS,0,0,0.00000000000,1,N,N,BUI,BUI,5,Failure due to combined effect of toe erosion by Periyar river and overflow from an adjoining streamlet located towards right of the slide.,76.97168000000,9.88285000000,7,37.94567871090
0,Idukki,Y,N,N,SS,0,0,859.68000000000,0,N,FCP,FCP,FCP,,,77.09482628600,9.77955071100,3,15.42502117160
0,Idukki,N,N,Y,SS,111,13,1443.00000000000,0,D,FMP,SPL,FMP,,,77.09268651700,9.78028555700,3,15.57045173650
0,Idukki,Y,N,N,SS,0,0,2267.75000000000,1,D,TEA,TEA,TEA,4,,77.00851913700,9.82334281100,2,13.62832355500
0,Idukki,Y,N,N,SS,94,15,1410.00000000000,0,N,GMC,BSL,GMC,,,76.99171512000,9.90491171400,5,28.05685806270
0,Idukki,Y,N,N,SS,102,38,3876.00000000000,2,N,FCP,FCP,FCP,,,76.98672906900,9.91978479000,3,19.85019302370
0,Idukki,Y,N,N,SS,107,11,1177.00000000000,0,N,FCP,SPL,FCP,,,76.98252336600,9.92918955400,4,21.95702552800
0,Idukki,Y,N,N,SS,114,38,4332.00000000000,1,C,SPL,GMC,SPL,,,76.98648731300,9.91935280600,3,19.33035850520
0,Idukki,Y,N,N,SS,58,28,1624.00000000000,0,C,RUB,SPL,RUB,3,,76.99813079900,9.91339477600,5,28.71068382260
0,Idukki,N,N,Y,SS,25,6,150.00000000000,0,N,GMC,BSL,GMC,,,77.03502657800,9.91427807400,4,20.90038100000
0,Idukki,Y,N,N,SS,0,0,1799.20000000000,0,N,FMP,FMP,FMP,,,77.02451369200,9.87802144400,6,32.79111099240
0,Idukki,Y,N,N,SS,0,0,875.00000000000,0,N,SPL,SPL,SPL,,,76.98345435300,9.92558618900,4,24.19478034970
0,Idukki,Y,N,N,SS,140,12,1680.00000000000,0,N,FMP,FMP,FMP,,,76.98167029100,9.92399044800,3,17.30033302310
0,Idukki,N,N,Y,SS,57,11,627.00000000000,0,D,SPL,FMP,SPL,7,,76.98102097500,9.85151582200,6,32.32297134400
0,Idukki,N,N,Y,SS,55,9,495.00000000000,0,N,FMP,FMP,FMP,,,77.08153578800,9.88049167400,4,23.75269508360
0,Idukki,N,N,Y,SS,93,14,1302.00000000000,0,N,SPL,SPL,SPL,,,77.00522673900,9.83634536000,2,13.99478912350
0,Idukki,N,N,Y,SS,31,12,372.00000000000,0,N,GMC,BSL,GMC,,,76.98973318100,9.84330195800,5,28.64958381650
0,Idukki,N,N,Y,SS,15,8,120.00000000000,0,C,N,FMP,CSV,2,,77.02335998900,9.85701120000,5,29.99696922300
0,Idukki,N,N,Y,SS,44,24,1056.00000000000,0,N,BSL,FMP,BSL,10,,77.03409666400,9.87693028600,3,15.41851902010
0,Idukki,N,N,Y,SS,36,20,720.00000000000,0,N,FCP,SPL,FCP,10,,77.02061413900,9.87843550000,1,9.55970764160
0,Idukki,N,N,Y,SS,31,10,310.00000000000,0,N,FCP,SPL,FCP,10,,77.02016441400,9.87848642200,1,5.64463281631
0,Idukki,N,N,Y,SS,30,11,330.00000000000,0,N,FMP,GMC,FMP,,,77.02094190600,9.88282458500,6,34.17983245850
0,Idukki,N,N,Y,SS,22,20,440.00000000000,1,C,N,BUI,BUI,1,,77.00969395500,9.87356470200,3,17.47154998780
0,Idukki,Y,N,N,SS,0,0,3347.73000000000,1,N,FMP,FMP,FMP,,,76.97954671900,9.89059248000,4,23.68642044070
0,Idukki,N,N,Y,SS,56,19,1064.00000000000,0,N,FMP,FMP,FMP,,,77.13981517400,9.79963290800,4,23.42040634160
0,Idukki,N,N,Y,SS,44,22,968.00000000000,0,N,FMP,FMP,FMP,,,77.13928499500,9.79966092100,3,19.94213867190
0,Idukki,N,N,Y,SS,151,70,10570.00000000000,3,D,FMP,FMP,FMP,,,77.11287029300,9.83438255400,5,26.60119819640
0,Idukki,Y,N,N,RF,0,0,2060.37000000000,0,N,SPL,SPL,SPL,,,76.99824818000,9.87808023200,7,39.26988601680
0,Idukki,Y,N,N,RF,0,0,1771.00000000000,0,N,BSL,FCP,BSL,,,76.99569292000,9.87817029200,6,32.50170516970
0,Idukki,Y,N,N,DF,371,15,5565.00000000000,1,D,FMP,FMP,FMP,,,77.06430522900,9.89655749100,7,35.90382003780
0,Idukki,N,N,Y,DF,297,54,16038.00000000000,0,C,FMP,FMP,FMP,,,77.14137286700,9.82439549000,4,23.49153137210
0,Idukki,N,N,Y,DF,287,19,5453.00000000000,0,C,FMP,FMP,FMP,,,77.13991387400,9.82528912200,4,24.12852287290
0,Idukki,N,N,Y,DF,242,37,8954.00000000000,0,C,FMP,FMP,FMP,,,77.13995855500,9.82573923100,4,21.09976959230
0,Idukki,Y,N,N,DF,96,14,1344.00000000000,0,D,FMP,FMP,FMP,,,77.07875000600,9.88249443400,6,31.84225845340
0,Idukki,N,N,Y,DF,233,37,8621.00000000000,0,C,FMP,FMP,FMP,,,77.13957781600,9.82623619900,3,15.95361328130
0,Idukki,Y,Y,N,DF,0,0,2650.00000000000,1,N,FMP,FMP,FMP,,Death: Three persons,76.98238488600,9.92442699600,4,23.23739433290
0,Idukki,Y,Y,N,SS,0,0,1150.00000000000,0,C,SPL,SPL,SPL,,Road blocked,76.98166801900,9.92335171800,5,29.11631202700
0,Idukki,N,Y,N,SS,17,14,238.74000000000,0,C,FMP,FMP,FMP,2,Road blocked,76.98232018400,9.92230593800,3,17.14697265630
0,Idukki,N,Y,N,DF,15,8,123.83000000000,0,C,FMP,FMP,FMP,2,Road blocked,76.98091518300,9.93522293200,5,27.97770500180
0,Idukki,Y,Y,N,SS,0,0,1437.33000000000,0,N,FMP,FMP,FMP,1,Death: One person,77.02163000000,9.91898000000,6,33.56847000120
0,Idukki,N,Y,N,DF,121,61,7412.27000000000,1,D,N,BSO,BSO,10,One unmetalled road damaged.,77.03914000000,9.91310000000,3,18.64581680300
0,Idukki,N,Y,N,SS,0,0,0.00000000000,1,C,FMP,FMP,FMP,1,,77.06305977000,9.90541472000,5,28.85103416440
0,Idukki,N,Y,N,SS,0,0,0.00000000000,1,N,N,BUI,BUI,1,,77.05445000000,9.90752000000,3,17.57438468930
0,Idukki,N,Y,N,SS,0,0,0.00000000000,1,N,N,BUI,BUI,1,,77.06285000000,9.90390000000,3,17.77235031130
0,Idukki,Y,Y,N,DF,0,0,1959.68000000000,0,N,FMP,SPL,FMP,,Flow occurred in cultivated land,77.07870025400,9.88591710900,4,24.40780258180
0,Idukki,N,Y,N,DF,30,8,229.37000000000,0,N,FMP,FMP,FMP,,Flow occurred in cultivated land,77.07879136600,9.88742456200,5,26.37626838680
0,Idukki,N,Y,N,DF,0,0,0.00000000000,2,N,SPL,FMP,SPL,1,The slope is not suitable for habitation.,77.07992000000,9.88706000000,6,30.32102394100
0,Idukki,N,Y,N,DF,0,0,0.00000000000,0,N,FMP,FMP,FMP,,,77.08364000000,9.88222000000,5,26.01620483400
0,Idukki,N,Y,N,DF,79,14,1105.54000000000,0,N,FMP,SPL,FMP,,Flow occurred in cultivated land,77.07946949700,9.88206287000,4,21.25139427190
0,Idukki,Y,Y,N,DF,0,0,1188.61000000000,0,C,FMP,FMP,FMP,,Flow occurred in cultivated land,77.07723355400,9.88240976300,4,22.61816215520
0,Idukki,Y,Y,N,DF,0,0,5439.53000000000,1,C,FMP,FMP,FMP,,The slope is not suitable for habitation.,77.07824701400,9.88247279800,6,31.35982131960
0,Idukki,N,Y,N,SS,28,21,575.34000000000,0,D,FMP,FMP,FMP,,Slide occurred in cultivated land. One unmetalled road damaged.,77.06064880000,9.88300702100,4,24.18226623540
0,Idukki,N,Y,N,SS,15,15,231.19000000000,0,D,GMC,FMP,GMC,,One newly constructed road towards Vathikudy Tribal coloy damaged.,77.05239394300,9.88662831900,3,17.98908615110
0,Idukki,N,Y,N,SS,0,0,0.00000000000,1,N,N,BUI,BUI,1/2,,77.03897000000,9.89534000000,4,20.17996788020
0,Idukki,N,Y,N,DF,0,0,0.00000000000,1,N,FMP,FMP,FMP,1,,77.03874000000,9.89552000000,3,16.09947776790
0,Idukki,N,Y,N,DF,226,7,1643.30000000000,0,C,SPL,SPL,SPL,,Road blocked,76.98153785000,9.91139381800,3,17.98908615110
0,Idukki,N,Y,N,SS,0,0,0.00000000000,0,N,FCP,BSL,FCP,,ground cracks has been developed on the upslope area. It is not safe to construct house with in this distressed zone due to very chance of reactivation of the slide.,76.98258000000,9.90884000000,5,25.77490997310
0,Idukki,N,Y,N,SS,52,23,1175.98000000000,0,D,FMP,FMP,FMP,1,One private road damaged. The house located in the crown of the slide is in treat. The house owner is taking remedial measures with the help of qualified civil engineer.,77.06801845800,9.79279118200,2,14.72353649140
0,Idukki,N,Y,N,SS,160,75,11981.77000000000,2,N,FMP,SPL,FMP,,KSRTC Bus Garrage completely destroyed. KSRTC bus depo partly damaged.,77.10842890500,9.76805485200,6,31.58800506590
0,Idukki,N,Y,N,SS,153,44,3735.31000000000,1,C,FMP,FMP,FMP,,An uncomplete three storied building fully collapsed. Road blocked,77.11025109900,9.76504193300,5,26.08313179020
0,Idukki,N,Y,N,SS,0,0,0.00000000000,1,N,N,BUI,BUI,1,The house to be reloacted is situated just above the crown of the slide. Electric connection disconnected.,77.11245607800,9.76111513600,3,17.88655281070
0,Idukki,N,Y,N,SS,0,0,0.00000000000,2,N,FMP,FMP,BUI,1/2,The house of Marykutty fully destroyed due to slide. Kattappana-Kochuthovala road blocked.,77.12829000000,9.76844000000,6,33.08903121950
0,Idukki,N,Y,N,SS,0,0,0.00000000000,1,N,N,FMP,BUI,1,Reconstruction of house in the slope should be avoided.,77.13350000000,9.77098000000,4,22.94628715520
0,Idukki,N,Y,N,SS,0,0,0.00000000000,1,N,N,BUI,BUI,1,Cracks were developed in the house. The house was partly destroyed.,77.09912000000,9.77487000000,3,16.28338050840
0,Idukki,N,Y,N,SS,0,0,0.00000000000,1,N,FMP,FMP,FMP,1,Cracks were developed in the house. The house was partly destroyed.,77.08532000000,9.78994000000,4,22.52909469600
0,Idukki,N,Y,N,SS,11,5,51.74000000000,0,N,FMP,FMP,FMP,1,Slide occurred in cultivated land,77.13547000000,9.75360000000,4,24.19478034970
0,Idukki,N,Y,N,SS,30,17,494.69000000000,0,N,N,FMP,CSB,1/2,Unplanned cutting of slope for initiating some construction activities along with pore water pressure and reduction of strength on super-saturation are the geo-scientific causes observed.,77.08917683900,9.76935408400,3,18.97078895570
0,Idukki,N,Y,N,SS,0,0,0.00000000000,1,N,N,BUI,BUI,1,The half of the house got destroyed due to failure.,77.12414000000,9.78602000000,6,30.98851394650
0,Idukki,N,Y,N,SS,0,0,0.00000000000,1,N,BSL,BSL,BSL,1,The house was partly destroyed. Lot of rock blocks present in the upslope part is creating treat to the house.,77.12578000000,9.75691000000,2,13.52258968350
0,Idukki,N,Y,N,SS,0,0,0.00000000000,1,N,N,BUI,BUI,1,"One small slope failure occur in the front of the house destroying the retaining wall. Cracks were developed all around the house, emergence of spring at various location were observed.",77.11159000000,9.76188000000,3,19.65020179750
0,Idukki,N,Y,N,SS,0,0,0.00000000000,1,N,FMP,FMP,FMP,1,The cutslope failure partly damaged the house. Huge rock blocks were present in the upslope is creating treat to the house.,77.06081000000,9.79440000000,3,18.10155487060
0,Idukki,N,Y,N,DF,26,10,252.99000000000,1,C,FMP,BSL,FMP,1,"House partly damaged, cracks were developed within the house and the house is slightly subsided. Chances of retrogression is there. Road blocked during the incidence.",77.08296000000,9.76307000000,3,19.53469467160
0,Idukki,N,Y,N,SS,0,0,0.00000000000,1,C,N,ROA,ROA,2,House is situated in the upslope has developed some cracks. Road blocked.,77.06393000000,9.71576000000,4,23.81869506840
0,Idukki,N,Y,N,SS,58,58,3322.35000000000,0,C,SPL,FMP,SPL,2,The preparatory factor here is the unplanned cutting of slope for the construction of road. Road blocked.,77.06437271700,9.71584138700,6,32.64757919310
0,Idukki,N,Y,N,DF,105,38,3995.26000000000,1,C,FMP,FMP,FMP,1,One hollow brick unit completely washed away. Unplanned cutting of slope for construction purpose.,77.10904874200,9.79900787500,2,12.75416660310
0,Idukki,N,Y,N,SS,0,0,0.00000000000,0,C,SPL,SPL,SPL,2,Kurishummoottilpadi concrete road blocked.,77.10638000000,9.81083000000,7,35.88719558720
0,Idukki,N,Y,N,SS,0,0,0.00000000000,1,N,N,SPL,BUI,1,The house fully destroyed.,77.09943000000,9.81093000000,1,9.28236293793
0,Idukki,N,Y,N,SS,35,24,818.09000000000,1,N,FMP,FMP,BUI,1,,77.09855000000,9.81118000000,1,2.22962546349
0,Idukki,N,Y,N,DF,13,10,133.44000000000,0,N,FMP,FMP,FMP,1,Flow occurred in cultivated land,77.09803000000,9.81121000000,2,13.02267360690
0,Idukki,N,Y,N,SS,15,17,244.59000000000,0,C,FMP,FMP,FMP,2,Road blocked.,77.10003000000,9.80943000000,4,21.91579055790
0,Idukki,N,Y,N,SS,0,0,0.00000000000,0,C,N,ROA,ROA,,Slide occurred in cultivated land,77.07973000000,9.81765000000,2,13.75917434690
0,Idukki,N,Y,N,SS,6,6,36.00000000000,1,C,FMP,FMP,FMP,1/2,Cracks were developed in the house. Issuance of new spring is there.,77.05655159900,9.81326885900,3,19.42071342470
0,Idukki,N,Y,N,SS,24,17,402.40000000000,1,C,FMP,FMP,FMP,2,Road blocked. Electric post damaged.,77.07704000000,9.81190000000,5,27.05698966980
0,Idukki,N,Y,N,SS,26,26,673.52000000000,1,C,FMP,FMP,FMP,,Road blocked. Electric post and cables damaged.,77.07804795600,9.81115549500,3,16.85545158390
0,Idukki,N,Y,N,DF,0,0,0.00000000000,1,N,N,BUI,BUI,1,Cracks develped in the house. One cattle shed fully destroyed.,77.09990000000,9.81081000000,1,7.61058616638
0,Idukki,N,Y,N,SS,0,0,0.00000000000,1,N,N,BUI,BUI,1,The house was constructed by cut and fill method.,77.09984000000,9.81080000000,2,10.91999721530
0,Idukki,N,Y,N,DF,15,9,138.16000000000,1,N,FMP,BSL,FMP,1,The house was built by cut and fill method. The house was partly damaged. Cracks were developed inside the house.,77.07973000000,9.80542000000,4,22.68119239810
0,Idukki,N,Y,N,SS,28,15,427.71000000000,1,N,FMP,FMP,FMP,1,The house was built by cut and fill method. A spring was originated behind the house is still flowing.,77.07761000000,9.81228000000,5,28.87252235410
0,Idukki,N,Y,N,SS,56,7,367.13000000000,0,C,FMP,FMP,FMP,2,Road blocked.,77.11078000000,9.81248000000,2,14.04571914670
0,Idukki,N,Y,N,SS,23,8,190.71000000000,1,N,FMP,FMP,FMP,1,"One car shed fully destroyed. (Mathew Thomas, Vechucherukil, Ezhukumeel)",77.11199000000,9.81123000000,3,18.02935600280
0,Idukki,N,Y,N,SS,14,26,380.02000000000,1,N,SPL,SPL,SPL,1,Unplanned cutting of slope for construction of house. Chances of retrogression is there.,77.12359000000,9.80607000000,1,1.79020428658
0,Idukki,N,Y,N,DF,52,6,316.59000000000,0,N,FMP,FMP,FMP,2,Flow occurred in cultivated land.,77.12016413000,9.80349870300,3,19.52503013610
0,Idukki,N,Y,N,DF,61,24,1430.60000000000,0,C,FMP,FMP,FMP,2,Road blocked,77.12027532200,9.80506801900,5,26.50074958800
0,Idukki,N,Y,N,DF,0,0,0.00000000000,0,N,FMP,FMP,FMP,,Flow occurred in cultivated land.,77.09414000000,9.78948000000,5,25.49210166930
0,Idukki,N,Y,N,SS,0,0,0.00000000000,1,N,FMP,FMP,FMP,1,Flow occurred in cultivated land.,77.09150000000,9.78969000000,3,18.30809021000
0,Idukki,Y,Y,N,DF,0,0,1551.26000000000,0,N,SPL,SPL,SPL,,Flow occurred in cultivated land.,77.08118935100,9.79415516200,5,29.55992889400
0,Idukki,N,Y,N,DF,115,18,2028.46000000000,0,C,FMP,FMP,FMP,,Road blocked,77.07588454800,9.79712329000,4,20.07550811770
0,Idukki,N,Y,N,SS,92,11,1003.95000000000,0,D,SPL,FMP,SPL,2,Road partly damaged.,77.06841179200,9.80717249900,4,23.56047821040
0,Idukki,N,Y,N,SS,0,0,0.00000000000,2,N,N,BUI,BUI,1,The house was built by cut and fill method. Huge rock blocks were present upslope. Another old debris flow path observed 8 m from the location.,77.07664000000,9.81247000000,4,23.78206062320
0,Idukki,N,Y,N,SS,0,0,0.00000000000,0,D,N,ROA,ROA,2,Slide occurred in cultivated land.,77.04987000000,9.67636000000,4,21.75808906560
0,Idukki,N,Y,N,DF,0,0,0.00000000000,1,N,FMP,SPL,FMP,,Precariously perched huge boulders present in the upslope area should be removed. The slope above the house is is concave convergent in nature; thus channelizing the surface run-off.,77.00400000000,9.87400000000,3,18.58664131160
0,Idukki,N,Y,N,SS,24,13,304.44000000000,1,D,FMP,FMP,FMP,2,"reported landslide in 2013 towards the upslope of house belong to Mathew Chacko, Malapravanal House. House is constructed adpating cut and fill method and landslide also reported",77.00778147500,9.87573165100,5,28.20844459530
0,Idukki,N,Y,N,SS,20,9,184.41000000000,0,N,FMP,FMP,FMP,,This location is devoid of any habitations at present,77.00869950400,9.87461361700,4,23.71590995790
0,Idukki,Y,Y,N,DF,0,0,976.82000000000,0,N,FMP,FMP,FMP,,House locations are about 150m downslope of this slide and at present there is no such threat prevails,77.01139383600,9.87722683300,6,33.62591552730
0,Idukki,N,Y,N,SS,107,8,893.25000000000,1,D,FMP,FMP,FMP,2,Parakkadavu-Rajamudy road completely washed away.,77.01820690400,9.88247306400,5,26.88830757140
0,Idukki,N,Y,N,DF,0,0,0.00000000000,1,N,FMP,FMP,FMP,1,"The house located the crown area developed cracks. As the slide indicates possibility of widening, the house shall be evacuated.",77.01670000000,9.88711000000,2,11.48268604280
0,Idukki,N,Y,N,DF,0,0,0.00000000000,0,N,FMP,FMP,FMP,,"About 50m towards west of the debris flow path, ground subsidence / aborted slide is noticed. The land belongs to Mr. Soji, which need more attention during rains.",77.01460000000,9.87906000000,3,16.05310058590
0,Idukki,N,Y,N,SS,14,11,154.00000000000,2,C,FCP,FCP,FCP,2,Two houses are located in the downslope below the road bench. Providing proper protection measure will take care these houses,77.02035137400,9.87657036100,3,19.06338691710
0,Idukki,N,Y,N,SS,166,45,7413.11000000000,1,C,SPL,FMP,SPL,10,"The property belongs to Shri. Savio, Kavala Vazhikkal House and it may be utilised for agriclure purpose instead of habitations",77.02550406100,9.87592141000,4,23.56047821040
0,Idukki,N,Y,N,SS,0,0,0.00000000000,0,C,FMP,FMP,FMP,2,Toe erosion by tributary nala caused the sliding,77.03700000000,9.86918000000,3,19.66936492920
0,Idukki,N,Y,N,SS,11,15,167.26000000000,1,N,N,CSV,CSV,1/2,Slope has been modified for the construction of road as well as the house at upper level and has been kept unprotcted.,77.03739566500,9.87004219400,6,31.86915016170
0,Idukki,Y,Y,N,DF,0,0,4068.23000000000,1,N,FMP,FMP,FMP,,"Another house location which is about 70m away from the right flank of the slide towards NW belongs to Saseendran, Panamkunnel House developed with minor cracks and need attention",77.03859347200,9.87016500500,1,7.01120710373
0,Idukki,Y,Y,N,DF,0,0,1041.11000000000,1,D,BSL,GMC,BSL,,"The house located (9.872334N,77.033507E) at the toe, where the slope breaks, is vulnerable hence during incessant rain it may be vacated.",77.03360633800,9.87435576400,2,11.11105442050
0,Idukki,Y,Y,N,DF,0,0,5683.17000000000,1,D,BSL,SPL,BSL,,House located at the flow path destroyed completely. Kiliyar valley road got blocked at the foot slope area,77.03316899500,9.87457386000,4,20.61542510990
0,Idukki,N,Y,N,DF,0,0,0.00000000000,0,N,FMP,FMP,FMP,,,77.04493000000,9.86448000000,5,26.99844932560
0,Idukki,N,Y,N,SS,0,0,0.00000000000,4,N,N,BUI,BUI,1,"Apart from the mentioned houses, one Anganvadi building, two abandoned houses and cattle sheds are also located within the distressed zone.",76.98280469200,9.90743830000,3,16.98610496520
0,Idukki,N,Y,N,SS,0,0,0.00000000000,1,N,FMP,FMP,FMP,1/2,Cut slope failure.House constructed by practicing cut and fill mathod and toe removed for road construction. The cuts have been made without proper support intervention.,76.98737000000,9.89402000000,4,21.47393226620
0,Idukki,Y,Y,N,DF,0,0,3950.00000000000,3,C,FMP,FMP,FMP,,One house at the toe portion in the downslope of Gauricity-Antopuram road bench at the flow path got flooded with debris. Gauricity-Antopuram road also got blocked.,76.99830000000,9.90029000000,6,30.94713211060
0,Idukki,N,Y,N,SS,30,5,156.56000000000,1,D,N,FMP,BUI,1,Cut slope failure.A vertical cut of about 10m high was made for constructing house without timely support intervention.,76.97796098800,9.89680539200,3,17.02938079830
0,Idukki,N,Y,N,SS,22,14,302.57000000000,1,D,FMP,FMP,FMP,1,Cut slope failure.,76.97829082300,9.89620876500,3,16.39553451540
0,Idukki,N,Y,N,SS,0,0,0.00000000000,1,N,FMP,FMP,FMP,2,it retrogrades in the upslope direction damaging the under construction house and  road and further it extends to the rubber plantation,76.98036000000,9.89091000000,5,26.23193359380
0,Idukki,N,Y,N,SS,16,11,171.99000000000,1,N,FMP,FMP,FMP,1,,76.97878436800,9.89484754300,5,29.92156791690
0,Idukki,N,Y,N,DF,0,0,0.00000000000,1,D,FMP,FMP,FMP,,"Cattle shed and toillet washed away by the debris. In the road bench towards 20-30m west from the slide location, noticed development of ground cracks",76.97536000000,9.89052000000,4,22.79284286500
0,Idukki,N,Y,N,SS,19,17,319.95000000000,1,N,RUB,RUB,RUB,5,River bank erosion. The house at the upslope is situated at about 8m away from the crown scrap. Location is adjecent to the Periyar River,76.97061000000,9.88415000000,5,27.43470382690
0,Idukki,N,Y,N,DF,55,16,888.56000000000,1,N,FMP,SPL,FMP,,"Cracks developed on the adjacent house belongs to Mathew, Kulangarail House",76.97685000000,9.88199000000,5,26.41527175900
0,Idukki,N,Y,N,SS,44,25,1087.32000000000,1,D,N,FMP,BUI,1,Cut slope failure.,76.98687000000,9.87808000000,2,12.77037715910
0,Idukki,N,Y,N,DF,8,8,62.09000000000,0,C,FMP,FMP,FMP,2,Vimalagiri,76.99947706200,9.86594230700,3,16.51274108890
0,Idukki,N,Y,N,DF,15,18,267.48000000000,0,C,FMP,FMP,FMP,2,Vimalagiri,76.98980000000,9.87432000000,3,18.59695053100
0,Idukki,N,Y,N,SS,27,20,531.99000000000,1,N,FMP,FMP,FMP,1,,76.98015000000,9.88308000000,2,11.92925167080
0,Idukki,Y,Y,N,SS,0,0,2325.00000000000,1,C,FCP,FCP,FCP,10,Chappacity - Prakash road blockade,76.99552000000,9.87402000000,6,33.74819946290
0,Idukki,N,Y,N,DF,0,0,0.00000000000,0,C,FMP,FMP,FMP,,Thadiyampad - Santigram road blockade.,76.99683000000,9.87294000000,6,30.18646240230
0,Idukki,N,Y,N,SS,94,56,5269.31000000000,1,N,FMP,FMP,FMP,,"Ground cracks developed on the tile roofed house belongs to Shri. Biju, Padinjarail House located 5m away from the left flank near the crown area of the slide",76.98619419300,9.88315797000,3,15.26147937770
0,Idukki,N,Y,N,DF,45,10,459.69000000000,0,C,FMP,FMP,FMP,10,"Thadiyampad - Santigram road blockade. House belongs to Smt. Ramani, Iruvayikkal House located at the dowwn slope flow path area",76.99032022500,9.87981814300,4,23.31311988830
0,Idukki,N,Y,N,DF,0,0,0.00000000000,0,N,FMP,FMP,FMP,2,Newly built cut road and its retaining wall got washed away.,76.99944000000,9.87463000000,5,27.44934082030
0,Idukki,N,Y,N,SS,60,52,3147.82000000000,1,C,GMC,BSL,GMC,,Chalicity - Prakash road blocade. The land may be utilised for agriclure purpose only.,77.03340759500,9.85527271700,2,14.52617836000
0,Idukki,N,Y,N,DF,16,8,126.23000000000,0,N,FMP,FMP,FMP,,"Land belongs to Biju Varkey, Kunnamchira House",77.04211000000,9.85962000000,2,14.41750717160
0,Idukki,N,Y,N,SS,0,0,0.00000000000,0,N,FMP,FMP,FMP,1,"Land belongs to Mary Sebastian, Pulkunnel House",77.00876000000,9.88044000000,1,9.16074275970
0,Idukki,N,Y,N,SS,0,0,0.00000000000,1,N,FMP,FMP,FMP,1,The slope below the house bench is steep; hence the chances for retrogression .,77.00855000000,9.87991000000,4,21.90959548950
0,Idukki,N,Y,N,DF,0,0,0.00000000000,1,N,FMP,SPL,FMP,,Cut road at the lower slope got washed away. The land may be utilised for agriclure purpose only. Anotehr house is prsent on the upslope is unaffecetd.,77.01632000000,9.87402000000,6,33.82093429570
0,Idukki,N,Y,N,DF,0,0,0.00000000000,0,N,FMP,GMC,FMP,,"One house belonging to Shri. Soman, Keelath, is located on the right flank of debris flown path which followed a natural drainage course at 77.019651 E and 9.872354 N.",77.01952000000,9.87190000000,3,19.06587982180
0,Idukki,N,Y,N,DF,142,23,3327.46000000000,1,N,FMP,FMP,FMP,1,"On the upslope, in the crown, a bench is formed by cut and fill where one temporary shed is also constructed. Ground cracks are developed at this location.",77.03619549600,9.83706741700,5,28.13001823430
0,Idukki,N,Y,N,DF,0,0,0.00000000000,0,N,FMP,SPL,FMP,,"Land belongs to Jaison, Peedikamalayil",77.02856000000,9.83656000000,3,16.98032569890
0,Idukki,N,Y,N,DF,30,10,306.30000000000,1,C,GMC,GMC,GMC,1,Road blockade at downslope area. One rock block is precariously perched in the mid slope towards right of the slide scar and is posing threat to the house below. The rock ledge shall be removed.,77.02732500000,9.83752925600,1,9.09634304047
0,Idukki,N,Y,N,SS,31,36,1102.89000000000,1,C,FMP,FMP,FMP,1/2,Koottakkallu-Eettikavala Panchayat road at downslope area damaged. Huge rock blocks are protruded out of the slope face on the upslope area.,77.02614000000,9.83063000000,5,27.11681747440
0,Idukki,N,Y,N,DF,0,0,0.00000000000,0,N,FMP,FMP,FMP,,"Land belongs to Sabu M.C., Moolathapallil House",77.02626000000,9.83222000000,4,20.62441062930
0,Idukki,N,Y,N,SS,37,9,333.03000000000,0,N,FMP,FMP,FMP,,"Adjacent area experienced same sort of failure initiated at same level on 4th August 2013and resulted in complete damage of a house belongs to Johnson, Kanipallil House",77.02968000000,9.82830000000,4,24.96415710450
0,Idukki,N,Y,N,SS,27,14,371.11000000000,1,N,FMP,BSL,FMP,1,A vertical cut of about 5 m is made for the construction of the house without easing and support intervention.,77.04420595900,9.82344262400,4,20.57041168210
0,Idukki,Y,Y,N,DF,0,0,1526.66000000000,0,N,FMP,BSL,FMP,,,77.04362169500,9.82197833800,5,27.28909111020
0,Idukki,Y,Y,N,DF,0,0,1906.46000000000,2,N,FMP,FMP,FMP,,Two houses located at the toe area at valley on either flank of the flow path is said to be flooded with debris material during this slide.,77.05082000000,9.82480000000,6,34.18955612180
0,Idukki,N,Y,N,SS,19,19,373.24000000000,2,N,FMP,FMP,FMP,,Two houses located at the toe area at valley on either flank of the flow path is said to be flooded with debris material during this slide.,77.04180000000,9.82495000000,4,23.86254310610
0,Idukki,N,Y,N,DF,364,9,3157.18000000000,0,D,SPL,SPL,SPL,,Pandipara - Irukooti road damaged. Anganvadi Building at toe portion got damaged. Culvert of adequate capacity shall be provided at the road level for avoiding damming of debris and diversion of flow.,77.01407000000,9.85316000000,5,28.14685440060
0,Idukki,N,Y,N,DF,21,4,91.52000000000,1,N,FMP,FMP,FMP,10,One house located about 20 m towards left of the slide developed with cracks orienting parallel to the slope face indicating distress. The house need immediate attention.,77.01608000000,9.85135000000,3,17.09833717350
0,Idukki,N,Y,N,DF,106,18,1904.76000000000,0,N,FMP,FMP,FMP,,Drinking water source damaged,77.00718000000,9.85636000000,3,19.45961570740
0,Idukki,N,Y,N,SS,0,0,0.00000000000,1,N,N,FMP,BUI,1,Cut slope failure,77.01230000000,9.85811000000,4,22.68119239810
0,Idukki,Y,Y,N,DF,0,0,10781.83000000000,1,N,FMP,FMP,FMP,,,77.00607422600,9.86032995400,6,34.01856613160
0,Idukki,N,Y,N,DF,0,0,0.00000000000,1,N,SPL,CSV,CSV,1,Cut slope failure observed on backside of the house,77.00359000000,9.85932000000,5,25.12688446040
0,Idukki,N,Y,N,DF,12,7,79.11000000000,2,N,FMP,FMP,FMP,1,"House at the crown area of the major slide belong to Sabu V.F, Vanchipurackal. Cracks are observed ro develop in this house.",77.02252000000,9.84951000000,5,25.81699180600
0,Idukki,N,Y,N,DF,0,0,0.00000000000,0,N,FMP,FMP,FMP,,"Land belongs to Sibichan, Powthu House",77.02125000000,9.85098000000,6,30.63040542600
0,Idukki,N,Y,N,DF,0,0,0.00000000000,1,N,FMP,FMP,FMP,,House situated on the right flank of the debris flown path. The flow occurred along a natural drainage path.One rockfall incident also occurred on 6th June 2018 damaging the same house severely.,77.02267000000,9.85195000000,6,32.85028457640
0,Idukki,N,Y,N,DF,106,34,3604.38000000000,0,N,FMP,FMP,FMP,,"Land belongs to Saji, Puthettu House",77.02760000000,9.85076000000,3,15.66012477870
0,Idukki,N,Y,N,DF,52,8,400.82000000000,1,N,FMP,FMP,FMP,,"Land belongs to Smt. Sarasamma, Naragathinamkuzhiyil House.",77.02930000000,9.84994000000,3,17.09833717350
0,Idukki,N,Y,N,DF,0,0,0.00000000000,0,N,FMP,BSL,FMP,,Highly fractured rock blocks are seen perched on the crown portion of this slide. The pipe culvert provided at the unpaved road is found smaller in dimension.,77.02999000000,9.85023000000,1,9.43626689911
0,Idukki,N,Y,N,SS,37,25,940.43000000000,1,N,N,CSV,CSV,2,Cut slope failure in the Vimalagiri - Thadiyampadu road cut. About 12m high near verical cut left without attention. The house is located apprx.12m inside the hill from main scarp is in danger.,76.97140000000,9.87884000000,3,18.81175422670
0,Idukki,N,Y,N,SS,23,14,309.30000000000,0,C,FMP,FMP,FMP,1,Cut slope failure,77.03136000000,9.83944000000,3,18.64581680300
0,Idukki,N,Y,N,SS,0,0,0.00000000000,1,N,FMP,FMP,FMP,,Thin overburden comprsising soil and debris stripped off to exposes the bedrock. Towards the left there is a gully along which also water channelizes.,77.01940000000,9.83922000000,4,23.35838127140
0,Idukki,N,Y,N,SS,0,0,0.00000000000,1,C,FMP,FMP,FMP,2,It is better to provide a breast wall with weep holes at the road bench level to stabilise the upslope area (Cut slope failure),77.01493914500,9.84098044000,5,25.22105979920
0,Idukki,N,Y,N,SS,20,19,375.94000000000,1,C,FMP,FMP,FMP,2/3,Proper catch drain arrangements should be provided at the hill side of the road,77.01451010100,9.84107857600,5,27.91951179500
0,Idukki,N,Y,N,SS,0,0,0.00000000000,1,C,FMP,BSL,FMP,3,The water from the road bench level should be diverted away safely without entering into valley.,77.01246000000,9.83962000000,3,16.85545158390
0,Idukki,N,Y,N,SS,14,10,138.88000000000,0,C,FMP,FMP,FMP,2,,77.01404000000,9.83610000000,4,21.84336280820
0,Idukki,N,Y,N,SS,17,7,110.00000000000,0,C,FMP,FMP,FMP,2,Proper catch drain arrangements should be provided at the hill side of the road,77.00881710900,9.83713601400,4,22.74984359740
0,Idukki,N,Y,N,SS,0,0,0.00000000000,0,C,FMP,FMP,FMP,2,An open well collapsed at this location while sliding of the overburden material at this location,77.00919000000,9.83704000000,5,27.03750038150
0,Idukki,N,Y,N,DF,0,0,0.00000000000,0,N,FMP,SPL,FMP,,"Three debris flow incidences were noticed adjacent to this location on either side of house belongs to Shri Bijomon Chacko, Parackal house.",77.01262000000,9.83516000000,6,32.71896743770
0,Idukki,Y,Y,N,DF,0,0,1163.71000000000,1,C,FMP,SPL,FMP,,Ground cracks are present in the crown area indicating chances of retrogression,77.00294753000,9.82757286000,3,15.39247894290
0,Idukki,Y,Y,N,DF,0,0,3447.59000000000,1,C,FMP,SPL,FMP,,Proper catch drain arrangements should be provided at the church location at the toe of the debris flow,77.00221000000,9.82797000000,4,23.43165779110
0,Idukki,N,Y,N,DF,28,10,276.85000000000,0,N,FMP,BSL,FMP,,Proper catch drain arrangements should be provided at the hill side of the road and the surface water shoul be diverted and drained to the stream downslope.,77.00238000000,9.82773000000,4,23.52511024480
0,Idukki,N,Y,N,SS,24,30,717.60000000000,1,N,FMP,FMP,FMP,1,,76.98542000000,9.84609000000,5,26.16403198240
0,Idukki,Y,Y,N,DF,0,0,5575.00000000000,1,C,FMP,FMP,FMP,,,76.98973798770,9.84718449422,5,28.87252235410
0,Idukki,N,Y,N,SS,0,0,0.00000000000,0,N,FMP,FMP,FMP,2/3,Proper catch drain arrangements should be provided at the hill side of the road and the surface water shoul be diverted and drained to the stream downslope.,77.00447000000,9.82696000000,1,4.65714931488
0,Idukki,N,Y,N,SS,17,9,154.53000000000,0,N,TEA,TEA,TEA,,Slide incident located inside the tea plantation,77.02100000000,9.83458000000,3,16.67927169800
0,Idukki,N,Y,N,DF,18,8,144.00000000000,0,N,FMP,FMP,FMP,,,76.99044000000,9.84642000000,4,20.63563728330
0,Idukki,N,Y,N,DF,36,26,936.00000000000,0,C,FMP,FMP,FMP,2,The thick overburden material present in the left flank will fail as it developed ground cracks,76.99068999000,9.84247748200,4,23.03110885620
0,Idukki,N,Y,N,DF,80,10,800.00000000000,1,C,FMP,SPL,FMP,,,76.99178881400,9.84161340800,4,23.17655181880
0,Idukki,N,Y,N,SS,24,6,144.00000000000,1,N,FMP,FMP,FMP,1,The overburden material present in between these slides shall be removed/stripped.,76.97719000000,9.85201000000,6,30.06703567500
0,Idukki,N,Y,N,SS,0,0,0.00000000000,0,C,FMP,FMP,FMP,,The overburden material present in between these slides shall be removed/stripped.,76.99993000000,9.85493000000,3,18.94314575200
0,Idukki,N,Y,N,DF,99,8,792.00000000000,1,C,BSL,BSL,BSL,,The surface run off along this unpaved road (Priyadersinimedu) shall be regulated so as not to enter into valley in uncontrolled manner.,76.98005000000,9.85241000000,4,24.10877227780
0,Idukki,N,Y,N,SS,23,5,115.00000000000,1,C,N,BUI,BUI,1/4,"It is also been told that about 6 years back, the same location witnessed a slope failure in the rear side cut of the same house. Shri Benny's mother got killed in that event.",76.98018000000,9.85194000000,5,26.44640541080
0,Idukki,N,Y,N,SS,16,6,96.00000000000,0,C,FMP,FMP,FMP,2,,76.97492499700,9.85327017100,6,30.81520271300
0,Idukki,Y,Y,N,DF,0,0,5628.00000000000,1,N,FMP,FMP,FMP,,,77.00130000000,9.84997000000,4,20.75857162480
0,Idukki,N,Y,N,SS,28,7,196.00000000000,0,C,FMP,FMP,FMP,2,,77.00115000000,9.85234000000,2,13.08586788180
0,Idukki,N,Y,N,SS,0,0,0.00000000000,2,N,FMP,FMP,FMP,1,"Thomas Joseph, Vellamattathil House lis located at 9.85316 N, 76.991232 E",76.99134000000,9.85342000000,4,20.53430557250
0,Idukki,Y,Y,N,DF,0,0,2011.00000000000,0,N,FMP,FMP,FMP,,"Another debris flow incidence noticed at location 9.853924 N, 76.982759 E on the right flank.",76.98246000000,9.85404000000,5,27.27578926090
0,Idukki,Y,Y,N,DF,0,0,1925.00000000000,0,N,FMP,FMP,FMP,,,76.99537000000,9.84622000000,5,27.46542739870
0,Idukki,N,Y,N,DF,0,0,0.00000000000,0,N,FMP,FMP,FMP,,,76.99126000000,9.84831000000,6,34.26712799070
0,Idukki,N,Y,N,DF,0,0,0.00000000000,0,N,FMP,BSL,FMP,,,76.98947000000,9.85070000000,5,27.95643806460
0,Idukki,N,Y,N,SS,24,16,384.00000000000,1,C,FMP,FMP,FMP,2,An unpaved road passes through the crown area of the slide. If indended to reconstruct on the same location propoer retaing structure should be provided.,76.99352000000,9.84587000000,4,24.03493881230
0,Idukki,Y,Y,N,SS,0,0,3350.00000000000,0,N,FCP,BSL,FCP,,Initiated as debris slide and transformed to debris flow in sequence.,76.99966000000,9.84136000000,5,28.36418724060
0,Idukki,Y,Y,N,DF,0,0,666.00000000000,0,N,RUB,RUB,RUB,,,76.98357000000,9.86937000000,4,23.68642044070
0,Idukki,Y,Y,N,SS,0,0,2371.00000000000,0,N,FMP,FMP,FMP,,Initiated as debris slide and transformed to debris flow in sequence.,76.98385000000,9.86902000000,5,29.50706100460
0,Idukki,N,Y,N,SS,26,2,52.00000000000,2,N,FMP,FMP,FMP,1,,76.97370000000,9.87927000000,4,20.10343551640
0,Idukki,N,Y,N,SS,0,0,0.00000000000,1,N,N,BUI,BUI,1,,76.97592000000,9.87749000000,3,16.98610496520
0,Idukki,N,Y,N,SS,0,0,0.00000000000,1,N,N,CSV,CSV,1,Cut slope failure. Translational failure of loose overburden materail along the rock-overburden contact which daylights in the cut face.,76.99084000000,9.84173000000,4,21.24923896790
0,Idukki,N,Y,N,SS,41,5,205.00000000000,2,N,FMP,FMP,FMP,1,,76.99857000000,9.92558000000,1,6.69458913803
0,Idukki,Y,N,N,SS,67,18,1206.00000000000,0,N,BSL,SPL,BSL,,,76.93454447200,9.93592024100,3,19.91861724850
0,Idukki,N,N,Y,SS,22,14,308.00000000000,0,N,N,FMP,ROA,2,,76.97841283200,9.93666106700,7,36.90237808230
0,Idukki,N,N,Y,SS,84,20,1680.00000000000,0,N,FCP,FCP,FCP,,,76.97468787200,9.93484378100,5,29.75446510310
0,Idukki,Y,N,N,DF,280,9,2520.00000000000,0,N,N,BRG,BRG,4,,76.97536951600,9.93003598900,5,27.73937797550
0,Idukki,Y,Y,N,SS,0,0,3150.00000000000,0,D,BSL,SPL,BSL,4/10,Road damaged,76.98216411700,9.93285617400,4,22.56874275210
0,Idukki,Y,Y,N,DF,0,0,3950.00000000000,0,D,FCP,FCP,FCP,2,Road damaged and blocked,76.97920906000,9.93644340800,7,37.16160202030
0,Idukki,Y,Y,N,DF,0,0,1125.00000000000,0,C,BSL,BSL,BSL,,Road blocked,76.97610765700,9.93526651400,7,35.28518676760
0,Idukki,N,Y,N,SS,36,12,446.86000000000,0,D,FCP,FCP,FCP,2,Road damaged and blocked,76.97476000000,9.93545000000,5,28.31983947750
0,Idukki,Y,N,N,DF,515,18,9270.00000000000,0,N,N,BSG,BSO,,,77.00757465900,9.92992803900,4,20.88272666930
0,Idukki,Y,N,N,DF,584,17,9928.00000000000,0,N,N,BSG,BSO,,,77.00934463700,9.92953791800,5,29.31480026250
0,Idukki,Y,N,N,DF,148,4,592.00000000000,0,N,N,BSG,BSO,,,77.00698246900,9.93003613700,4,20.31353759770
0,Idukki,N,Y,N,SS,20,7,140.00000000000,1,N,FMP,FMP,FMP,1,,77.00485851000,9.93078068300,4,21.65975189210
0,Idukki,Y,N,N,SS,0,0,875.00000000000,2,N,FMP,SPL,FMP,,,76.85120811400,9.87554537000,4,21.94672584530
0,Idukki,N,N,Y,SS,52,15,780.00000000000,0,N,GMC,SPL,GMC,10,,76.85132382600,9.86278101800,5,29.00086021420
0,Idukki,Y,N,N,SS,148,8,1184.00000000000,0,N,SPL,GMC,SPL,,,76.84580416400,9.86998085100,6,33.39797210690
0,Idukki,N,Y,N,SS,0,0,0.00000000000,0,C,N,ROA,ROA,,Road blocked,76.85373000000,9.81245000000,3,19.04591369630
0,Idukki,N,Y,N,SS,0,0,0.00000000000,0,C,N,ROA,ROA,,Road blocked,76.85358000000,9.81250000000,3,19.04591369630
0,Idukki,N,Y,N,DF,482,15,7190.50000000000,2,N,SPL,BSL,SPL,,The construction activities in the near vicinity of stream should be avoided.,76.85051432700,9.85785256600,5,29.44106101990
0,Idukki,N,Y,N,SS,13,5,61.64000000000,1,C,FMP,BSL,BUI,2,Pannimattom - Mottamudy road blocked.,76.83290563600,9.84075846700,5,25.23949432370
0,Idukki,N,Y,N,SS,23,19,436.48000000000,0,C,FMP,FMP,FMP,2,Manjikkal - Venniyani road blocked.,76.84856685300,9.87527856500,5,26.91402244570
0,Idukki,N,Y,N,SS,23,13,297.12000000000,0,C,FMP,FMP,FMP,2,Manjikkal - Venniyani road blocked.,76.84866783400,9.87549274300,5,27.64712142940
0,Idukki,N,Y,N,SS,0,0,0.00000000000,0,C,FMP,FMP,FMP,2,Manjikkal - Venniyani road blocked.,76.84874806600,9.87584934500,4,21.64085006710
0,Idukki,N,Y,N,SS,10,10,101.66000000000,0,C,FMP,FMP,FMP,2,Manjikkal - Venniyani road blocked.,76.84853000000,9.87487000000,4,22.95981216430
0,Idukki,N,Y,N,DF,16,8,133.25000000000,1,C,FMP,FMP,FMP,1/2,Manjikkal - Venniyani road blocked.,76.84705000000,9.87091000000,5,25.51023101810
0,Idukki,Y,Y,N,DF,0,0,7741.95000000000,0,C,SPL,GMC,SPL,,Manjikkal - Venniyani road blocked. Flow occurred in the natural course of Ist order stream.,76.84558726900,9.86985207100,5,25.88312911990
0,Idukki,N,Y,N,DF,0,0,0.00000000000,1,N,FMP,FMP,FMP,1,Flow occurred in the natural course of Ist order stream.,76.84758000000,9.86564000000,3,17.44083023070
0,Idukki,N,Y,N,SS,52,14,712.70000000000,0,C,FMP,FMP,FMP,2,Venniyani - Paramada road blocked.,76.84869000000,9.86717000000,6,30.77099227910
0,Idukki,Y,Y,N,SS,0,0,792.73000000000,1,N,FMP,FMP,FMP,,The slide occured in the cultivated land.,76.84941814400,9.86757807400,4,22.52313804630
0,Idukki,Y,Y,N,DF,0,0,2725.00000000000,0,C,FMP,FMP,FMP,,Peringassery - Moolakkad road blocked. Flow occurred in the natural course of Ist order stream.,76.85279298400,9.86117519500,5,29.34873771670
0,Idukki,Y,Y,N,DF,0,0,1100.00000000000,0,C,FMP,FMP,FMP,,Peringasseri - Venniyani road blocked. The flow occured along the first order stream path.,76.85000000000,9.86861000000,5,25.68716239930
0,Idukki,N,Y,N,DF,12,6,76.01000000000,0,N,FMP,FMP,FMP,,The flow occured in the cultivated land.,76.85002000000,9.87329000000,5,28.34757041930
0,Idukki,Y,N,N,SS,70,26,1820.00000000000,0,N,N,GNA,GNA,,,77.10514218900,9.91946383500,6,30.09572601320
0,Idukki,Y,Y,N,DF,0,0,3199.00000000000,0,C,GMC,SPL,GMC,,,77.09982408300,9.92567417300,3,19.96327590940
0,Idukki,Y,N,N,DF,96,9,864.00000000000,0,N,FMP,FMP,FMP,,,76.96723877300,9.92577202100,5,28.21403121950
0,Idukki,N,N,Y,DF,334,13,4342.00000000000,1,D,N,FNO,FNO,,,77.04168874300,9.91979861900,5,26.78503799440
0,Idukki,Y,Y,N,DF,0,0,2475.12000000000,0,N,BSL,GMC,BSL,10,Flow occurred in cultivated land,76.97497709400,9.92362185300,8,43.21720504760
0,Idukki,Y,Y,N,DF,77,7,539.00000000000,0,N,RUB,RUB,RUB,,Flow occurred in cultivated land,76.97414034100,9.92477906300,5,26.18301010130
0,Idukki,N,N,Y,DF,131,12,1572.00000000000,0,N,FCP,FCP,FCP,,,77.05373542800,9.91652851700,5,28.08081054690
0,Idukki,N,N,Y,DF,123,11,1353.00000000000,2,C,FMP,GMC,FMP,10,,77.05323034400,9.92314663500,6,31.55266571040
0,Idukki,Y,N,N,SS,169,19,3211.00000000000,0,N,N,BRG,GNA,,,77.10719173800,9.90529574000,7,36.30884933470
0,Idukki,Y,N,N,SS,186,23,4278.00000000000,0,N,N,BRG,GNA,,,77.10560852100,9.90442644900,3,17.98908615110
0,Idukki,N,N,Y,SS,164,30,4920.00000000000,0,N,N,FNO,FNO,,,76.97216029600,9.91627138300,7,39.80184555050
0,Idukki,Y,N,N,SS,0,0,3325.00000000000,1,N,RUB,SPL,RUB,,,76.96661926400,9.90869310000,5,29.12688827510
0,Idukki,N,N,Y,SS,46,8,368.00000000000,0,C,FMP,BSL,FMP,,,76.95904440700,9.91439082700,2,13.52258968350
0,Idukki,Y,N,N,SS,0,0,608.94000000000,0,N,GMC,FCP,GMC,,,76.95588035400,9.91173147000,5,29.79512977600
0,Idukki,N,N,Y,SS,15,7,105.00000000000,0,C,FMP,FMP,FMP,,,76.95936523900,9.91456000900,1,5.18029165268
0,Idukki,Y,N,N,SS,0,0,3575.00000000000,0,C,FMP,FMP,FMP,,,76.96984423500,9.90785789500,3,18.26333045960
0,Idukki,N,Y,N,DF,53,7,396.78000000000,0,D,FMP,FMP,FMP,,Road blocked,76.96777746400,9.90595800900,6,32.79957580570
0,Idukki,Y,Y,N,DF,0,0,1787.74000000000,0,D,N,SNA,BSS,,Road blocked,76.95751294500,9.91299222200,7,35.47848510740
0,Idukki,N,Y,N,SS,7,10,69.24000000000,1,D,N,FMP,BUI,2,,76.95151000000,9.92019000000,2,11.22865009310
0,Idukki,Y,Y,N,DF,0,0,2111.34000000000,0,N,GMC,BSL,GMC,10,Flow occurred in cultivated land,76.94932272200,9.92053145900,4,20.88272666930
0,Idukki,Y,Y,N,DF,0,0,2338.00000000000,0,N,FCP,FCP,FCP,,Flow occurred in cultivated land,76.94806866600,9.91433757500,6,31.97627639770
0,Idukki,Y,Y,N,SS,0,0,1250.00000000000,0,C,FMP,FMP,FMP,2,NH: Blocked,76.96664704400,9.90616922600,6,34.38088226320
0,Idukki,N,Y,N,SS,62,23,1407.17000000000,0,C,RUB,FMP,QUU,10,Slide occurred in cultivated land.,76.96958938400,9.91141129600,5,25.08466529850
0,Idukki,N,Y,N,SS,27,15,407.21000000000,0,C,RUB,FMP,QUU,10,Road blocked.,76.97018128200,9.91126854200,4,21.63874816890
0,Idukki,N,Y,N,SS,33,20,677.30000000000,0,C,SPL,FMP,SPL,5,Road blocked,76.97409921500,9.90925333400,4,23.66426849370
0,Idukki,N,Y,N,SS,16,11,182.15000000000,1,D,FMP,SPL,FMP,2,One shop partly damaged.,76.97400568800,9.90897520400,6,32.36647796630
0,Idukki,Y,Y,N,SS,0,0,4300.00000000000,0,D,FMP,FMP,FMP,2,Road damaged and blocked,76.96501678900,9.90846027300,6,32.98579025270
0,Idukki,Y,Y,N,SS,0,0,2550.00000000000,0,C,FMP,FMP,FMP,,Road blocked,76.96338175500,9.90939548400,6,31.65619087220
0,Idukki,Y,Y,N,DF,266,11,2926.00000000000,0,C,N,BSS,BSO,4,Road blocked,76.95748149000,9.91133557100,6,33.88938522340
0,Idukki,N,Y,N,SS,24,7,164.78000000000,0,C,FMP,FMP,FMP,2,Road blocked,76.96741640200,9.90623843500,6,31.47373390200
0,Idukki,N,Y,N,SS,36,12,432.00000000000,0,C,FCP,SPL,FCP,,,76.96946595600,9.89994008800,3,15.65054607390
0,Idukki,Y,N,N,SS,54,29,1566.00000000000,2,D,FMP,FMP,FMP,10,,76.93189145000,9.89286434700,2,13.08586788180
0,Idukki,Y,N,N,SS,0,0,1275.00000000000,1,N,FMP,FMP,FMP,,,76.94570642900,9.88187009200,3,15.29763793950
0,Idukki,N,N,Y,SS,30,12,360.00000000000,0,N,FMP,SPL,FMP,2/6,,76.96730442000,9.86444863500,4,22.55685806270
0,Idukki,N,N,Y,SS,28,18,504.00000000000,0,C,FMP,FMP,FMP,10,,76.96144879200,9.85032143000,3,19.06587982180
0,Idukki,N,N,Y,SS,32,16,512.00000000000,0,C,FMP,FMP,FMP,10,,76.96150719700,9.85059980300,3,19.33770561220
0,Idukki,N,N,Y,SS,17,11,187.00000000000,1,N,N,ROA,ROA,,,76.96636925000,9.86499864700,3,18.13618659970
0,Idukki,Y,N,N,SS,0,0,1500.00000000000,0,D,FMP,FMP,FMP,2,,76.93945821000,9.88998649200,5,26.44640541080
0,Idukki,N,N,Y,SS,46,13,598.00000000000,0,C,SPL,SPL,SPL,,,76.94558997800,9.87749879800,5,27.33188056950
0,Idukki,Y,N,N,SS,0,0,1375.00000000000,0,N,FMP,FMP,FMP,,,76.94431333700,9.88697909600,5,25.65780639650
0,Idukki,N,N,Y,SS,13,11,143.00000000000,0,N,FMP,FMP,FMP,,,76.94434509500,9.88714173900,4,24.31051826480
0,Idukki,Y,N,N,SS,0,0,5825.00000000000,0,N,BSL,SPL,BSL,10,,76.93749935100,9.88965775000,2,13.84069156650
0,Idukki,N,N,Y,SS,17,5,85.00000000000,0,N,FMP,FMP,FMP,,,76.93793515100,9.89166472500,2,14.05660438540
0,Idukki,Y,N,N,SS,0,0,1500.00000000000,0,N,FMP,FMP,FMP,,,76.94456295100,9.87644997200,5,28.98353958130
0,Idukki,Y,N,N,SS,114,13,1482.00000000000,1,N,FMP,FMP,FMP,,,76.94950186300,9.89691061400,5,27.55143737790
0,Idukki,N,N,Y,SS,41,7,287.00000000000,0,N,FMP,FMP,FMP,,,76.94955711600,9.89633542100,6,30.11192131040
0,Idukki,Y,N,N,SS,0,0,2925.00000000000,0,N,FMP,SPL,FMP,,,76.94298009700,9.90371323500,7,35.18858337400
0,Idukki,N,N,Y,SS,18,9,162.00000000000,0,N,FMP,GMC,FMP,10,,76.97075739200,9.89154410700,6,31.73764228820
0,Idukki,N,N,Y,SS,35,6,210.00000000000,2,C,SPL,BUI,BUI,,,76.94312070300,9.87913035900,4,24.12493324280
0,Idukki,Y,N,N,DF,103,9,927.00000000000,0,C,FMP,FMP,FMP,,,76.94146362500,9.90461998200,6,31.79172134400
0,Idukki,Y,N,N,DF,109,14,1526.00000000000,1,N,FMP,FMP,FMP,,,76.94166425700,9.88984317300,5,27.48295593260
0,Idukki,N,Y,N,DF,177,10,1770.00000000000,1,C,FMP,FMP,FMP,1,,76.95021598200,9.87742026200,1,7.79970502853
0,Idukki,Y,N,N,DF,153,10,1530.00000000000,1,N,SPL,SPL,SPL,,,76.94525480400,9.87440002600,6,32.05948638920
0,Idukki,N,N,Y,DF,23,8,184.00000000000,1,C,N,SPL,BUI,1,,76.96716306300,9.86405624900,5,28.24891281130
0,Idukki,Y,Y,N,DF,212,9,1908.00000000000,1,D,FMP,SPL,FMP,1,One temporary shop in the road side destroyed.,76.96407074900,9.90638765000,3,19.90684127810
0,Idukki,N,Y,N,DF,23,10,230.00000000000,1,C,GMC,GMC,GMC,1,Road and culvert was blocked at road bench above the location. Loose debris along the runout as well as in culvert shold be cleared.,76.95024000000,9.86854000000,1,8.12452697754
0,Idukki,Y,Y,N,SS,20,5,100.00000000000,1,C,N,BUI,BUI,1,Road blocked. Retaining wall over hard rock to be constructed at the road cut.,76.93548000000,9.88583000000,5,27.04649925230
0,Idukki,Y,Y,N,SS,11,7,77.00000000000,0,C,FMP,SPL,FMP,2,Road blocked.,76.93500097400,9.88614323400,4,21.67234039310
0,Idukki,Y,Y,N,DF,122,17,2074.00000000000,1,C,FMP,FMP,FMP,,1 abandoned Pentecost church situated above the crown of slide. Crown cracks are observed at the front portion of church.,76.93373236200,9.88654519400,3,16.18561553960
0,Idukki,N,Y,N,SS,0,0,0.00000000000,1,N,N,FMP,BUI,1,,76.93413000000,9.88650000000,2,10.02659988400
0,Idukki,Y,Y,N,DF,0,0,975.00000000000,1,N,SPL,SPL,SPL,,,76.93519869300,9.88305878400,6,30.28039932250
0,Idukki,N,Y,N,SS,0,0,0.00000000000,1,C,FMP,FMP,FMP,,"Road blocked. Along the left flank of this slide about 500m, cracks are observed.",76.93260000000,9.88645000000,4,24.46940612790
0,Idukki,Y,Y,N,DF,0,0,2075.00000000000,3,C,FCP,FCP,FCP,,Road blocked. Retaining wall to be constructed on the hard rock. Culvert of suitable dimension to be constructed on the road.,76.93085001600,9.88828012700,5,29.53416061400
0,Idukki,N,Y,N,SS,0,0,0.00000000000,1,N,N,BUI,BUI,1,,76.93173000000,9.88877000000,2,11.99898529050
0,Idukki,N,Y,N,SS,0,0,0.00000000000,4,N,FMP,FMP,FMP,1,,76.93084000000,9.88936000000,3,18.90536689760
0,Idukki,N,Y,N,SS,0,0,0.00000000000,1,N,SPL,SPL,SPL,2,Arrested slide with crown cracks developed in Mr. Sadish Babu's house which were formed on 15 th August heavy rainfall.,76.93024000000,9.88961000000,4,24.67537689210
0,Idukki,Y,Y,N,SS,34,8,272.00000000000,1,N,SPL,FMP,SPL,,,76.94097607700,9.87930203800,2,13.48078918460
0,Idukki,N,Y,N,SS,14,12,168.00000000000,0,C,FMP,FMP,FMP,2,Road blocked. Easing of slope and lined road side drainage is suggested.,76.93610280700,9.88506842100,6,33.94473266600
0,Idukki,N,Y,N,SS,7,4,28.00000000000,1,C,BSL,FMP,BSL,2,Road blocked. Accumulated material to be stabilized and retaining wall to be constructed at two levels with bench in between from the road level.,76.93715554000,9.88400678600,3,19.96327590940
0,Idukki,N,Y,N,SS,28,12,336.00000000000,1,C,FMP,FMP,FMP,2,,76.93766998900,9.88358630600,4,23.56047821040
0,Idukki,Y,Y,N,SS,0,0,3950.00000000000,1,C,FMP,FMP,FMP,2,Road blocked. Electric pole damaged. The remedial measures suggested are easing of slope and pitching and turfing of slope.,76.95749902200,9.86884782600,2,10.40011596680
0,Idukki,N,Y,N,DF,0,0,0.00000000000,1,C,SPL,SPL,SPL,2,"Road blocked. Electric pole damaged. Lined drain should be maintained, culvert of suitable dimension should be constructed at the road.",76.95616000000,9.87027000000,4,23.70301437380
0,Idukki,N,Y,N,DF,0,0,0.00000000000,1,C,FMP,FMP,FMP,,"Road blocked and electric pole damaged. The remedial measures suggested are construction of retaining structure at scarp face to avoid retrogression,",76.95506000000,9.87064000000,5,25.07620811460
0,Idukki,N,Y,N,SS,0,0,0.00000000000,0,C,FMP,FMP,FMP,,,76.95532522500,9.87124273800,3,15.58330059050
0,Idukki,N,Y,N,SS,0,0,0.00000000000,1,C,FMP,BUI,BUI,,Road blocked and electric pole damaged. Construction of retaining structure for the entire height of slope and subhorizontal drainage using perforated pipes on the road are suggested.,76.95478716800,9.87133812100,2,11.91612529750
0,Idukki,N,Y,N,DF,42,5,210.00000000000,1,C,SPL,FMP,BUI,1,,76.95474081100,9.87149487100,2,11.91612529750
0,Idukki,N,Y,N,SS,53,32,1696.00000000000,1,C,N,FMP,BUI,1,,76.95406000000,9.87178000000,2,13.32365894320
0,Idukki,N,Y,N,SS,17,8,136.00000000000,1,C,N,FMP,BUI,1,Road blocked and electric pole damaged. Construction of retaining structure with suitable pillar in between the wall and overburden and proper weepholes to be provided.,76.95430881100,9.87212327900,1,8.68074607849
0,Idukki,Y,Y,N,DF,33,11,363.00000000000,1,C,FMP,FMP,FMP,2,"Road blocked and electric pole damaged. Boulders to be removed, suitable box culvert to be constructed at the road.    This landslide is covered by one NRSC polygons with the other two.",76.95295813500,9.87255224800,6,33.71321105960
0,Idukki,Y,Y,N,SS,18,17,306.00000000000,1,C,FMP,FMP,FMP,2,Road blocked and electric pole damaged. Easing of slope to be done. Suitable box culvert to be constructed at the road.   This landslide is covered by one NRSC polygons with the other two.,76.95350625700,9.87257114100,3,16.85545158390
0,Idukki,Y,Y,N,SS,18,7,126.00000000000,1,C,FMP,FMP,FMP,2,Road blocked and electric pole damaged. Easing of slope and pitching and turfing of slope.    This landslide is covered by one NRSC polygons with the other two.,76.95395000000,9.87270000000,1,4.93136167526
0,Idukki,Y,Y,N,SS,73,44,3212.00000000000,1,C,SPL,SPL,SPL,,"Road blocked and electric pole damaged. Retaining stucture to be constructed to protect the road , proper Lined drain should be maintained.",76.95109151800,9.87357892100,1,9.88258075714
0,Idukki,N,Y,N,SS,0,0,0.00000000000,1,C,RUB,SPL,RUB,2,"Road blocked and electric pole damaged. Retaining stucture to be constructed, horizontal subsurface drainage in RCC with weepholes or Gabion walls should be constructed till hard rock.",76.95042000000,9.87449000000,2,10.15798377990
0,Idukki,Y,Y,N,SS,0,0,2000.00000000000,1,C,FMP,FMP,FMP,2,Road blocked and electric pole damaged. Accumulated material to be cleared and reconstruction of retaining wall should be done at the road.,76.94972000000,9.87608000000,5,29.91652870180
0,Idukki,N,Y,N,SS,20,14,280.00000000000,0,C,FCP,FCP,FCP,2,"Road blocked. Easing of slope, accumulated material to be removed and proper lined drain should be maintained.",76.95033000000,9.87587000000,6,31.81532478330
0,Idukki,N,Y,N,SS,14,7,98.00000000000,0,C,N,GMC,BUI,1,"Road blocked. Easing of slope, accumulated material to be removed and proper lined drain should be maintained.",76.95450000000,9.87429000000,2,12.46244812010
0,Idukki,N,Y,N,DF,0,0,0.00000000000,0,C,N,ROA,ROA,,Accumulated material to be cleared and reconstruction of retaining wall should be done at the road.,76.94469000000,9.88322000000,5,26.26499176030
0,Idukki,N,Y,N,DF,0,0,0.00000000000,1,C,N,BUI,BUI,1,Road blocked and electric pole damaged.,76.93941000000,9.88751000000,1,7.99087238312
0,Idukki,Y,Y,N,DF,0,0,2500.00000000000,2,C,FMP,FMP,FMP,,Road blocked,76.93883335800,9.88786541200,4,24.50800895690
0,Idukki,N,Y,N,SS,21,5,105.00000000000,1,N,N,BUI,BUI,1,"Arrested slide observed at Mr. George Mathew Thekamparam house, where tensional crack present at court yard, extending upto 15m on both sides is noticed.",76.93886743500,9.88835721900,1,9.37389183044
0,Idukki,Y,Y,N,DF,43,8,344.00000000000,0,C,FMP,FMP,FMP,,,76.93804157000,9.88813277700,4,23.51019477840
0,Idukki,N,Y,N,SS,21,8,168.00000000000,1,C,FMP,SPL,FMP,2/4,,76.94029416500,9.88680667900,1,8.31430816650
0,Idukki,N,Y,N,SS,10,5,50.00000000000,1,N,SPL,BSL,SPL,,,76.94029532200,9.88695603500,1,8.31430816650
0,Idukki,N,Y,N,DF,0,0,0.00000000000,1,N,FMP,FMP,FMP,,,76.94049000000,9.88924000000,3,19.09329223630
0,Idukki,Y,Y,N,SS,0,0,6675.00000000000,0,C,BSL,FMP,BSL,2,,76.93925415400,9.89022273900,4,24.42190551760
0,Idukki,N,Y,N,SS,12,7,84.00000000000,1,C,N,BUI,BUI,1,,76.93008000000,9.89843000000,3,19.39878654480
0,Idukki,Y,Y,N,SS,0,0,850.00000000000,1,C,N,FMP,ROA,2,Maniyarankudi- Anakomban Road blocked. Gabion wall to be founded over the hard rock. Removal of accumulated material.,76.92955000000,9.89775000000,3,15.46720314030
0,Idukki,Y,Y,N,DF,0,0,1104.46289400000,0,C,GMC,GMC,GMC,2,Lakshamkavala- Bhoomiyankulam road blocked. Removal of accumulated material.,76.95035000000,9.89066000000,5,28.40841674800
0,Idukki,N,Y,N,SS,21,9,189.00000000000,1,C,GMC,GMC,GMC,1,Ground cracks observed at the courtyard of the house.,76.94733101100,9.89223591400,3,17.02938079830
0,Idukki,N,Y,N,SS,0,0,0.00000000000,1,N,FMP,FMP,FMP,,,76.94399451000,9.89360782800,2,14.63736152650
0,Idukki,N,Y,N,DF,15,10,150.00000000000,1,C,FMP,FMP,FMP,2,,76.94530454100,9.89322782900,3,17.70392799380
0,Idukki,N,Y,N,SS,17,6,102.00000000000,1,C,FMP,FMP,FMP,1,Road blocked. Construction of Retaining wall founded on hard rock with filter medium. Construction of lined drainage along the road side.,76.94553000000,9.89308000000,4,20.36389350890
0,Idukki,N,Y,N,SS,12,8,96.00000000000,0,D,SPL,FMP,SPL,2,Road damaged. Construction of Retaining wall founded on hard rock with filter medium. Construction of lined drainage along the road side.,76.95053000000,9.89009000000,6,32.56514739990
0,Idukki,N,Y,N,DF,16,5,80.00000000000,1,N,FMP,FMP,FMP,,,76.95081000000,9.88982000000,6,32.09486389160
0,Idukki,N,Y,N,DF,0,0,0.00000000000,1,N,FMP,SPL,FMP,,,76.94376000000,9.89185000000,6,30.86048698430
0,Idukki,Y,Y,N,DF,52,10,520.00000000000,1,N,FMP,FMP,FMP,,Ground cracks observed at the courtyard of the house. Cracks inside the wall of the house .,76.94292000000,9.89169000000,3,15.38596057890
0,Idukki,Y,Y,N,DF,0,0,8250.00000000000,1,C,FCP,SPL,FCP,,,76.94229356400,9.89266529100,6,30.18646240230
0,Idukki,N,Y,N,DF,0,0,0.00000000000,1,N,SPL,SPL,SPL,,,76.94320000000,9.89401000000,2,13.29661846160
0,Idukki,Y,Y,N,DF,0,0,1263.00000000000,2,N,GMC,SPL,GMC,10,,76.94457000000,9.88611000000,5,27.94792366030
0,Idukki,Y,Y,N,DF,0,0,1664.41235100000,0,N,SPL,SPL,SPL,,No Construction allowed in the nala path,76.95345076900,9.88822085600,2,11.81937026980
0,Idukki,N,Y,N,DF,12,6,72.00000000000,1,D,N,FMP,BUI,1,Clear the flow path and deflection wall should be provided for diverting the sub surface runoff away from the house. Road damaged.,76.95365000000,9.88647000000,3,17.32854652400
0,Idukki,Y,Y,N,DF,173,8,1384.00000000000,0,C,FMP,FMP,FMP,2,,76.95732000000,9.88850000000,5,25.38123893740
0,Idukki,Y,Y,N,DF,0,0,6775.00000000000,3,D,FMP,FMP,FMP,,Road damaged. A culvert with suitable dimension has to be provide at the road bench.,76.95577392150,9.88838245789,5,27.51213264470
0,Idukki,Y,Y,N,DF,0,0,9050.00000000000,0,D,FMP,FMP,FMP,2,Road damaged. A box culvert with suitable dimension has to be provide at the road bench.,76.95151000000,9.89480000000,4,20.19846153260
0,Idukki,Y,Y,N,DF,48,18,864.00000000000,1,C,FMP,FMP,FMP,4,Road blocked. An abandoned house at at the crown noticed,76.96252048500,9.89024900600,4,20.99492263790
0,Idukki,N,Y,N,DF,87,11,957.00000000000,1,C,FCP,SPL,FCP,,Road and electric pole damaged. Retaining structure has to be provided at the road bench. Stabilise the accumulated material.,76.95308309900,9.89793656300,4,23.33576583860
0,Idukki,N,Y,N,SS,25,11,275.00000000000,0,C,SPL,SPL,SPL,2,Road blocked.,76.95176733900,9.90089351900,2,11.91174602510
0,Idukki,N,Y,N,DF,27,8,216.00000000000,0,C,FCP,GMC,FCP,2,,76.95018141400,9.90524957700,3,16.12722587590
0,Idukki,Y,Y,N,DF,0,0,922.38087700000,0,D,FMP,FMP,FMP,,Road damaged. A box culvert with suitable dimension has to be provided at the road bench.,76.94530000000,9.90160000000,6,30.65211296080
0,Idukki,Y,Y,N,DF,0,0,2050.00000000000,0,N,GMC,BSL,GMC,,,76.94178923000,9.90298737100,4,24.92150878910
0,Idukki,Y,Y,N,DF,101,15,1515.00000000000,1,N,SPL,BUI,BUI,1,,76.94008680100,9.90345511900,4,22.85517692570
0,Idukki,Y,Y,N,DF,0,0,3073.34284000000,0,N,FMP,FMP,FMP,,,76.91871000000,9.91669000000,4,23.31122970580
0,Idukki,N,Y,N,SS,17,13,221.00000000000,0,C,FMP,SPL,FMP,,Road blocked.,76.92567842100,9.91278965800,4,23.81869506840
0,Idukki,N,Y,N,SS,20,5,100.00000000000,0,C,FMP,FMP,FMP,,Road blocked.,76.92593000000,9.91311000000,5,29.75319290160
0,Idukki,N,Y,N,SS,26,11,286.00000000000,1,C,N,ROA,ROA,5,"There were three leveled gabion wall above the nala, all failed after the toe erosion. Due to the wall of the bridge, at right side of nala the nala is taking a turn leading to toe erosion.",76.96709000000,9.88574000000,2,10.61141204830
0,Idukki,N,Y,N,SS,0,0,0.00000000000,1,C,FMP,SPL,FMP,2,Road blocked and electric pole damaged.,76.96970000000,9.88307000000,5,26.08313179020
0,Idukki,N,Y,N,DF,0,0,0.00000000000,1,C,GMC,SPL,GMC,,Road blocked and electric pole damaged.,76.96960309000,9.88105589400,4,21.58189582820
0,Idukki,N,Y,N,SS,41,49,2009.00000000000,1,C,FMP,FMP,FMP,,Road blocked and electric pole damaged.,76.96898000000,9.88079000000,3,18.82190322880
0,Idukki,N,Y,N,DF,0,0,0.00000000000,3,N,FMP,FMP,FMP,,,76.95939000000,9.85143000000,4,20.26071166990
0,Idukki,Y,Y,N,DF,0,0,1972.00000000000,2,C,FCP,FCP,FCP,,"Road blocked, electric pole damaged",76.96704996800,9.89773581800,4,21.98788070680
0,Idukki,Y,Y,N,DF,0,0,2125.00000000000,1,N,N,BUI,BUI,1,,76.96786267300,9.89658879200,4,22.56280136110
0,Idukki,Y,Y,N,DF,0,0,1325.00000000000,1,N,FCP,SPL,FCP,,Development of crown crack has been noticed in this area,76.96550000000,9.89610000000,3,17.81324195860
0,Idukki,Y,Y,N,DF,0,0,700.00000000000,0,N,FCP,FCP,FCP,,,76.96488000000,9.89623000000,4,24.05838584900
0,Idukki,N,Y,N,SS,31,14,434.00000000000,0,C,GMC,SPL,GMC,2,No construction allowed,76.97206000000,9.89637000000,3,15.88791465760
0,Idukki,N,Y,N,DF,122,64,7808.00000000000,7,C,N,BUI,BUI,1,A total number of 7 buildings fully damaged,76.97217602000,9.89495390400,4,23.03110885620
0,Idukki,N,Y,N,SS,25,11,275.00000000000,0,C,FMP,FMP,FMP,,No construction allowed,76.97159000000,9.89385000000,3,15.68244647980
0,Idukki,N,Y,N,SS,24,8,192.00000000000,1,N,FMP,FMP,FMP,1,,76.97158325000,9.89355485500,4,20.62441062930
0,Idukki,N,Y,N,SS,94,42,3948.00000000000,0,C,FMP,FMP,FMP,1,,76.97174035300,9.89244969000,4,22.05759048460
0,Idukki,N,Y,N,SS,41,11,451.00000000000,1,C,FMP,FMP,FMP,1,,76.97113702600,9.89127355100,4,23.20890426640
0,Idukki,N,Y,N,SS,13,25,325.00000000000,0,C,N,GMC,CSV,2,,76.96670180500,9.87628952500,3,15.61856842040
0,Idukki,N,Y,N,SS,0,0,0.00000000000,0,N,SPL,SPL,SPL,,,76.96528000000,9.87382000000,1,7.70925521851
0,Idukki,N,Y,N,SS,0,0,0.00000000000,1,N,FMP,FMP,FMP,1,,76.96280000000,9.87220000000,3,17.04089736940
0,Idukki,N,Y,N,DF,13,10,130.00000000000,1,N,N,BUI,BUI,1,,76.96466000000,9.86645000000,3,16.79404830930
0,Idukki,N,Y,N,DF,52,44,2288.00000000000,2,C,N,SPL,BUI,1,Road blocked,76.96924000000,9.86050000000,4,22.61816215520
0,Idukki,N,Y,N,DF,27,10,270.00000000000,1,C,FMP,FMP,FMP,2,Road blocked,76.96960000000,9.85968000000,5,26.96684074400
0,Idukki,N,Y,N,SS,22,8,176.00000000000,0,C,SPL,SPL,SPL,2,Road blocked,76.96239057500,9.85966376600,5,26.16403198240
0,Idukki,N,Y,N,SS,21,7,147.00000000000,1,C,GMC,SPL,GMC,1/2,Road blocked,76.96254000000,9.86007000000,4,21.11282539370
0,Idukki,N,Y,N,SS,0,0,0.00000000000,1,C,N,ROA,ROA,,Road blocked,76.96209000000,9.86095000000,2,12.22680473330
0,Idukki,N,Y,N,DF,65,22,1430.00000000000,1,C,SPL,GMC,SPL,,Road blocked,76.96612000000,9.86087000000,2,11.11105442050
0,Idukki,N,Y,N,DF,108,114,12312.00000000000,1,C,N,BUI,BUI,1,"Road blocked, electric pole damaged",76.96864000000,9.85868000000,5,25.01858139040
0,Idukki,N,Y,N,DF,23,7,161.00000000000,2,C,N,BUI,BUI,1,"Road blocked, electric pole damaged",76.96960000000,9.88305000000,5,26.08313179020
0,Idukki,N,Y,N,SS,14,5,70.00000000000,0,C,N,BUI,BUI,1,,76.97015000000,9.88142000000,4,23.73063278200
0,Idukki,N,Y,N,SS,31,6,186.00000000000,0,C,N,BUI,BUI,1,,76.97033000000,9.88178000000,4,24.49222755430
0,Idukki,N,Y,N,SS,0,0,0.00000000000,1,C,FMP,SPL,FMP,,Road blocked,76.97013000000,9.88225000000,4,24.56923103330
0,Idukki,Y,Y,N,DF,0,0,1325.00000000000,1,N,FMP,FMP,FMP,1,"On the right side of the debris flow situated the house of Mrs. Pennama Sarojini, Thazhuvenchirayil, cut slope failure noticed behind the house.",76.94027494680,9.90602167196,5,27.58629608150
0,Idukki,N,Y,N,SS,4,4,16.00000000000,0,N,SPL,SPL,SPL,1,"Debris material fell down the back side of the house of Mr. Joseph, Puthuseriyil.",76.96261000000,9.86748000000,4,24.83930969240
0,Idukki,N,Y,N,SS,0,0,0.00000000000,1,N,N,BSL,BUI,1,,76.96294000000,9.86716000000,4,21.70795249940
0,Idukki,N,Y,N,DF,0,0,0.00000000000,1,N,SPL,SPL,SPL,,,76.96479000000,9.86641000000,3,16.79404830930
0,Idukki,N,Y,N,SS,0,0,0.00000000000,0,N,N,BUI,BUI,1,,76.94597000000,9.87955000000,3,18.10155487060
0,Idukki,N,Y,N,DF,0,0,0.00000000000,2,C,SPL,FMP,SPL,2,Road blocked,76.94573382900,9.87716102900,5,27.70340156560
0,Idukki,Y,Y,N,DF,0,0,1925.00000000000,1,N,FMP,FMP,FMP,,,76.94125580300,9.87887390900,3,19.28865623470
0,Idukki,N,Y,N,DF,33,22,726.00000000000,1,N,FCP,GMC,FCP,,,76.94130800100,9.87762270200,3,15.92549705510
0,Idukki,Y,Y,N,DF,0,0,750.00000000000,1,N,FMP,FMP,FMP,,,76.93993907600,9.87636842900,4,20.38672637940
0,Idukki,Y,Y,N,DF,0,0,3475.00000000000,1,N,FMP,FMP,FMP,,,76.95293587500,9.86080838800,5,28.62099266050
0,Idukki,N,Y,N,DF,44,15,660.00000000000,1,N,FMP,FMP,FMP,,Cracks were seen on the walls of the house of Chellamma at the right side of the slide.,76.94241000000,9.88464000000,5,27.70484161380
0,Idukki,N,Y,N,SS,0,0,0.00000000000,1,N,FMP,FMP,FMP,1,,76.94817000000,9.88102000000,3,17.87571525570
0,Idukki,N,Y,N,DF,23,10,230.00000000000,1,D,GMC,GMC,GMC,,Kachha road for the house damaged.,76.94837000000,9.88044000000,2,11.21929168700
0,Idukki,N,Y,N,SS,32,16,512.00000000000,1,N,BSL,GMC,BSL,2,,76.95184000000,9.88443000000,3,19.81230545040
0,Idukki,N,Y,N,DF,94,11,1034.00000000000,1,C,FMP,SPL,FMP,,"Menaperupadi kachha road blocked. House of Ammini Thankappan, Vadakkeparambil, cut slope failure noticed behind the house.",76.94364144500,9.87961288900,2,11.60514354710
0,Idukki,Y,Y,N,DF,0,0,1750.00000000000,0,N,FMP,SPL,FMP,,"George Vellakkadayil,coco,coconut Plantation washed out",76.94316946300,9.88023224900,1,6.62118387222
0,Idukki,N,Y,N,DF,41,16,656.00000000000,0,N,SPL,SPL,SPL,,,76.94261694900,9.88049413700,1,9.00179290771
0,Idukki,N,Y,N,DF,0,0,0.00000000000,3,C,FMP,FMP,BUI,1,Kunnathupadi road blocked,76.94221000000,9.89011000000,2,13.32365894320
0,Idukki,N,Y,N,DF,12,7,84.00000000000,1,N,FCP,SPL,FCP,,,76.94246846400,9.88922383700,3,19.51777458190
0,Idukki,Y,Y,N,DF,0,0,446.00000000000,0,C,FMP,FMP,FMP,,Kunnathupadi road blocked,76.94261000000,9.88865000000,5,27.53397941590
0,Idukki,N,Y,N,DF,0,0,0.00000000000,1,N,FMP,FMP,FMP,,,76.95860000000,9.88901000000,6,31.46111679080
0,Idukki,N,Y,N,DF,0,0,0.00000000000,1,D,FMP,FMP,FMP,1,Bhoomiyamkulam-Chennappara road got damaged and connectivity lost.,76.94992000000,9.89509000000,5,25.11845016480
0,Idukki,N,Y,N,DF,0,0,0.00000000000,1,N,SPL,SPL,SPL,1,The hill experienced 5 debris flows.,76.95090820300,9.89725508400,5,26.91402244570
0,Idukki,N,Y,N,DF,21,100,2100.00000000000,1,N,BSL,FMP,BSL,5,"House of Vasudev, Manthadykunnel situated at the right side of crown of the flow, crown cracks seen.",76.97471198500,9.89350788300,3,15.12579536440
0,Idukki,N,Y,N,DF,92,11,1012.00000000000,1,N,N,BUI,BUI,1,"At the house of Mr. Joice, Kannarathil, courtyard crown cracks seen.",76.97368410000,9.89327851600,3,15.53182983400
0,Idukki,N,Y,N,SS,35,28,980.00000000000,1,N,FMP,FMP,FMP,1,,76.97142000000,9.89832000000,3,19.80044746400
0,Idukki,N,Y,N,SS,0,0,0.00000000000,1,N,FMP,FMP,FMP,,,76.97176000000,9.89770000000,4,23.00994682310
0,Idukki,N,Y,N,SS,0,0,0.00000000000,1,N,N,BUI,BUI,1,,76.96975000000,9.89832000000,2,12.37467384340
0,Idukki,N,Y,N,SS,20,15,300.00000000000,0,N,N,FMP,BUI,1,,76.96993000000,9.89808000000,2,12.70132064820
0,Idukki,N,Y,N,SS,128,10,1280.00000000000,1,C,FMP,FMP,FMP,2,,76.94860000000,9.91037000000,4,24.05838584900
0,Idukki,N,Y,N,DF,0,0,0.00000000000,1,C,N,BUI,BUI,1,Maniyarankudy- Peppara road blocked.,76.93286000000,9.88903000000,4,21.25139427190
0,Idukki,N,Y,N,SS,13,8,104.00000000000,0,N,N,BUI,BUI,1,"Perumkala T.V, centre situated at the crown portion of the slide, whose gabion wall not constructed on hard rock failed.",76.93322000000,9.88820000000,5,25.29800987240
0,Idukki,N,Y,N,SS,0,0,0.00000000000,0,C,N,ROA,ROA,2,,76.95908000000,9.85388000000,2,11.33102035520
0,Idukki,N,Y,N,SS,0,0,0.00000000000,1,N,N,BUI,BUI,1,,76.95867000000,9.85397000000,3,17.42684364320
0,Idukki,N,Y,N,DF,0,0,0.00000000000,2,N,N,BUI,BUI,1,,76.95811000000,9.85427000000,3,18.39719009400
0,Idukki,N,Y,N,SS,0,0,0.00000000000,0,N,FMP,FMP,FMP,1,,76.95915000000,9.85429000000,2,10.20483303070
0,Idukki,N,Y,N,SS,24,11,264.00000000000,1,N,N,SPL,BUI,1,,76.95987000000,9.85415000000,4,23.31311988830
0,Idukki,N,Y,N,DF,0,0,0.00000000000,1,N,FMP,FMP,FMP,1,,76.96093000000,9.85468000000,4,24.74287796020
0,Idukki,N,Y,N,DF,36,7,252.00000000000,0,C,SPL,SPL,SPL,,road blocked,76.95416282700,9.85994617400,5,27.73793983460
0,Idukki,Y,Y,N,DF,75,10,750.00000000000,0,C,FMP,SPL,FMP,,Thanikandam-Paremavu road blocked,76.95248925200,9.85874769400,5,26.93818855290
0,Idukki,Y,Y,N,DF,79,8,632.00000000000,0,C,FCP,SPL,FCP,,Thanikandam-Paremavu road blocked,76.95294432400,9.85893936700,5,27.06148529050
0,Idukki,N,Y,N,DF,32,5,160.00000000000,1,C,FMP,SPL,FMP,,Thanikandam-Paremavu road blocked,76.95226810900,9.85850295400,5,25.86863517760
0,Idukki,N,Y,N,DF,59,7,413.00000000000,0,C,FMP,FMP,FMP,2,Cheruthoni-Paremavu road blocked,76.96035000000,9.84940000000,5,26.03694915770
0,Idukki,N,Y,N,SS,44,10,440.00000000000,0,C,FMP,FMP,FMP,2,,76.96098964800,9.84970088000,3,17.06390190120
0,Idukki,N,Y,N,DF,67,60,4020.00000000000,1,C,FMP,FMP,FMP,,"Cheruthoni- Painavu- Thodupuzha road blocked, electric pole damaged.",76.96107390600,9.85025271800,4,22.12088012700
0,Idukki,N,Y,N,SS,0,0,0.00000000000,0,N,FMP,FMP,FMP,1/2,,76.96216000000,9.85218000000,2,14.88734340670
0,Idukki,N,Y,N,DF,0,0,0.00000000000,0,C,RUB,RUB,RUB,2,Thanikandam- Theatrepadi road blocked,76.95268000000,9.86572000000,3,17.57161521910
0,Idukki,N,Y,N,DF,0,0,0.00000000000,0,N,RUB,RUB,RUB,2,"Rubber plantation of Roy Joseph, Kochuparambil washed out.",76.95248000000,9.86550000000,4,21.11282539370
0,Idukki,N,Y,N,DF,63,10,630.00000000000,0,N,FMP,GMC,FMP,,"Plantation of Madom, washed out. House of Jose varkhy, Vezhampassery, situated about 100m at the right side of the flow.",76.95160000000,9.86494000000,3,19.08582115170
0,Idukki,N,Y,N,DF,26,10,260.00000000000,0,N,FMP,FMP,FMP,,Plantation washed out,76.95166000000,9.86443000000,3,19.26161003110
0,Idukki,N,Y,N,SS,36,16,576.00000000000,1,C,N,SPL,BUI,1,,76.95327000000,9.86957000000,3,15.71108913420
0,Idukki,N,Y,N,DF,0,0,0.00000000000,0,N,N,BUI,BUI,1,,76.95300000000,9.86863000000,2,12.27349376680
0,Idukki,N,Y,N,SS,0,0,0.00000000000,1,N,FMP,FMP,FMP,,,76.94645000000,9.87946000000,3,15.02223587040
0,Idukki,N,N,Y,SS,15,5,75.00000000000,0,N,FMP,FMP,FMP,,,76.97653935200,9.91194570700,4,21.58189582820
0,Idukki,Y,Y,N,SS,0,0,1975.00000000000,0,C,GMC,GMC,GMC,2,Road blocked,76.97802917500,9.91142466500,4,20.52752494810
0,Idukki,N,N,Y,DF,280,11,3080.00000000000,0,N,N,BRF,BRF,,,76.99333023400,9.90665243100,4,21.83921432500
0,Idukki,Y,Y,N,DF,0,0,2231.56134500000,1,N,FMP,FMP,FMP,,,76.93023000000,9.91015000000,7,39.03611373900
0,Idukki,Y,Y,N,SS,0,0,2500.00000000000,1,N,FMP,FMP,FMP,,"1 house of Mr. Joseph, Thurithipully located at the left path of old reactivated debris flow. Debris/soil traps to be constructed along the flow path.",76.93148777600,9.90964072100,6,32.87663269040
0,Idukki,Y,Y,N,DF,0,0,2003.00000000000,1,N,BSL,GMC,BSL,,,76.93263087100,9.90907202100,6,33.88047409060
0,Idukki,Y,Y,N,DF,0,0,3675.00000000000,0,C,FCP,SPL,FCP,,Chelachuvadu-Antopuram-Murikkasseri road blockade.,76.98369897700,9.90969066900,5,29.37870216370
0,Idukki,Y,N,N,SS,547,74,40478.00000000000,0,N,N,BRO,BRO,5,,76.88194478800,9.90886921600,8,42.95637130740
0,Idukki,Y,N,N,RF,189,28,5292.00000000000,0,N,N,FNO,BRF,,,76.88852124500,9.89465191000,9,46.63594436650
0,Idukki,Y,N,N,RF,117,29,3393.00000000000,0,N,N,FNO,FNO,10,,76.88294940100,9.90857524300,8,43.96683883670
0,Idukki,Y,N,N,RF,321,16,5136.00000000000,0,N,N,BRG,BRO,,,76.87177985800,9.90044983000,8,40.94698715210
0,Idukki,Y,N,N,RF,223,22,4906.00000000000,0,N,N,FNO,FNO,,,76.87267481000,9.89403091400,5,27.32008743290
0,Idukki,Y,N,N,SS,0,0,2590.69000000000,0,N,N,GNA,GNA,,,77.11427899900,9.89907600500,4,24.30874443050
0,Idukki,Y,N,N,SS,24,13,312.00000000000,0,N,N,FNO,FNO,,,76.91665978000,9.89847008900,4,23.15367698670
0,Idukki,Y,N,N,SS,13,21,273.00000000000,0,N,BSL,GMC,BSL,,,76.92205093900,9.89652816700,3,17.10120201110
0,Idukki,N,Y,N,DF,0,0,0.00000000000,0,N,N,SPL,BUI,1,,76.95105000000,9.89351000000,4,20.52752494810
0,Idukki,N,Y,N,SS,0,0,0.00000000000,1,N,FCP,FCP,FCP,1,,76.96522000000,9.88863000000,3,16.61112403870
0,Idukki,N,Y,N,SS,0,0,0.00000000000,1,N,FMP,FMP,BUI,1,,76.96503000000,9.88783000000,3,17.77235031130
0,Idukki,N,Y,N,SS,0,0,0.00000000000,2,N,SPL,SPL,SPL,1,,76.96576000000,9.89145000000,1,8.78508377075
0,Idukki,Y,N,N,SS,33,19,627.00000000000,0,N,N,FNO,FNO,,,76.92725645600,9.88733201300,3,18.37889099120
0,Idukki,Y,Y,N,DF,0,0,14750.00000000000,6,D,FMP,FMP,FMP,,Road at midslope damaged. Natural drainage should be maintained and culvert of suitable dimension has to be constructed on the road.,76.93245669800,9.88470072300,2,14.55058574680
0,Idukki,N,N,Y,SS,87,6,522.00000000000,0,N,FMP,FMP,FMP,,,76.83776828700,9.86342050800,2,10.21521186830
0,Idukki,N,Y,N,DF,0,0,0.00000000000,0,C,FMP,FMP,FMP,2,Manjikkal - Venniyani road blocked.,76.84512000000,9.87732000000,6,31.40939521790
0,Idukki,N,Y,N,SS,0,0,0.00000000000,0,C,FMP,FMP,FMP,2,Manjikkal - Venniyani road blocked.,76.84597000000,9.87718000000,5,26.41527175900
0,Idukki,N,Y,N,SS,0,0,0.00000000000,0,C,FMP,FMP,FMP,2,Manjikkal - Venniyani road blocked.,76.84667000000,9.87694000000,7,38.09199905400
0,Idukki,N,Y,N,SS,0,0,0.00000000000,0,C,FCP,FCP,FCP,2,Cheppukulam - Kurukkanad road blocked.,76.83626000000,9.87223000000,5,28.97953987120
0,Idukki,Y,Y,N,SS,0,0,3151.15000000000,0,C,FCP,FCP,FCP,2,Cheppukulam - Kurukkanad road blocked.,76.83793031600,9.87198027100,5,28.87654685970
0,Idukki,N,N,Y,SS,11,8,88.00000000000,0,C,GMC,SPL,GMC,2,,76.93715034200,9.88631514200,1,6.53030538559
0,Idukki,N,Y,N,SS,15,8,120.00000000000,1,C,FMP,FMP,FMP,2,"Road blocked and electric pole damaged. Road was constructed by cut and fill material, the remedial measures suggested here is construction of retaining structure .",76.94385167200,9.88306221500,2,14.97855377200
0,Idukki,N,Y,N,DF,0,0,0.00000000000,0,C,FMP,FCP,FMP,,Vettiyankalpadi C Eenthukalpadi Panchayat road blockade,76.98198000000,9.87765000000,3,16.36531448360
0,Idukki,Y,Y,N,DF,0,0,3975.00000000000,0,N,FMP,FMP,FMP,,The relatively thin overburden materail comprising soil and debris got stripped to expose fresh bedrock in the depleted zone.,76.99623419360,9.86034231311,5,29.68816947940
0,Idukki,Y,N,N,DF,113,5,565.00000000000,0,N,N,BRG,BRG,,,77.01344650800,9.86560285900,6,33.45500183110
0,Idukki,Y,N,N,DF,291,10,2910.00000000000,0,N,N,SNA,SNA,,,77.01702231500,9.86484745900,2,12.04666614530
0,Idukki,Y,N,N,DF,275,7,1925.00000000000,0,N,N,GNA,GNA,,,77.03747731900,9.85777803500,3,19.97500610350
0,Idukki,N,N,Y,DF,163,6,978.00000000000,0,N,FMP,FMP,FMP,,,77.03825625000,9.85776385500,2,12.89522457120
0,Idukki,Y,N,N,DF,361,14,5054.00000000000,0,N,FCP,FCP,FCP,10,,77.03384802000,9.86554787400,4,21.50788497920
0,Idukki,Y,Y,N,DF,0,0,33346.84000000000,4,C,BSL,SPL,BSL,,The partly affected houses (3 nos) located on either flanks of the debris flown path need protective measures viz. gabbion training walls.,77.00438073800,9.87848442700,6,32.80804061890
0,Idukki,Y,Y,N,DF,0,0,5366.00000000000,0,N,N,BSO,BSS,,"One house belongs to Shri. Rajendran, Kumbalangad, is located adjacent to this debris flown nala path at 77.030174 E and 9.869949 N.",77.02891284900,9.86712906600,7,36.92208862300
0,Idukki,Y,Y,N,DF,0,0,699.66000000000,1,N,SPL,SPL,SPL,,,77.01494000000,9.86755000000,2,14.69258213040
0,Idukki,Y,N,N,DF,0,0,3293.20000000000,0,N,SPL,FCP,SPL,2,,77.02815122100,9.87666123400,1,4.42781209946
0,Idukki,Y,N,N,SS,1100,73,80300.00000000000,0,N,RUB,FNO,FNO,,,76.89397979100,9.87794710300,7,37.36247253420
0,Idukki,Y,N,N,RF,0,0,4792.69000000000,0,N,N,SPL,BRG,,,76.80637796000,9.86973701300,5,28.95685577390
0,Idukki,Y,N,N,DF,381,5,1905.00000000000,0,D,FMP,FMP,FMP,,,76.82117245900,9.87227156400,8,41.12613296510
0,Idukki,N,Y,N,DF,46,30,1380.00000000000,0,C,N,FDN,FNO,,Ambataru colony- Perumkala road blocked,76.94018934200,9.87386969400,4,22.06372642520
0,Idukki,N,N,Y,SS,18,10,180.00000000000,0,N,N,FDN,FDN,6,,76.95276421400,9.84163252600,4,24.74978446960
0,Idukki,N,N,Y,SS,12,18,216.00000000000,0,N,N,FDN,GNA,6,,76.95276942300,9.84225356100,5,25.47725486760
0,Idukki,N,N,Y,SS,53,11,583.00000000000,0,N,N,FNO,FNO,,,76.93368818000,9.86199040200,6,32.85871887210
0,Idukki,N,N,Y,SS,53,30,1590.00000000000,0,N,N,FNO,FNO,5,,76.96647421300,9.85383587800,2,11.01120471950
0,Idukki,N,N,Y,SS,63,24,1512.00000000000,0,N,N,FNO,FNO,5,,76.96560954100,9.85457011600,4,20.56139373780
0,Idukki,N,N,Y,SS,24,8,192.00000000000,0,N,GMC,BSL,GMC,5,,76.96805465000,9.85236590700,2,10.19963932040
0,Idukki,N,N,Y,SS,42,8,336.00000000000,0,N,N,ROA,ROA,2,,76.94530049400,9.85078765000,2,14.99201011660
0,Idukki,N,N,Y,SS,50,12,600.00000000000,0,N,N,GNA,GNA,,,76.95049768100,9.85173657600,3,16.91367530820
0,Idukki,Y,N,N,SS,0,0,864.12000000000,0,C,N,FNO,FNO,3,,76.95416641100,9.84786079000,2,10.64618301390
0,Idukki,N,N,Y,RF,77,7,539.00000000000,0,N,N,GNA,GNA,,,76.93419070400,9.86030652100,6,31.30662345890
0,Idukki,N,N,Y,DF,238,34,8092.00000000000,0,N,FMP,FMP,FMP,,,76.93798088200,9.84709010000,5,25.99223518370
0,Idukki,N,Y,N,DF,78,40,3120.00000000000,1,C,N,FDN,FDN,2,,76.94986202700,9.85155938500,6,32.37842559810
0,Idukki,N,Y,N,SS,33,7,231.00000000000,0,D,FMP,FMP,FMP,2,Road damaged,76.94350000000,9.86561000000,4,20.35017585750
0,Idukki,N,Y,N,SS,0,0,0.00000000000,1,N,N,BUI,BUI,1,,76.93968000000,9.87142000000,2,13.41972160340
0,Idukki,N,Y,N,DF,0,0,0.00000000000,2,N,N,FDN,BUI,1,Houses on the stream bed to be relocated,76.93832000000,9.87199000000,1,4.62170743942
0,Idukki,N,Y,N,SS,13,5,65.00000000000,0,C,N,FDN,FDN,,Road blocked,76.93811528600,9.87216691600,3,15.72379970550
0,Idukki,Y,Y,N,DF,0,0,1892.00000000000,0,C,FMP,FMP,FMP,10,Road blocked,76.94115488400,9.87156082100,7,35.61528015140
0,Idukki,N,Y,N,DF,18,40,720.00000000000,0,C,FMP,FMP,FMP,,Road blocked,76.94033361700,9.87207221700,2,11.20523929600
0,Idukki,N,Y,N,SS,0,0,0.00000000000,1,C,FCP,FCP,FCP,2,Tensional cracks observed above the crown.,76.93986000000,9.87217000000,3,15.68244647980
0,Idukki,Y,Y,N,DF,0,0,864.00000000000,0,C,N,FNO,FNO,,Road blocked. No construction has to be allowed in the nala path.,76.95391592600,9.84791495400,3,15.34023952480
0,Idukki,Y,Y,N,DF,0,0,5500.00000000000,0,C,N,FDN,FDN,,Road blocked,76.95261900300,9.84896696200,3,19.59256172180
0,Idukki,N,Y,N,SS,16,11,176.00000000000,1,C,FMP,FMP,FMP,2,Road blocked. Electric pole damaged.,76.94062443500,9.87092453700,3,19.02091407780
0,Idukki,Y,Y,N,DF,0,0,23575.00000000000,5,C,N,FMP,BUI,2,,76.94565000000,9.86920000000,4,22.55685806270
0,Idukki,N,Y,N,SS,13,9,117.00000000000,1,N,N,BUI,BUI,1,,76.94551000000,9.86915000000,4,22.55685806270
0,Idukki,Y,Y,N,DF,0,0,1475.00000000000,0,D,FMP,FMP,FMP,2,Road damaged. A Cut slope failure is seen above the crown at the road side which is the only accessibility towards Swapnagramam where 20 houses are located.,76.94267000000,9.87223000000,3,19.69806289670
0,Idukki,N,Y,N,DF,37,7,259.00000000000,2,C,FMP,FMP,FMP,,Road blocked.,76.94610455400,9.86728550500,4,21.60718917850
0,Idukki,N,Y,N,DF,126,7,882.00000000000,1,C,FMP,FMP,FMP,,Road blocked. Electric pole damaged.,76.94584578300,9.86469102600,6,32.52754211430
0,Idukki,Y,Y,N,DF,0,0,3450.00000000000,1,C,SPL,FCP,SPL,2,Road and electric pole damaged.,76.94829194160,9.86285988579,5,29.75446510310
0,Idukki,N,Y,N,SS,258,20,5160.00000000000,0,C,N,FDN,FDN,2,Painavu -Thodupuzha road blocked,76.93793944000,9.84738089400,4,21.25786018370
0,Idukki,N,Y,N,DF,0,0,0.00000000000,1,C,FMP,FMP,FMP,,"Painavu- Thodupuzha road blocked, electric pole damaged.",76.94079000000,9.84728000000,3,16.86711692810
0,Idukki,N,Y,N,SS,0,0,4575.00000000000,0,C,N,ROA,ROA,2,Painavu -Thodupuzha road blocked,76.93845552000,9.84623065000,1,7.79970502853
0,Idukki,N,Y,N,SS,0,0,0.00000000000,0,C,N,FNO,FNO,,Painavu -Thodupuzha road blocked,76.94325000000,9.84483000000,2,12.32841587070
0,Idukki,N,Y,N,SS,82,48,3936.00000000000,0,C,N,GNA,BUI,1,Painavu Panchayat road blocked,76.93920000000,9.85045000000,2,13.21511745450
0,Idukki,N,Y,N,SS,23,13,299.00000000000,0,C,FMP,FMP,FMP,2,Painavu -Thodupuzha road blocked,76.94432047000,9.84881029100,1,7.54644250870
0,Idukki,N,Y,N,SS,57,7,399.00000000000,0,C,FMP,GMC,FMP,2,Painavu -Thodupuzha road blocked,76.94514246800,9.85094242500,2,14.99201011660
0,Idukki,N,Y,N,SS,35,23,805.00000000000,0,C,FMP,SPL,FMP,2,Painavu -Thodupuzha road blocked,76.94476933300,9.85173709200,5,25.72296905520
0,Idukki,N,Y,N,SS,20,12,240.00000000000,0,C,FCP,FCP,FCP,2,Painavu -Thodupuzha road blocked,76.94540225200,9.85346273300,1,9.82325077057
0,Idukki,N,Y,N,SS,31,8,248.00000000000,0,C,FMP,FMP,FMP,2,Cheruthoni dam road blocked,76.96503548600,9.84248174300,6,30.94713211060
0,Idukki,N,Y,N,DF,0,0,0.00000000000,0,C,FMP,FMP,FMP,10,eringassery - Moolakkad road blocked. Flow occurred in the natural course of Ist order stream.,76.86722000000,9.87194000000,3,17.70667266850
0,Idukki,Y,N,N,SS,119,96,11424.00000000000,0,N,FMP,FMP,FMP,,,76.88042827600,9.85859084900,8,42.56144714360
0,Idukki,Y,N,N,SS,45,8,360.00000000000,0,N,FMP,FMP,FMP,,,76.87980316700,9.85704673600,7,35.88019180300
0,Idukki,N,N,Y,SS,41,10,410.00000000000,0,N,FMP,GMC,FMP,,,76.88486469500,9.84678479000,4,20.54108238220
0,Idukki,Y,N,N,SS,48,16,768.00000000000,0,N,FMP,GMC,FMP,,,76.88507254000,9.84676013800,4,20.54108238220
0,Idukki,Y,N,N,SS,61,17,1037.00000000000,0,N,FMP,FMP,FMP,,,76.88397804700,9.85107354300,5,25.18580818180
0,Idukki,Y,N,N,SS,84,10,840.00000000000,0,N,SPL,BSL,SPL,,,76.88937602800,9.83996205000,4,24.42895126340
0,Idukki,Y,N,N,DF,338,11,3718.00000000000,0,D,FMP,FMP,FMP,,,76.87738888500,9.86096273500,3,16.23153305050
0,Idukki,Y,N,N,DF,204,15,3060.00000000000,0,N,FMP,SPL,FMP,,,76.87910181300,9.85544669600,8,41.18684005740
0,Idukki,Y,N,N,DF,0,0,3200.00000000000,0,C,RUB,RUB,RUB,,,76.88304452500,9.86452931800,7,36.60626602170
0,Idukki,N,Y,N,SS,16,8,120.47000000000,0,D,FMP,FMP,FMP,2,Kallickal - Chelakkad road damaged and blocked.,76.88573254500,9.84195875000,2,14.99201011660
0,Idukki,Y,Y,N,SS,0,0,2659.06000000000,0,C,N,BUI,BUI,10,The slide occured in the cultivated land.,76.89469411200,9.84262746200,2,14.62005519870
0,Idukki,Y,Y,N,SS,0,0,4975.00000000000,0,N,FMP,FMP,FMP,,The slide occured in the cultivated land.,76.88894405300,9.84417662800,1,5.87199306488
0,Idukki,N,Y,N,SS,10,6,59.68000000000,0,C,FMP,FMP,FMP,2,Peringasseri - Kallickal road blocked.,76.88803783300,9.83875222800,3,15.88477802280
0,Idukki,N,Y,N,SS,0,0,0.00000000000,0,N,FMP,FMP,FMP,1,The slide occured in the cultivated land.,76.88112000000,9.84676000000,1,3.33821129799
0,Idukki,Y,Y,N,DF,0,0,4175.00000000000,0,N,FMP,FMP,FMP,,The flow occured along the first order stream path.,76.88567353300,9.86162891800,5,27.15856552120
0,Idukki,Y,Y,N,DF,0,0,1600.00000000000,0,N,FCP,FCP,FCP,,The flow occured in the forest land.,76.88366201800,9.86049297000,4,22.31727027890
0,Idukki,Y,Y,N,SS,141,28,3948.00000000000,1,N,SPL,FMP,SPL,,The house was partly affected.,76.88457137700,9.86664165200,4,24.53427505490
0,Idukki,Y,N,N,DF,244,23,5612.00000000000,0,N,FMP,FMP,FMP,,,77.03144569500,9.86606798100,6,30.28039932250
0,Idukki,N,Y,N,DF,0,0,0.00000000000,1,N,FMP,FMP,FMP,,,76.95172000000,9.86104000000,2,13.29275035860
0,Idukki,N,N,Y,SS,23,4,92.00000000000,0,N,GMC,FCP,GMC,,,76.84759654900,9.85863891200,4,22.08824729920
0,Idukki,N,Y,N,SS,19,7,126.25000000000,0,D,FMP,FMP,FMP,2,Flow occurred in cultivated land.,76.84794000000,9.85953000000,5,25.48715400700
0,Idukki,Y,N,N,SS,0,0,10775.00000000000,0,N,N,FDN,FDN,,,76.93127388900,9.82256698600,3,16.67631530760
0,Idukki,Y,N,N,SS,171,33,5643.00000000000,0,N,N,FDN,FDN,,,76.93238202200,9.81398234400,3,18.85990142820
0,Idukki,Y,N,N,SS,35,12,420.00000000000,0,N,N,FDN,FDN,,,76.92310546900,9.83374810600,4,21.87651443480
0,Idukki,N,N,Y,SS,37,11,407.00000000000,0,N,N,FDN,FDN,,,76.92291027000,9.83368048400,3,17.42684364320
0,Idukki,Y,N,N,SS,47,21,987.00000000000,0,N,N,GNA,GNA,,,76.92330069100,9.84595599600,3,17.46317863460
0,Idukki,Y,N,N,SS,31,14,434.00000000000,0,N,N,FDN,FDN,,,76.92300724400,9.84820122200,4,22.56280136110
0,Idukki,N,N,Y,SS,25,7,175.00000000000,0,N,N,FDN,FDN,,,76.93632320900,9.82762072300,3,19.01090240480
0,Idukki,Y,N,N,RF,43,2,86.00000000000,0,C,GMC,BSL,GMC,10,,76.91723557600,9.82344160500,4,22.21026992800
0,Idukki,Y,N,N,RF,0,0,1220.71000000000,0,N,N,BRO,BRS,,,76.91359305700,9.83736225000,3,15.77135276790
0,Idukki,Y,N,N,DF,79,13,1027.00000000000,0,C,SPL,BSL,SPL,,,76.91695202500,9.82345234000,4,24.21620941160
0,Idukki,Y,Y,N,SS,0,0,6400.00000000000,0,C,N,GNA,GNA,,Painavu -Thodupuzha road blocked,76.92974569500,9.84025001200,2,10.22039699550
0,Idukki,N,Y,N,DF,46,16,736.00000000000,1,C,N,BUI,BUI,1,,76.96414000000,9.85877000000,1,9.79072570801
0,Idukki,N,Y,N,SS,42,14,588.00000000000,1,C,N,BUI,BUI,,,76.96461000000,9.85864000000,2,10.04774665830
0,Idukki,N,Y,N,SS,0,0,0.00000000000,1,C,FMP,FMP,FMP,,Road blocked,76.96615000000,9.85720000000,6,30.23596954350
0,Idukki,N,Y,N,DF,0,0,0.00000000000,4,C,FMP,FMP,FMP,,Road blocked,76.96776000000,9.85592000000,4,21.12586975100
0,Idukki,N,Y,N,SS,15,11,165.00000000000,1,C,FMP,FMP,FMP,,Road blocked,76.96871000000,9.85589000000,4,22.71457481380
0,Idukki,N,Y,N,SS,0,0,0.00000000000,2,N,N,BUI,BUI,1,,76.97187000000,9.85204000000,4,21.42286300660
0,Idukki,N,Y,N,SS,28,13,364.00000000000,1,C,FMP,FMP,FMP,,Road blocked,76.96903000000,9.85511000000,5,25.31302261350
0,Idukki,N,Y,N,SS,0,0,0.00000000000,1,N,N,SPL,BUI,1,,76.96549000000,9.85648000000,5,26.78503799440
0,Idukki,N,Y,N,SS,12,10,120.00000000000,1,C,N,BUI,BUI,1,Road blocked,76.96504000000,9.85679000000,4,22.36146926880
0,Idukki,N,Y,N,SS,61,18,1098.00000000000,0,N,SPL,SPL,SPL,,,76.96029000000,9.85589000000,2,14.70634937290
0,Idukki,N,Y,N,SS,0,0,0.00000000000,2,N,N,BUI,BUI,1,,76.96339000000,9.85668000000,3,16.84085655210
0,Idukki,N,Y,N,SS,0,0,0.00000000000,0,N,FMP,FMP,FMP,2,,76.96290000000,9.85663000000,3,17.04952812190
0,Idukki,N,Y,N,SS,22,10,220.00000000000,1,N,N,GMC,BUI,1,,76.96215614300,9.85491568500,2,10.66599655150
0,Idukki,N,Y,N,DF,91,6,546.00000000000,1,N,SPL,BSL,SPL,1,"On the upslope area of this house location, huge rock blocks were seen perched precariously. Any small scale changes in the equilibrium may lead to rockfall and related disaster",77.02459274200,9.85109284400,6,32.30226516720
0,Idukki,N,Y,N,DF,0,0,0.00000000000,1,N,SPL,GMC,SPL,,,76.97926000000,9.85262000000,5,27.98337173460
0,Idukki,N,Y,N,DF,0,0,0.00000000000,1,C,N,ROA,ROA,,Thankamony - Pallimedu - Pandipara road damaged. Collapsed retaining wall for the road bench at the crown shall be reconstructed with a proper foudation anchored into rock,77.01632000000,9.85158000000,5,25.55300331120
0,Idukki,Y,N,N,DF,249,21,5229.00000000000,2,N,FMP,FMP,FMP,,,77.18511159500,9.83777542100,3,19.86201286320
0,Idukki,N,N,Y,SS,72,18,1296.00000000000,0,D,GMC,SPL,GMC,10,,76.96504612300,9.84737004400,5,25.38123893740
0,Idukki,N,Y,N,DF,0,0,0.00000000000,0,N,FMP,FMP,FMP,,"On opposite flank at location 9.848209 N, 77.004629 E, one more debris flow incidence noticed.",77.00484000000,9.84769000000,1,9.72532367706
0,Idukki,Y,N,N,SS,72,20,1440.00000000000,0,N,N,FDN,FDN,,,76.94689046500,9.84333812000,3,19.33770561220
0,Idukki,Y,N,N,SS,143,13,1859.00000000000,0,N,N,FDN,FDN,,,76.94562707100,9.84515382800,5,25.11845016480
0,Idukki,Y,N,N,SS,37,23,851.00000000000,0,N,N,FDN,FDN,,,76.94474886500,9.84365003800,4,21.57134437560
0,Idukki,Y,N,N,SS,35,13,455.00000000000,0,N,N,FNO,FNO,,,76.92614276700,9.84172625400,1,2.99014973640
0,Idukki,Y,N,N,SS,55,29,1595.00000000000,0,N,N,FNO,FNO,6,,76.93536034100,9.84325855300,6,30.63040542600
0,Idukki,N,Y,N,SS,45,17,748.10000000000,1,C,FMP,FMP,FMP,2,Peringasseri - Kallickal road blocked.,76.88588336000,9.84059206600,4,22.75766944890
0,Idukki,Y,Y,N,SS,0,0,4675.00000000000,0,C,FMP,FMP,FMP,,The slide occured in the cultivated land. One unmetalled road damaged.,76.87953543500,9.84066390700,2,11.59612178800
0,Idukki,N,N,Y,SS,23,8,184.00000000000,0,N,N,FDN,FDN,,,76.92406545000,9.84070547900,1,8.97202777863
0,Idukki,Y,N,N,SS,0,0,727.49000000000,0,N,N,FDN,FDN,,,76.96729860700,9.81953448800,1,5.39734983444
0,Idukki,Y,N,N,SS,64,20,1280.00000000000,0,N,N,FDN,FDN,,,76.97500654000,9.83304673200,3,18.99336624150
0,Idukki,Y,N,N,RF,0,0,1113.07000000000,0,N,N,FDN,FDN,,,76.98246070400,9.81065678400,4,20.27680969240
0,Idukki,Y,N,N,DF,242,11,2662.00000000000,0,N,N,GNA,GNA,,,76.95956409200,9.82137320800,2,14.74755859380
0,Idukki,Y,N,N,SS,199,23,4577.00000000000,0,D,SPL,GMC,SPL,,,77.08059840100,9.82354264300,5,25.77977180480
0,Idukki,Y,Y,N,SS,0,0,1950.00000000000,2,C,FCP,FCP,FCP,10,"Slide resulted in death of Anil, Kozhumattathil, Muttom",76.74975341600,9.82958282400,5,25.19420814510
0,Idukki,Y,N,N,SS,92,9,828.00000000000,0,N,N,FDN,FDN,,,76.93613819300,9.82787885600,3,15.95049285890
0,Idukki,N,N,Y,SS,89,6,534.00000000000,0,C,GMC,SPL,GMC,10,,76.90278610700,9.71752069300,5,28.81067085270
0,Idukki,Y,N,N,SS,216,16,3456.00000000000,0,C,FMP,FMP,FMP,,,76.82429714200,9.77957702100,4,22.12902832030
0,Idukki,Y,N,N,SS,126,41,5166.00000000000,0,D,RUB,RUB,RUB,3,,76.86597055000,9.74975887800,4,21.46330642700
0,Idukki,Y,N,N,SS,113,16,1808.00000000000,0,D,RUB,RUB,RUB,3,,76.86604915700,9.74987697300,5,26.19722938540
0,Idukki,Y,N,N,SS,62,19,1178.00000000000,0,D,FMP,FMP,FMP,,,76.88053737300,9.75232261100,5,25.66922950740
0,Idukki,Y,N,N,SS,52,37,1924.00000000000,0,D,FMP,FMP,FMP,,,76.77773733600,9.81167161900,5,27.55143737790
0,Idukki,N,N,Y,SS,62,23,1426.00000000000,0,D,SPL,BSL,SPL,,,76.85847364300,9.75492568800,5,25.45743560790
0,Idukki,Y,N,N,SS,128,29,3712.00000000000,0,D,FMP,FMP,FMP,,,76.86071697600,9.74974395800,6,32.96066284180
0,Idukki,Y,N,N,SS,54,7,378.00000000000,0,N,GMC,GMC,GMC,10,,76.90446817100,9.75180749300,3,16.37741088870
0,Idukki,N,N,Y,SS,121,15,1815.00000000000,0,N,SPL,FCP,SPL,,,76.86951371800,9.74749486700,3,18.99336624150
0,Idukki,N,N,Y,SS,17,15,255.00000000000,2,C,N,CSV,CSV,2,,76.86367848800,9.75424580000,3,17.77235031130
0,Idukki,N,N,Y,SS,10,10,100.00000000000,0,C,FMP,FMP,FMP,10,,76.86188547800,9.76690556500,5,26.38563728330
0,Idukki,N,N,Y,SS,15,11,165.00000000000,1,C,FMP,FMP,FMP,1,,76.90422189500,9.71448706600,1,3.99782109261
0,Idukki,Y,N,N,DF,93,9,837.00000000000,0,N,GMC,BSL,GMC,10,,76.87315427000,9.77076615600,5,29.92156791690
0,Idukki,N,N,Y,DF,181,12,2172.00000000000,0,N,SPL,BSL,SPL,,,76.86969513500,9.74676771400,6,32.99415588380
0,Idukki,Y,Y,N,DF,0,0,844.65000000000,1,C,FMP,SPL,FMP,10,Road blocked,76.88085660800,9.76742954300,7,39.47578430180
0,Idukki,N,Y,N,SS,42,11,428.48000000000,0,C,SPL,SPL,SPL,2,Road blocked,76.88693985300,9.76243985000,6,30.86167526250
0,Idukki,Y,Y,N,SS,0,0,450.00000000000,0,D,N,ROA,ROA,3,Road was partly was away left behind the retaining wall in hanging position.,76.88711000000,9.75812000000,6,32.45315170290
0,Idukki,N,Y,N,SS,47,23,1096.72000000000,1,C,FMP,FMP,FMP,2,Tribal area unmetalled road cut failed.,76.88850000000,9.75197000000,7,35.40829849240
0,Idukki,Y,Y,N,SS,0,0,425.00000000000,1,N,FMP,FMP,FMP,1,,76.88263000000,9.76359000000,1,6.94908189774
0,Idukki,Y,Y,N,DF,0,0,4225.00000000000,1,N,N,BUI,BUI,1,,76.88204284100,9.76898241600,7,36.32248687740
0,Idukki,Y,Y,N,SS,0,0,2275.00000000000,1,C,FMP,FMP,FMP,1,House partly damaged. Unplanned cutting of slope for construction of house. Chances of retrogression is high.,76.85666071100,9.77742289300,5,26.25870132450
0,Idukki,Y,Y,N,DF,0,0,10825.00000000000,0,N,FMP,FMP,FMP,,Flow occurred in cultivated land.,76.86292331800,9.77136580200,3,15.87850189210
0,Idukki,N,Y,N,SS,0,0,0.00000000000,0,C,FMP,GMC,FMP,2,Elappally - Chelikkal road blocked.,76.85472000000,9.76833000000,3,19.98204040530
0,Idukki,N,Y,N,SS,0,0,0.00000000000,0,C,FMP,FMP,FMP,2,Edadu - Pullickanam road blocked.,76.86333000000,9.75417000000,3,19.61420249940
0,Idukki,N,Y,N,SS,0,0,0.00000000000,1,C,FMP,FMP,BUI,1,The house partly damaged and the Idadu - Pullickanam road blocked.,76.86278000000,9.75389000000,3,19.79332733150
0,Idukki,N,Y,N,SS,47,12,584.04000000000,1,C,FMP,SPL,FMP,1/2,Idadu - Pullickanam road blocked.,76.86483701400,9.74929678200,6,32.68490982060
0,Idukki,N,Y,N,DF,37,17,627.62000000000,0,C,SPL,BSL,SPL,2,Idadu - Pullickanam road blocked.,76.86551769300,9.74774380200,6,32.34800338750
0,Idukki,N,Y,N,SS,0,0,0.00000000000,0,D,FMP,FMP,FMP,,Idadu - Pullickanam road damaged.,76.87122000000,9.74393000000,4,23.95532417300
0,Idukki,N,Y,N,SS,36,27,970.62000000000,0,D,SPL,SPL,SPL,2,Idadu - Pullickanam road damaged.,76.87116725000,9.74252503400,5,25.68227386470
0,Idukki,N,Y,N,SS,0,0,0.00000000000,0,C,N,ROA,ROA,,Kanjar - Pullickanam road blocked.,76.83639000000,9.76376000000,4,24.66496849060
0,Idukki,N,Y,N,SS,0,0,0.00000000000,0,D,N,ROA,ROA,2,Kanjar - Pullickanam road damaged.,76.82916000000,9.79243000000,6,32.87663269040
0,Idukki,Y,N,N,DF,0,0,35300.00000000000,0,N,N,FNO,FNO,,,76.93978003300,9.82662596400,3,17.19259071350
0,Idukki,N,Y,N,SS,11,9,97.80000000000,0,N,FMP,FMP,FMP,,"Land belongs to Sadanandhan., Puthuparambil House",77.03616000000,9.82684000000,4,20.90038108830
0,Idukki,Y,N,N,SS,0,0,800.00000000000,0,N,N,FDN,FDN,,,76.96615966900,9.82149189700,3,18.38935089110
0,Idukki,N,N,Y,SS,20,8,160.00000000000,0,N,N,FDN,FDN,,,76.96598317200,9.82117524100,2,12.30310153960
0,Idukki,N,N,Y,SS,23,11,253.00000000000,0,N,N,FDN,FDN,,,76.96603892400,9.82128888500,3,18.38935089110
0,Idukki,N,N,Y,SS,20,6,120.00000000000,0,D,N,ROA,ROA,,,76.91347502700,9.82128377100,1,5.97322988510
0,Idukki,Y,N,N,SS,51,27,1377.00000000000,0,D,N,FDN,FDN,3,,76.91253880200,9.82062667500,5,25.27295684810
0,Idukki,Y,N,N,RF,0,0,897.18000000000,0,N,N,BRS,BRS,,,76.92049894200,9.80936261400,6,33.50474166870
0,Idukki,N,Y,N,SS,0,0,0.00000000000,0,C,FMP,FMP,FMP,2,Road blocked.,77.10657889500,9.81043883300,8,44.94525146480
0,Idukki,N,Y,N,SS,0,0,0.00000000000,1,N,N,BUI,BUI,1,,77.10101000000,9.81048000000,3,15.31076145170
0,Idukki,Y,N,N,SS,0,0,2200.00000000000,0,N,FMP,FMP,FMP,,,77.06434162000,9.80938293400,7,36.88511276250
0,Idukki,Y,Y,N,RF,0,0,2190.33000000000,0,N,FMP,SPL,FMP,,Flow occurred in cultivated land,77.06396612500,9.80954814700,6,33.32742691040
0,Idukki,N,Y,N,DF,0,0,0.00000000000,0,N,FCP,FCP,FCP,1,Flow occurred in cultivated land,77.06343000000,9.81041000000,2,13.53775215150
0,Idukki,Y,Y,N,DF,0,0,2951.98000000000,0,N,FCP,FCP,FCP,,Flow occurred in cultivated land,77.05936616200,9.80985351800,3,17.71489906310
0,Idukki,N,Y,N,SS,0,0,0.00000000000,1,N,FMP,FMP,FMP,1,The house was built by cut and fill method.,77.08415000000,9.80671000000,4,23.89170837400
0,Idukki,N,N,Y,DF,170,34,5780.00000000000,0,N,N,FNO,FDN,,,76.90975785100,9.78455694200,2,11.84143733980
0,Idukki,Y,N,N,RF,0,0,920.99000000000,0,N,N,SNA,FNO,,,76.96124717000,9.78793133300,4,22.06986045840
0,Idukki,N,Y,N,SS,24,19,441.45000000000,0,D,FMP,FMP,FMP,2,Kanjar - Pullickanam road damaged and blocked.,76.83497731000,9.77058013800,6,30.92936515810
0,Idukki,Y,N,N,DF,0,0,8888.63000000000,0,N,N,BRG,BRG,,,76.83956300100,9.76286548800,3,19.81941795350
0,Idukki,N,N,Y,SS,102,6,612.00000000000,0,C,SPL,FCP,SPL,,,76.85538073400,9.76730239300,5,27.17642593380
0,Idukki,N,Y,N,SS,0,0,0.00000000000,0,D,FMP,FMP,FMP,,Elappally - Chelikkal - Nallathanni road damaged.,76.85500000000,9.76722000000,5,26.23193359380
0,Idukki,N,Y,N,SS,0,0,0.00000000000,1,N,FMP,FMP,FMP,1,The slide occured behind the house partly damaged the house. Water is still oozing out of the slope.,77.12944000000,9.75087000000,5,27.94508552550
0,Idukki,Y,N,N,SS,0,0,599.93000000000,0,N,FMP,FMP,FMP,10,,76.90227754000,9.71850012800,6,33.08903121950
0,Idukki,Y,N,N,SS,0,0,1201.45000000000,0,N,FMP,SPL,FMP,,,76.94674417000,9.67312796100,4,21.25786018370
0,Idukki,Y,N,N,SS,56,14,784.00000000000,0,N,FMP,FMP,FMP,,,76.90295634200,9.72059299400,5,27.58774566650
0,Idukki,Y,N,N,SS,40,15,600.00000000000,0,D,FMP,FMP,FMP,,,76.90993091200,9.70547766500,5,27.58774566650
0,Idukki,N,N,Y,SS,58,5,290.00000000000,0,N,N,SPL,BRO,,,76.89724193000,9.72128095600,3,18.02935600280
0,Idukki,N,N,Y,SS,80,19,1520.00000000000,0,D,N,FNO,FNO,10,,76.88172948300,9.74852223200,5,26.81547927860
0,Idukki,N,N,Y,SS,48,12,576.00000000000,0,N,N,FNO,FNO,,,76.88498376800,9.74443927600,6,31.43240165710
0,Idukki,N,Y,N,DF,0,0,0.00000000000,0,C,FMP,FMP,FMP,,Idadu - Pullickanam road blocked.,76.86727690400,9.74626625900,4,21.45692825320
0,Idukki,N,N,Y,DF,395,12,4740.00000000000,1,C,FMP,FMP,FMP,,,76.86883974800,9.74059984900,5,29.25720787050
0,Idukki,N,N,Y,SS,34,23,782.00000000000,0,D,FCP,FCP,FCP,,,76.88467797100,9.72898415300,3,19.96327590940
0,Idukki,Y,N,N,SS,80,14,1120.00000000000,0,C,SPL,BSL,SPL,,,76.89576023500,9.72082545900,2,12.89522457120
0,Idukki,N,N,Y,SS,26,13,338.00000000000,0,C,GMC,GMC,GMC,,,76.98720621400,9.64727752900,5,25.34467124940
0,Idukki,N,N,Y,SS,24,6,144.00000000000,0,N,BSL,BSL,BSL,,,76.98665736900,9.64701547500,4,22.73613739010
0,Idukki,N,N,Y,SS,117,35,4095.00000000000,0,N,N,BSL,BSO,4,,76.98538225200,9.64604478900,5,28.82817459110
0,Idukki,Y,N,N,SS,125,11,1375.00000000000,0,N,FMP,FMP,FMP,,,76.98618464700,9.64635257700,6,32.63903427120
0,Idukki,N,Y,N,DF,0,0,0.00000000000,0,N,FMP,FMP,FMP,,Flow occurred in cultivated land.,77.05283000000,9.68510000000,3,16.67927169800
0,Idukki,N,Y,N,SS,0,0,0.00000000000,1,N,N,BUI,BUI,1/2,"The house was built by cut and fill method was partly damaged during the incidence, cracks were seen developed in the walls.",77.05837000000,9.66733000000,2,12.97504711150
0,Idukki,N,Y,N,SS,30,23,692.64000000000,0,D,N,FMP,BUI,2,The slide is due to the unplanned cutting of slope for some new construction activities.,77.05844000000,9.66703000000,2,11.75289154050
0,Idukki,Y,N,N,RF,0,0,747.60000000000,0,D,TEA,TEA,TEA,2,,77.02221528700,9.60607873400,6,32.03844451900
0,Idukki,N,N,Y,RF,6,5,30.00000000000,0,N,TEA,GMC,TEA,2,,77.02123806400,9.60641375700,7,35.60370254520
0,Idukki,Y,N,N,DF,123,11,1353.00000000000,0,C,TEA,TEA,TEA,,,77.02179514100,9.60617546400,6,32.57265853880
0,Idukki,N,N,Y,SS,16,5,80.00000000000,0,C,BSL,BSL,BSL,4,,77.01070361300,9.61233392200,7,35.71557235720
0,Idukki,N,N,Y,SS,47,5,235.00000000000,0,N,BSL,SPL,BSL,,,76.99283839200,9.64210098500,4,22.63591384890
0,Idukki,Y,N,N,SS,0,0,1444.10000000000,0,D,SPL,SPL,SPL,,,77.02440212200,9.60863306400,4,24.31051826480
0,Idukki,Y,N,N,SS,39,6,234.00000000000,0,N,SPL,GMC,SPL,,,77.00890498000,9.61297155600,5,25.18076515200
0,Idukki,Y,N,N,SS,78,12,936.00000000000,0,N,TEA,TEA,TEA,,,77.01610926000,9.60819904400,3,19.20983505250
0,Idukki,Y,N,N,SS,0,0,163.61000000000,0,C,TEA,TEA,TEA,,,77.00747549000,9.61771270800,4,22.79869651790
0,Idukki,N,N,Y,SS,18,6,108.00000000000,0,C,GMC,SPL,GMC,2,,77.01084263300,9.61227730900,7,35.71557235720
0,Idukki,Y,N,N,SS,93,12,1116.00000000000,0,N,FCP,SPL,FCP,2/5,,76.98056812600,9.63735972000,5,29.90140342710
0,Idukki,Y,N,N,SS,26,10,260.00000000000,0,N,SPL,BSL,SPL,,,77.00787683400,9.61256344300,3,19.76481246950
0,Idukki,Y,N,N,SS,152,6,912.00000000000,0,N,GMC,GMC,GMC,,,76.99101777400,9.64039377100,5,27.18237495420
0,Idukki,N,N,Y,SS,38,8,304.00000000000,0,N,GMC,GMC,GMC,,,76.99157991200,9.63963811500,5,26.63352012630
0,Idukki,Y,N,N,SS,0,0,308.43000000000,0,N,SPL,SPL,SPL,,,76.99192972900,9.63980939500,4,24.38486099240
0,Idukki,Y,N,N,SS,29,9,261.00000000000,0,N,SPL,SPL,SPL,,,76.99472069900,9.63911626300,4,20.96200942990
0,Idukki,Y,N,N,SS,58,9,522.00000000000,0,N,SPL,GMC,SPL,,,76.99611257300,9.64240121200,4,24.10158348080
0,Idukki,Y,N,N,DF,130,9,1170.00000000000,0,D,SPL,SPL,SPL,,,76.99147962500,9.61439085300,4,21.50788497920
0,Idukki,Y,N,N,DF,113,10,1130.00000000000,0,D,TEA,TEA,TEA,,,77.00956262800,9.61369230200,5,27.94508552550
0,Idukki,Y,N,N,SS,123,40,4920.00000000000,0,N,N,FDN,FDN,,,77.01948517200,9.54835391300,7,37.81507110600
0,Idukki,N,N,Y,SS,149,20,2980.00000000000,0,N,SPL,SPL,SPL,,,77.07629354800,9.52508300500,6,31.91275405880
0,Idukki,Y,N,N,DF,497,30,14910.00000000000,0,N,N,FDN,FNO,7,,77.02574345000,9.48442134900,3,19.45961570740
0,Idukki,Y,N,N,DF,88,11,968.00000000000,0,N,N,FNO,FNO,,,76.95918311400,9.57888398300,6,31.73764228820
0,Idukki,N,N,Y,DF,112,13,1456.00000000000,0,N,N,BSS,BSG,,,76.95834090300,9.57988325300,6,34.96862792970
0,Idukki,N,N,Y,DF,194,20,3880.00000000000,0,N,N,FNO,FNO,,,76.95944963000,9.57712604800,5,28.09629249570
0,Idukki,Y,N,N,SS,0,0,1027.10000000000,0,N,N,GNA,FDN,,,77.24396942600,9.29059808100,4,21.89926528930
0,Idukki,Y,N,N,SS,0,0,3747.63000000000,0,N,N,BRS,BRS,,,77.39626238900,9.48527621000,3,19.06338691710
0,Idukki,N,N,Y,SS,102,13,1326.00000000000,0,N,N,GNA,GNA,10,,77.04136688200,9.59745620400,6,32.74128341670
0,Idukki,N,N,Y,DF,333,5,1665.00000000000,0,N,N,BSF,BSF,,,77.04089772100,9.59948221000,8,43.54249191280
0,Idukki,Y,N,N,SS,79,33,2607.00000000000,0,D,FMP,FMP,FMP,2,,76.97505462500,9.54164602900,6,33.13055801390
0,Idukki,Y,N,N,DF,23,7,161.00000000000,0,N,BSL,GMC,BSL,,,76.98982870400,9.54347414400,4,23.29989242550
0,Idukki,Y,N,N,DF,144,5,720.00000000000,1,D,SPL,SPL,SPL,,,76.98038769600,9.53891283900,7,36.17611312870
0,Idukki,Y,N,N,DF,157,10,1570.00000000000,1,D,FCP,FCP,FCP,,,76.98050370300,9.53905233300,4,21.23198318480
0,Idukki,N,N,Y,DF,260,7,1820.00000000000,0,N,FMP,FMP,FMP,,,76.97523907100,9.53781172100,4,23.74718284610
0,Idukki,Y,N,N,SS,105,3,315.00000000000,0,N,FMP,FMP,FMP,,,76.97785160200,9.53419474400,6,30.06204032900
0,Idukki,Y,N,N,DF,392,10,3920.00000000000,2,C,BSL,FMP,BSL,4,,76.98117433200,9.50754772300,5,25.43428421020
0,Idukki,N,N,Y,DF,586,20,11720.00000000000,0,N,N,GNA,GNA,,,77.05990166800,9.52443016000,8,42.62913513180
0,Idukki,N,N,Y,SS,95,25,2375.00000000000,0,N,N,SNA,SNA,4,,77.24469149500,9.28622001400,1,6.98021650314
0,Idukki,Y,N,N,DF,0,0,1700.00000000000,0,N,FMP,FMP,FMP,,,76.84500519860,9.86942383646,3,17.98908615110
0,Idukki,N,N,Y,RF,42,8,336.00000000000,0,N,N,SNA,SNA,10,,76.98145009190,10.14572482580,9,53.87007141110
0,Idukki,Y,N,N,SS,0,0,1430.72000000000,0,N,BSL,FCP,BSL,,,76.94469685200,10.04074541800,3,19.98204040530
0,Idukki,N,N,Y,SS,73,25,1825.00000000000,0,N,FMP,FMP,FMP,,,77.02894358800,9.97249461700,4,23.74718284610
0,Idukki,N,N,Y,SS,40,13,520.00000000000,0,N,FMP,FMP,FMP,,,77.03129071200,9.97325058000,4,23.81869506840
0,Idukki,N,N,Y,SS,24,10,240.00000000000,0,N,TEA,FCP,TEA,10,,77.08624687000,10.09975448800,4,22.79869651790
0,Idukki,N,N,Y,SS,17,10,170.00000000000,0,N,SPL,SPL,SPL,10,,77.08730543600,10.10055336900,5,25.92172050480
0,Idukki,N,N,Y,SS,35,6,210.00000000000,0,N,TEA,TEA,TEA,,,77.09000182900,10.09994630700,2,13.01474952700
0,Idukki,N,N,Y,SS,21,11,231.00000000000,0,N,FMP,FMP,FMP,,,77.09037510000,10.09997674800,2,12.27349376680
0,Idukki,N,N,Y,SS,26,9,234.00000000000,0,N,FMP,FMP,FMP,,,77.09301604500,10.10041634200,3,15.13909721370
0,Idukki,N,N,Y,SS,27,5,135.00000000000,0,N,SPL,FMP,SPL,,,77.09669757500,10.10104617400,5,28.62099266050
0,Idukki,N,N,Y,DF,237,7,1659.00000000000,0,N,GMC,SPL,GMC,10,,77.10663727200,9.90636262900,5,27.66879081730
0,Idukki,N,N,Y,SS,30,15,450.00000000000,0,N,TEA,TEA,TEA,,,77.12838538500,10.06420918900,4,22.08007812500
0,Idukki,N,N,Y,DF,165,7,1155.00000000000,0,N,FMP,GMC,FMP,,,77.09173173200,9.92729815100,5,29.00485420230
0,Idukki,N,N,Y,DF,142,8,1136.00000000000,0,N,GMC,GMC,GMC,,,77.09916809600,9.90811929200,5,27.53106880190
0,Idukki,N,N,Y,SS,51,11,561.00000000000,0,N,TEA,TEA,TEA,,,77.12711724500,10.06380555200,4,22.00841522220
