lsgd_id,lsgd_name,lsgd_type,district,elevation,slope,rainfall_7day_mm,event_year_x,dist_to_water_m,vegetation,builtup,fatalities,no_of_landslides,agri_crop_loss_ha,fully_damaged_houses,severely_damaged_houses,roads_damaged_km,bridges_damaged,severity_score,flood_risk_level,landslide_risk_level,flood_occurred,landslide_occurred,event_year_y
1,Vorkady,gram_panchayat,Kasaragod,59.01123032785529,7.386920036335072,285.2,2018,4374.37438853404,0.9373671866490988,0.012007778035280432,,,,,,,,,,,,,
2,Manjeswaram,gram_panchayat,Kasaragod,21.38061865331596,4.270907980949784,230.5,2018,1516.3654863938173,0.8009159869733693,0.08007595484587969,,,,,,,,,,,,,
3,Paivalike,gram_panchayat,Kasaragod,88.46524330941057,8.79888887782786,285.9,2018,7627.278746228448,0.8772753142662825,0.013238916159296997,,,,,,,,,,,,,
4,Meenja,gram_panchayat,Kasaragod,52.72699181490389,6.3299723471728475,252.0,2018,3464.459376285735,0.8502218946782496,0.018589380503192813,,,,,,,,,,,,,
5,Mangalpaddy,gram_panchayat,Kasaragod,23.91382914072559,4.745512182350618,252.0,2018,1553.752486796696,0.8563073486120177,0.04986381374665521,,,,,,,,,,,,,
6,Puthige,gram_panchayat,Kasaragod,63.35226039470457,7.067673175765277,313.0,2018,6559.025240488903,0.8331728019489134,0.018354642592779233,,,,,,,,,,,,,
7,Kumbala,gram_panchayat,Kasaragod,34.247225687668774,4.896885749101608,313.0,2018,1745.5288005449825,0.7699289757682998,0.03910742229326796,,,,,,,,,,,,,
8,Enmakaje,gram_panchayat,Kasaragod,113.88652029480855,9.971823703980574,241.7,2018,13595.133291145126,0.9357836109140515,0.006761759756169587,,,,,,,,,,,,,
9,Madhur,gram_panchayat,Kasaragod,35.767958343079094,5.175205893990116,325.7,2018,3782.3420020918325,0.8758023718761022,0.05671471830861269,,,,,,,,,,,,,
10,Mogral-Puthur,gram_panchayat,Kasaragod,22.77673297207847,3.890274769182036,325.7,2018,1067.5990571728148,0.8378297934016374,0.04017648123823199,,,,,,,,,,,,,
11,Badiadka,gram_panchayat,Kasaragod,87.7972724270417,6.772908460949903,241.7,2018,9365.985645895975,0.8552262663008232,0.018667237525072003,,,,,,,,,,,,,
12,Kumbadaje,gram_panchayat,Kasaragod,97.08632187038513,7.889728272268127,255.5,2018,8842.41492055683,0.9593801066789649,0.004965055818404305,,,,,,,,,,,,,
13,Beloor,gram_panchayat,Kasaragod,118.9200978005273,9.23086128106539,211.6,2018,6940.782499537358,0.9794184791452897,0.0034615898676413257,,,,,,,,,,,,,
14,Chengala,gram_panchayat,Kasaragod,77.44442596953873,6.612489468759658,325.7,2018,4190.939984293186,0.8652530099476372,0.05459685848611498,,,,,,,,,,,,,
15,Karaduka,gram_panchayat,Kasaragod,139.5244599941391,8.35407487859702,267.9,2018,4024.11308748854,0.932251328577859,0.009274009224883164,,,,,,,,,,,,,
16,Kasaragod,municipality,Kasaragod,23.993764175965506,4.534484795078041,325.4,2018,601.0616005928041,0.633718819137077,0.17256646327668504,,,,,,,,,,,,,
17,Chemnad,gram_panchayat,Kasaragod,46.3893854905655,6.0737188718644015,325.4,2018,1042.5674721721389,0.8195376063360975,0.0401572504343094,,,,,,,,,,,,,
18,Muliyar,gram_panchayat,Kasaragod,103.67224553424512,10.084571448236582,280.7,2018,3636.477893446525,0.9449081047560273,0.011289694733436353,,,,,,,,,,,,,
19,Bedadka,gram_panchayat,Kasaragod,128.91404121796538,10.452708567776746,280.7,2018,6103.4116413140355,0.8920412564912247,0.007065411212773984,,,,,,,,,,,,,
20,Delampadi,gram_panchayat,Kasaragod,138.49746837966416,10.079704912090294,352.0,2018,3862.711452936502,0.9776414554380557,0.0018776241864105927,,,,,,,,,,,,,
21,Kuttikol,gram_panchayat,Kasaragod,180.16051658158975,11.809224076253944,354.9,2018,8086.078409489753,0.9768484541437973,0.00453425834196843,,,,,,,,,,,,,
22,Kallar,gram_panchayat,Kasaragod,163.31666044368458,13.599255797459007,356.9,2018,12646.86781838477,0.9864845157611141,0.004461838332674034,,,,,,,,,,,,,
23,Pananthadi,gram_panchayat,Kasaragod,289.9983029295479,16.906122405618344,379.2,2018,17573.604735604218,0.987284339620003,0.0018325387240855319,,,,,,,,,,,,,
24,Kodom-Belur,gram_panchayat,Kasaragod,132.6477798265493,11.219711746195692,356.9,2018,9339.670455544636,0.9408615191067046,0.005619094674139105,,,,,,,,,,,,,
25,Balal,gram_panchayat,Kasaragod,345.84075137475475,18.55172576193832,358.4,2018,15796.671946266766,0.9860244236020951,0.002642816777651735,,,,,,,,,,,,,
26,Kinanur-Karindalam,gram_panchayat,Kasaragod,109.01377421027918,9.723982487277913,311.0,2018,4722.18562154917,0.9000889460869593,0.007876423476725422,,,,,,,,,,,,,
27,East Eleri,gram_panchayat,Kasaragod,180.91533718222627,13.387529697305599,464.7,2018,14349.632428638246,0.9929183541638706,0.004155636780189196,,,,,,,,,,,,,
28,West Eleri,gram_panchayat,Kasaragod,152.3585207384427,14.315165776714604,395.09999999999997,2018,9830.959346201009,0.9938938860357294,0.001776531120585876,,,,,,,,,,,,,
29,Uduma,gram_panchayat,Kasaragod,33.529598304618936,4.251220941490392,325.4,2018,1975.2062016755706,0.9056453169012456,0.038002780886892885,,,,,,,,,,,,,
30,Pallikkara,gram_panchayat,Kasaragod,45.71772082000998,4.57548227109524,304.1,2018,2632.632352794133,0.816939422920951,0.03154767764875868,,,,,,,,,,,,,
31,Ajanur,gram_panchayat,Kasaragod,28.29348705202085,4.290520570719853,278.2,2018,1925.213570081952,0.8467166653347092,0.05127930208006455,,,,,,,,,,,,,
32,Pullur-Periya,gram_panchayat,Kasaragod,76.72737033609843,7.255602829739114,301.40000000000003,2018,6855.647200140271,0.8429791934313874,0.023329072111245002,,,,,,,,,,,,,
33,Kanhangad,municipality,Kasaragod,20.063852695430704,3.713268839235318,278.2,2018,952.3895842324187,0.8295886209731966,0.07605606905372642,,,,,,,,,,,,,
34,Madikai,gram_panchayat,Kasaragod,63.293223623581,7.335321262114296,303.8,2018,3667.171442413015,0.848669420480035,0.02243923272668817,,,,,,,,,,,,,
35,Nileswaram,municipality,Kasaragod,23.764625732725325,4.035607384196763,313.9,2018,835.3329930724275,0.7973126625116682,0.05282237265949034,,,,,,,,,,,,,
36,Kayyur-Chimeni,gram_panchayat,Kasaragod,66.75978257095046,7.2821570756799305,295.8,2018,2495.2178277027524,0.8391449484210249,0.006749835769199218,,,,,,,,,,,,,
37,Cheruvathur,gram_panchayat,Kasaragod,13.628719406204505,3.7140181936239225,323.2,2018,741.4960268997391,0.801533666689543,0.045785445938188354,,,,,,,,,,,,,
38,Pilicode,gram_panchayat,Kasaragod,27.716740215889697,4.000556541438793,323.2,2018,3262.4940127785676,0.9464022927997202,0.01556327499427455,,,,,,,,,,,,,
39,Valiyaparampa,gram_panchayat,Kasaragod,5.8184323079775675,3.082361995091407,332.5,2018,81.75139723521761,0.4285978371243078,0.02024212318655824,,,,,,,,,,,,,
40,Padanna,gram_panchayat,Kasaragod,8.402732323486534,2.6950760253574324,323.2,2018,698.9929673781571,0.6873578481349352,0.08851218277013911,,,,,,,,,,,,,
41,Thrikkarippur,gram_panchayat,Kasaragod,9.593240429870432,2.5491975448699753,332.5,2018,825.6679676091666,0.7895644669830891,0.07603641412248828,,,,,,,,,,,,,
42,Ramanthali,gram_panchayat,Kannur,45.834437930585075,7.024651867863906,327.8,2018,653.1857440795808,0.7856566771335686,0.049305059223579015,6.0,17.0,926.53,121.0,3216.0,100.0,20.0,0.0738165066155542,Low,High,0.0,1.0,2018.0
43,Payyannur,municipality,Kannur,14.092184881284767,3.385683086817324,332.5,2018,1317.5401892778668,0.8238623227990516,0.047448423438355085,6.0,17.0,926.53,121.0,3216.0,100.0,20.0,0.0738165066155542,Low,High,0.0,1.0,2018.0
44,Karvellur-Peralam,gram_panchayat,Kannur,21.072347930763264,3.74110847614916,323.2,2018,3914.5544655467597,0.9565102881404844,0.010153410308709724,6.0,17.0,926.53,121.0,3216.0,100.0,20.0,0.0738165066155542,Low,High,0.0,1.0,2018.0
45,Kankol-Alappadamba,gram_panchayat,Kannur,58.11322726404352,5.270741299652915,258.0,2018,5646.1933767797855,0.8514853681168825,0.012763452342205567,6.0,17.0,926.53,121.0,3216.0,100.0,20.0,0.0738165066155542,Low,High,0.0,1.0,2018.0
46,Perongome Vayakkara,gram_panchayat,Kannur,118.0099777907112,8.806674991238388,334.9,2018,9434.814797347643,0.8737506978982468,0.010532512194528783,6.0,17.0,926.53,121.0,3216.0,100.0,20.0,0.0738165066155542,Low,High,0.0,1.0,2018.0
47,Cherupuzha,gram_panchayat,Kannur,247.8917678637185,15.49348450947981,464.7,2018,17869.02364810784,0.9878204932764245,0.006665976410785336,6.0,17.0,926.53,121.0,3216.0,100.0,20.0,0.0738165066155542,Low,High,0.0,1.0,2018.0
48,Eramam Kuttur,gram_panchayat,Kannur,84.22002786539922,7.78811483758188,306.7,2018,8329.425766193322,0.8862794163204587,0.006046251366867148,6.0,17.0,926.53,121.0,3216.0,100.0,20.0,0.0738165066155542,Low,High,0.0,1.0,2018.0
49,Kadannappally Panapuzha,gram_panchayat,Kannur,58.950344622258115,7.040088224912847,268.8,2018,4627.025200753734,0.8854179805483917,0.010247607554323402,6.0,17.0,926.53,121.0,3216.0,100.0,20.0,0.0738165066155542,Low,High,0.0,1.0,2018.0
50,Cheruthazham,gram_panchayat,Kannur,20.165511260583585,4.385223915745575,253.5,2018,1715.6926055812419,0.8665058728694808,0.037055037350612205,6.0,17.0,926.53,121.0,3216.0,100.0,20.0,0.0738165066155542,Low,High,0.0,1.0,2018.0
51,Kunhimangalam,gram_panchayat,Kannur,10.209742239947854,2.933041509228065,327.8,2018,673.5241157066525,0.7548700628833938,0.038830504625844024,6.0,17.0,926.53,121.0,3216.0,100.0,20.0,0.0738165066155542,Low,High,0.0,1.0,2018.0
52,Madayi,gram_panchayat,Kannur,12.81165149662451,2.808936674221842,253.5,2018,651.5303106647971,0.7010765810222461,0.12435583959753999,6.0,17.0,926.53,121.0,3216.0,100.0,20.0,0.0738165066155542,Low,High,0.0,1.0,2018.0
53,Ezhome,gram_panchayat,Kannur,15.906178330531485,4.259278922954837,253.5,2018,547.9858238947149,0.6308283005208157,0.044584066898257314,6.0,17.0,926.53,121.0,3216.0,100.0,20.0,0.0738165066155542,Low,High,0.0,1.0,2018.0
54,Udayagiri,gram_panchayat,Kannur,335.03302763686776,18.848156454454504,410.4,2018,21306.776886438358,0.9954851064674866,0.0021574764468958443,6.0,17.0,926.53,121.0,3216.0,100.0,20.0,0.0738165066155542,Low,High,0.0,1.0,2018.0
55,Alakode,gram_panchayat,Kannur,185.94865066560618,14.279051748111161,410.4,2018,14554.611990602532,0.9871951425477484,0.004049184727475713,6.0,17.0,926.53,121.0,3216.0,100.0,20.0,0.0738165066155542,Low,High,0.0,1.0,2018.0
56,Chapparapadavu,gram_panchayat,Kannur,86.66332952411238,9.355050031563655,349.7,2018,6196.254922823798,0.9389904796729659,0.013024618531107686,6.0,17.0,926.53,121.0,3216.0,100.0,20.0,0.0738165066155542,Low,High,0.0,1.0,2018.0
57,Thaliparambu,municipality,Kannur,44.74897672146933,5.422651055490476,232.9,2018,1272.5507509463303,0.7178012945960912,0.20543819864149565,6.0,17.0,926.53,121.0,3216.0,100.0,20.0,0.0738165066155542,Low,High,0.0,1.0,2018.0
58,Pariyaram,gram_panchayat,Kannur,56.3561842446225,6.924282901982052,232.9,2018,1676.272159050624,0.8361482880605376,0.026811118584507215,6.0,17.0,926.53,121.0,3216.0,100.0,20.0,0.0738165066155542,Low,High,0.0,1.0,2018.0
59,Pattuvam,gram_panchayat,Kannur,26.811953219906087,5.304986420224556,249.70000000000002,2018,611.1634866187521,0.7569792171042683,0.021365553113552364,6.0,17.0,926.53,121.0,3216.0,100.0,20.0,0.0738165066155542,Low,High,0.0,1.0,2018.0
60,Cherukunnu,gram_panchayat,Kannur,6.211832468178899,2.8190146759682277,249.70000000000002,2018,266.41812659205954,0.5307716432278805,0.026419568981694837,6.0,17.0,926.53,121.0,3216.0,100.0,20.0,0.0738165066155542,Low,High,0.0,1.0,2018.0
61,Mattool,gram_panchayat,Kannur,6.987513916927695,2.5378347486204715,249.70000000000002,2018,215.0987113342554,0.5262221723230462,0.11133375421285574,6.0,17.0,926.53,121.0,3216.0,100.0,20.0,0.0738165066155542,Low,High,0.0,1.0,2018.0
62,Kurumathur,gram_panchayat,Kannur,62.30438952243287,6.928981441102835,317.3,2018,3593.6485670769657,0.8828073752542722,0.029158897221931598,6.0,17.0,926.53,121.0,3216.0,100.0,20.0,0.0738165066155542,Low,High,0.0,1.0,2018.0
63,Chengalayi,gram_panchayat,Kannur,81.69266794265255,7.4825265580716405,317.3,2018,5083.338662267098,0.8968824558892837,0.00634305535728696,6.0,17.0,926.53,121.0,3216.0,100.0,20.0,0.0738165066155542,Low,High,0.0,1.0,2018.0
64,Naduvil,gram_panchayat,Kannur,348.1980531705424,16.7543799495438,455.5,2018,14827.721631715922,0.9769019190147835,0.0045046121514213,6.0,17.0,926.53,121.0,3216.0,100.0,20.0,0.0738165066155542,Low,High,0.0,1.0,2018.0
65,Eruvessy,gram_panchayat,Kannur,230.10671545574425,12.797887375677202,405.5,2018,13195.431188789835,0.9858515164931294,0.00409380437194773,6.0,17.0,926.53,121.0,3216.0,100.0,20.0,0.0738165066155542,Low,High,0.0,1.0,2018.0
66,Payyavoor,gram_panchayat,Kannur,262.5606890876257,14.964292453512474,267.5,2018,11272.996397313238,0.9834480321206659,0.0055860021725571895,6.0,17.0,926.53,121.0,3216.0,100.0,20.0,0.0738165066155542,Low,High,0.0,1.0,2018.0
67,Sreekandapuram,municipality,Kannur,91.53913428140368,9.807806290197012,361.2,2018,6633.752192811465,0.9502473257470656,0.008696493834947876,6.0,17.0,926.53,121.0,3216.0,100.0,20.0,0.0738165066155542,Low,High,0.0,1.0,2018.0
68,Irikkur,gram_panchayat,Kannur,58.181309342587326,8.121972968747976,254.2,2018,1179.7806921544252,0.8914605320852799,0.051856175747983284,6.0,17.0,926.53,121.0,3216.0,100.0,20.0,0.0738165066155542,Low,High,0.0,1.0,2018.0
69,Malappattam,gram_panchayat,Kannur,44.00700631966377,7.857872960462439,335.0,2018,1571.1573324994285,0.9242361714411802,0.005263816816733703,6.0,17.0,926.53,121.0,3216.0,100.0,20.0,0.0738165066155542,Low,High,0.0,1.0,2018.0
70,Kuttiatoor,gram_panchayat,Kannur,43.80650952759246,6.259187871287348,335.0,2018,2676.727881617645,0.9559090971587071,0.012541164235213629,6.0,17.0,926.53,121.0,3216.0,100.0,20.0,0.0738165066155542,Low,High,0.0,1.0,2018.0
71,Mayyil,gram_panchayat,Kannur,29.003762850367675,5.8741796750589454,335.0,2018,1574.6024555312613,0.8892207437044249,0.014673198046826812,6.0,17.0,926.53,121.0,3216.0,100.0,20.0,0.0738165066155542,Low,High,0.0,1.0,2018.0
72,Kolacherry,gram_panchayat,Kannur,23.840976727735562,4.97170341205283,277.7,2018,1166.5297710461869,0.7734440670402688,0.03968653841775721,6.0,17.0,926.53,121.0,3216.0,100.0,20.0,0.0738165066155542,Low,High,0.0,1.0,2018.0
73,Anthoor,municipality,Kannur,26.10854330545629,5.387295410641532,277.7,2018,1203.1410941241359,0.8405117736560611,0.04682346103822249,6.0,17.0,926.53,121.0,3216.0,100.0,20.0,0.0738165066155542,Low,High,0.0,1.0,2018.0
74,Kannapuram,gram_panchayat,Kannur,14.807360357972316,3.9670488138403397,249.70000000000002,2018,970.344721489252,0.7830441860667525,0.021586054811515334,6.0,17.0,926.53,121.0,3216.0,100.0,20.0,0.0738165066155542,Low,High,0.0,1.0,2018.0
75,Kalliasseri,gram_panchayat,Kannur,15.784686366780967,3.0195293877304263,277.7,2018,1693.4980626692934,0.8603351831444236,0.04774424681080964,6.0,17.0,926.53,121.0,3216.0,100.0,20.0,0.0738165066155542,Low,High,0.0,1.0,2018.0
76,Azhikode,gram_panchayat,Kannur,13.675285108160798,2.7941566340014856,317.4,2018,654.7838794345291,0.7729693863969164,0.06402785285546289,6.0,17.0,926.53,121.0,3216.0,100.0,20.0,0.0738165066155542,Low,High,0.0,1.0,2018.0
77,Valapattanam,gram_panchayat,Kannur,8.230292470360602,2.8972163357209535,317.4,2018,229.77731741295864,0.3292651141276413,0.2769087914135472,6.0,17.0,926.53,121.0,3216.0,100.0,20.0,0.0738165066155542,Low,High,0.0,1.0,2018.0
78,Pappinisseri,gram_panchayat,Kannur,11.332740152160916,2.997093371435515,277.7,2018,618.3825438228259,0.6791592080667114,0.07205903436067629,6.0,17.0,926.53,121.0,3216.0,100.0,20.0,0.0738165066155542,Low,High,0.0,1.0,2018.0
79,Chirakkal,gram_panchayat,Kannur,18.052347653799735,3.7279632804508,317.4,2018,958.0522286840473,0.658407446407517,0.164486041577871,6.0,17.0,926.53,121.0,3216.0,100.0,20.0,0.0738165066155542,Low,High,0.0,1.0,2018.0
80,Narath,gram_panchayat,Kannur,12.662552086386606,3.783824893371736,317.4,2018,805.4342668673,0.6910537239479476,0.044438901654915874,6.0,17.0,926.53,121.0,3216.0,100.0,20.0,0.0738165066155542,Low,High,0.0,1.0,2018.0
81,Munderi,gram_panchayat,Kannur,24.754565359464955,4.694298189944968,356.9,2018,2598.9000907749833,0.8926022726266449,0.03445796529996686,6.0,17.0,926.53,121.0,3216.0,100.0,20.0,0.0738165066155542,Low,High,0.0,1.0,2018.0
82,Anjarakandy,gram_panchayat,Kannur,43.228406154683995,5.358604698872631,356.9,2018,6897.613319211537,0.9717417103645298,0.01477925058215676,6.0,17.0,926.53,121.0,3216.0,100.0,20.0,0.0738165066155542,Low,High,0.0,1.0,2018.0
83,Peralassery,gram_panchayat,Kannur,24.948527280174144,4.965158757727763,333.2,2018,2414.2094142121177,0.9674797716454846,0.012075714664272498,6.0,17.0,926.53,121.0,3216.0,100.0,20.0,0.0738165066155542,Low,High,0.0,1.0,2018.0
84,Chembilode,gram_panchayat,Kannur,38.503136393921665,5.153916833467737,333.2,2018,5021.612491400831,0.9626787807564159,0.025773016112265974,6.0,17.0,926.53,121.0,3216.0,100.0,20.0,0.0738165066155542,Low,High,0.0,1.0,2018.0
85,Kadambur,gram_panchayat,Kannur,29.102167569635363,5.161395896534491,333.2,2018,2399.833685265461,0.9668699282518085,0.022995508121098202,6.0,17.0,926.53,121.0,3216.0,100.0,20.0,0.0738165066155542,Low,High,0.0,1.0,2018.0
86,Muzhappilangad,gram_panchayat,Kannur,14.50575042794182,3.8009872692001956,309.2,2018,529.1675045406153,0.8395108562679672,0.057917439872305736,6.0,17.0,926.53,121.0,3216.0,100.0,20.0,0.0738165066155542,Low,High,0.0,1.0,2018.0
87,Kannur,municipal_corporation,Kannur,22.728555351213057,4.444283092696032,286.7,2018,1736.98090996524,0.7538020441483051,0.16174183505174725,6.0,17.0,926.53,121.0,3216.0,100.0,20.0,0.0738165066155542,Low,High,0.0,1.0,2018.0
88,Ulikkal,gram_panchayat,Kannur,145.26178707772866,11.044743351270736,302.4,2018,6963.497214992407,0.9758408710696715,0.0075852349700993495,6.0,17.0,926.53,121.0,3216.0,100.0,20.0,0.0738165066155542,Low,High,0.0,1.0,2018.0
89,Padiyoor,gram_panchayat,Thrissur,110.22075867648718,8.796835233045176,267.5,2018,2944.3772612267444,0.888980723963418,0.0033894718631298617,72.0,26.0,3569.25,2889.0,18241.0,598.0,41.0,0.5109015589882728,Critical,High,1.0,1.0,2018.0
90,Payam,gram_panchayat,Kannur,79.0773127964404,9.565980066251612,421.7,2018,1881.8917775027999,0.9409145434406829,0.010720795281127867,6.0,17.0,926.53,121.0,3216.0,100.0,20.0,0.0738165066155542,Low,High,0.0,1.0,2018.0
91,Iritty,municipality,Kannur,73.14739494250652,7.668688267830836,232.9,2018,2200.505036827551,0.919497166814783,0.01790809052702948,6.0,17.0,926.53,121.0,3216.0,100.0,20.0,0.0738165066155542,Low,High,0.0,1.0,2018.0
92,Thillankery,gram_panchayat,Kannur,118.64564596370685,9.563754651530143,286.40000000000003,2018,5748.476629859127,0.9896789950773542,0.0029462179765673002,6.0,17.0,926.53,121.0,3216.0,100.0,20.0,0.0738165066155542,Low,High,0.0,1.0,2018.0
93,Muzhakkunnu,gram_panchayat,Kannur,98.4870626201407,9.035413576306496,536.9,2018,5416.257854010088,0.9729952741562072,0.00601134833566896,6.0,17.0,926.53,121.0,3216.0,100.0,20.0,0.0738165066155542,Low,High,0.0,1.0,2018.0
94,Peravoor,gram_panchayat,Kannur,109.32789575576163,9.08750072503383,536.9,2018,10048.692810514454,0.9832691923116302,0.009511590006323616,6.0,17.0,926.53,121.0,3216.0,100.0,20.0,0.0738165066155542,Low,High,0.0,1.0,2018.0
95,Kanichar,gram_panchayat,Kannur,244.2237855479644,13.308760382732213,536.9,2018,14656.932808990641,0.982626488769563,0.0027333068585884287,6.0,17.0,926.53,121.0,3216.0,100.0,20.0,0.0738165066155542,Low,High,0.0,1.0,2018.0
96,Ayyankunnu,gram_panchayat,Kannur,281.6868815078768,16.426885352543835,436.0,2018,6270.545900566265,0.9808684361101446,0.0031272864708810134,6.0,17.0,926.53,121.0,3216.0,100.0,20.0,0.0738165066155542,Low,High,0.0,1.0,2018.0
97,Aralam,gram_panchayat,Kannur,214.97513885991617,12.259408921599796,633.8,2018,10943.657185485403,0.9867336039333143,0.001927933069765259,6.0,17.0,926.53,121.0,3216.0,100.0,20.0,0.0738165066155542,Low,High,0.0,1.0,2018.0
98,Kottiyoor,gram_panchayat,Kannur,651.1388372075438,22.324005733704837,566.7,2018,20841.032782983926,0.9874792595559572,0.0007699874422139131,6.0,17.0,926.53,121.0,3216.0,100.0,20.0,0.0738165066155542,Low,High,0.0,1.0,2018.0
99,Kelakam,gram_panchayat,Kannur,274.3418766130989,13.634282646830894,694.6,2018,18419.0069402399,0.9787655751882882,0.005637050508924817,6.0,17.0,926.53,121.0,3216.0,100.0,20.0,0.0738165066155542,Low,High,0.0,1.0,2018.0
100,Koodali,gram_panchayat,Kannur,53.63952463226601,6.98696641506593,254.2,2018,3198.868890778299,0.9482782727407559,0.01502784411371506,6.0,17.0,926.53,121.0,3216.0,100.0,20.0,0.0738165066155542,Low,High,0.0,1.0,2018.0
101,Keezhallur,gram_panchayat,Kannur,66.01123584727932,6.943759542365148,258.0,2018,5879.641505585194,0.868023284127267,0.03918878690161897,6.0,17.0,926.53,121.0,3216.0,100.0,20.0,0.0738165066155542,Low,High,0.0,1.0,2018.0
102,Mattannur,municipality,Kannur,58.068162137769285,7.61705483525259,258.0,2018,5162.038914442326,0.9481477753556458,0.020099904819192087,6.0,17.0,926.53,121.0,3216.0,100.0,20.0,0.0738165066155542,Low,High,0.0,1.0,2018.0
103,Malur,gram_panchayat,Kannur,104.55331984351741,10.426200463114627,286.40000000000003,2018,9356.577114367848,0.984196736055428,0.004664109692259639,6.0,17.0,926.53,121.0,3216.0,100.0,20.0,0.0738165066155542,Low,High,0.0,1.0,2018.0
104,Kolayad,gram_panchayat,Kannur,268.61319379490294,14.60301631470848,575.0,2018,16126.455382747188,0.9948526532931381,0.0012873246693877163,6.0,17.0,926.53,121.0,3216.0,100.0,20.0,0.0738165066155542,Low,High,0.0,1.0,2018.0
105,Triprangottoor,gram_panchayat,Kannur,140.6509160115848,10.201461641067615,391.4,2018,10668.915078755164,0.9752998361741542,0.012069745560581869,6.0,17.0,926.53,121.0,3216.0,100.0,20.0,0.0738165066155542,Low,High,0.0,1.0,2018.0
106,Kunnothuparamba,gram_panchayat,Kannur,56.27270363650351,6.869395751647847,297.8,2018,9824.944442966727,0.9680937254623612,0.016682800024857378,6.0,17.0,926.53,121.0,3216.0,100.0,20.0,0.0738165066155542,Low,High,0.0,1.0,2018.0
107,Pattiam,gram_panchayat,Kannur,87.26572262243364,7.905506281564301,360.5,2018,11704.378178280624,0.9472755875869207,0.009398446037864869,6.0,17.0,926.53,121.0,3216.0,100.0,20.0,0.0738165066155542,Low,High,0.0,1.0,2018.0
108,Chittariparamba,gram_panchayat,Kannur,74.52608060177447,8.06615091853601,360.5,2018,12755.129908391793,0.9590585464990649,0.009782958325292026,6.0,17.0,926.53,121.0,3216.0,100.0,20.0,0.0738165066155542,Low,High,0.0,1.0,2018.0
109,Koothuparamba,municipality,Kannur,52.69428616493889,5.302936954219672,287.4,2018,7721.722766716701,0.9477964948369065,0.04200806213087361,6.0,17.0,926.53,121.0,3216.0,100.0,20.0,0.0738165066155542,Low,High,0.0,1.0,2018.0
110,Mangattidam,gram_panchayat,Kannur,44.5291821284977,5.945283957741509,287.4,2018,8319.145367922887,0.9809529588620728,0.009415000391198221,6.0,17.0,926.53,121.0,3216.0,100.0,20.0,0.0738165066155542,Low,High,0.0,1.0,2018.0
111,Vengad,gram_panchayat,Kannur,28.557321630407028,4.8980483358807145,333.2,2018,4466.444421403071,0.9712383982827474,0.015353274805444126,6.0,17.0,926.53,121.0,3216.0,100.0,20.0,0.0738165066155542,Low,High,0.0,1.0,2018.0
112,Pinarayi,gram_panchayat,Kannur,22.983700731651364,3.9665112256261184,309.2,2018,1396.140319814342,0.9079770489734574,0.015876592546387968,6.0,17.0,926.53,121.0,3216.0,100.0,20.0,0.0738165066155542,Low,High,0.0,1.0,2018.0
113,Kottayam,gram_panchayat,Kannur,32.78990938272127,4.112920301122931,287.4,2018,4459.658869417476,0.948228311403953,0.034071170934956846,6.0,17.0,926.53,121.0,3216.0,100.0,20.0,0.0738165066155542,Low,High,0.0,1.0,2018.0
114,Mokeri,gram_panchayat,Kannur,35.126395516361974,4.85887452773217,297.8,2018,7440.181671407852,0.9741294087356642,0.014289709731071734,6.0,17.0,926.53,121.0,3216.0,100.0,20.0,0.0738165066155542,Low,High,0.0,1.0,2018.0
115,Kadirur,gram_panchayat,Kannur,23.437266645315198,4.050929760483457,309.2,2018,2938.6977312660374,0.9488830554502967,0.04042960337842432,6.0,17.0,926.53,121.0,3216.0,100.0,20.0,0.0738165066155542,Low,High,0.0,1.0,2018.0
116,Eranholi,gram_panchayat,Kannur,21.96219352042921,4.370478359829997,309.2,2018,898.435524911986,0.8492070747297409,0.026925744352864135,6.0,17.0,926.53,121.0,3216.0,100.0,20.0,0.0738165066155542,Low,High,0.0,1.0,2018.0
117,Dharmadam,gram_panchayat,Kannur,13.81701712177971,3.4700247243514357,309.2,2018,348.00010262049153,0.7328495237330858,0.04036816484995821,6.0,17.0,926.53,121.0,3216.0,100.0,20.0,0.0738165066155542,Low,High,0.0,1.0,2018.0
118,Thalassery,municipality,Kannur,17.104165067987218,3.9674391362594363,309.2,2018,1005.0486153318188,0.7527999141684937,0.1376923196288519,6.0,17.0,926.53,121.0,3216.0,100.0,20.0,0.0738165066155542,Low,High,0.0,1.0,2018.0
119,Panniyannur,gram_panchayat,Kannur,22.447827390682217,3.3995760159183037,297.8,2018,4746.589055365259,0.9793470767045157,0.018392841937461768,6.0,17.0,926.53,121.0,3216.0,100.0,20.0,0.0738165066155542,Low,High,0.0,1.0,2018.0
120,Chokli,gram_panchayat,Kannur,24.43793512254978,4.06156177775768,285.4,2018,2062.0722343543084,0.9359314508500822,0.031725029644090325,6.0,17.0,926.53,121.0,3216.0,100.0,20.0,0.0738165066155542,Low,High,0.0,1.0,2018.0
121,Panoor,municipality,Kannur,25.332411048972872,4.206239192010303,285.4,2018,3857.6026978618665,0.9560971577894588,0.022751757978649468,6.0,17.0,926.53,121.0,3216.0,100.0,20.0,0.0738165066155542,Low,High,0.0,1.0,2018.0
122,New Mahe,gram_panchayat,Kannur,18.49559485556442,4.880186911267512,285.4,2018,460.4276303205564,0.7854666038801255,0.11719740709362036,6.0,17.0,926.53,121.0,3216.0,100.0,20.0,0.0738165066155542,Low,High,0.0,1.0,2018.0
123,Thondernad,gram_panchayat,Wayanad,817.8283564033461,15.830672225697619,579.1,2018,14128.697576019924,0.9471453025784212,0.0041151705461192276,6.0,47.0,1876.8,702.0,9250.0,565.0,9.0,0.1894941412261612,Moderate,Critical,0.0,1.0,2018.0
124,Thavinhal,gram_panchayat,Wayanad,809.6968891666988,12.284118797762542,578.7,2018,16828.02979039175,0.9356461464524646,0.004149375084044468,6.0,47.0,1876.8,702.0,9250.0,565.0,9.0,0.1894941412261612,Moderate,Critical,0.0,1.0,2018.0
125,Thirunelly,gram_panchayat,Wayanad,882.8534806679553,10.710238268331754,188.2,2018,8439.020772039476,0.9333086428871725,0.0018077568731558044,6.0,47.0,1876.8,702.0,9250.0,565.0,9.0,0.1894941412261612,Moderate,Critical,0.0,1.0,2018.0
126,Mananthavady,municipality,Wayanad,802.7442537021063,10.08350030893172,194.1,2018,7553.307581478309,0.8945211324517058,0.01903030709519222,6.0,47.0,1876.8,702.0,9250.0,565.0,9.0,0.1894941412261612,Moderate,Critical,0.0,1.0,2018.0
127,Edavaka,gram_panchayat,Wayanad,750.868211942471,8.66709674494545,330.1,2018,8951.86769319107,0.9427113369147795,0.01676326225311291,6.0,47.0,1876.8,702.0,9250.0,565.0,9.0,0.1894941412261612,Moderate,Critical,0.0,1.0,2018.0
128,Vellamunda,gram_panchayat,Wayanad,835.8821325112776,10.909248813965746,335.7,2018,6346.937591238253,0.9121330967144213,0.013640321106404483,6.0,47.0,1876.8,702.0,9250.0,565.0,9.0,0.1894941412261612,Moderate,Critical,0.0,1.0,2018.0
129,Panamaram,gram_panchayat,Wayanad,746.6845753624691,6.9854617225477025,197.0,2018,5529.701234296134,0.9346657584524902,0.010536753486154965,6.0,47.0,1876.8,702.0,9250.0,565.0,9.0,0.1894941412261612,Moderate,Critical,0.0,1.0,2018.0
130,Padinharathara,gram_panchayat,Wayanad,905.0934036174764,14.07265816003963,536.3,2018,1883.9069894303962,0.7109505444446811,0.009562223990967714,6.0,47.0,1876.8,702.0,9250.0,565.0,9.0,0.1894941412261612,Moderate,Critical,0.0,1.0,2018.0
131,Thariode,gram_panchayat,Wayanad,877.8288830944566,14.407517700681613,536.3,2018,1640.2995256466297,0.8056389646433582,0.0029458620680865677,6.0,47.0,1876.8,702.0,9250.0,565.0,9.0,0.1894941412261612,Moderate,Critical,0.0,1.0,2018.0
132,Pozhuthana,gram_panchayat,Wayanad,956.9221893310764,14.618937850628177,381.5,2018,4620.409265271773,0.8785624899105989,0.004667614268219668,6.0,47.0,1876.8,702.0,9250.0,565.0,9.0,0.1894941412261612,Moderate,Critical,0.0,1.0,2018.0
133,Kottathara,gram_panchayat,Wayanad,750.03101458694,7.807258505790488,181.2,2018,7015.0327654532075,0.9489971832853462,0.00648500617573431,6.0,47.0,1876.8,702.0,9250.0,565.0,9.0,0.1894941412261612,Moderate,Critical,0.0,1.0,2018.0
134,Vengappally,gram_panchayat,Wayanad,754.2173946457608,8.035293233368133,365.0,2018,7369.140392467023,0.966868755661381,0.008489066062486998,6.0,47.0,1876.8,702.0,9250.0,565.0,9.0,0.1894941412261612,Moderate,Critical,0.0,1.0,2018.0
135,Kaniyambetta,gram_panchayat,Wayanad,746.6073425938043,6.323159221454607,181.2,2018,9122.754442678654,0.9323668206569026,0.02129612834748781,6.0,47.0,1876.8,702.0,9250.0,565.0,9.0,0.1894941412261612,Moderate,Critical,0.0,1.0,2018.0
136,Poothadi,gram_panchayat,Wayanad,801.6501579237998,7.82960296816528,185.3,2018,10121.44800214304,0.9685500110420892,0.005247518096289949,6.0,47.0,1876.8,702.0,9250.0,565.0,9.0,0.1894941412261612,Moderate,Critical,0.0,1.0,2018.0
137,Pulpally,gram_panchayat,Wayanad,771.1096385082917,6.083318820916345,189.9,2018,5153.237345114619,0.966096397016627,0.00893380402431003,6.0,47.0,1876.8,702.0,9250.0,565.0,9.0,0.1894941412261612,Moderate,Critical,0.0,1.0,2018.0
138,Mullankolly,gram_panchayat,Wayanad,750.197297506539,6.009782108024453,180.0,2018,2233.488344909849,0.9510173791908756,0.0039051336343311135,6.0,47.0,1876.8,702.0,9250.0,565.0,9.0,0.1894941412261612,Moderate,Critical,0.0,1.0,2018.0
139,Sulthan Bathery,municipality,Wayanad,892.7029138121196,7.140438021082536,221.8,2018,14207.162806909586,0.9595577051425735,0.011633876625927346,6.0,47.0,1876.8,702.0,9250.0,565.0,9.0,0.1894941412261612,Moderate,Critical,0.0,1.0,2018.0
140,Meenangadi,gram_panchayat,Wayanad,781.5062455350279,7.630462547303298,219.5,2018,6055.284591001004,0.9488035970398585,0.014248769788489156,6.0,47.0,1876.8,702.0,9250.0,565.0,9.0,0.1894941412261612,Moderate,Critical,0.0,1.0,2018.0
141,Ambalavayal,gram_panchayat,Wayanad,843.3405359647662,10.260649865505608,219.5,2018,2986.6780118511774,0.8994792394256247,0.01528783792210063,6.0,47.0,1876.8,702.0,9250.0,565.0,9.0,0.1894941412261612,Moderate,Critical,0.0,1.0,2018.0
142,Nenmeni,gram_panchayat,Wayanad,903.2180484210304,8.707426225998482,286.6,2018,9766.608865988872,0.9391379901028717,0.011974040446132633,6.0,47.0,1876.8,702.0,9250.0,565.0,9.0,0.1894941412261612,Moderate,Critical,0.0,1.0,2018.0
143,Noolpuzha,gram_panchayat,Wayanad,893.0452477958678,6.68515959591435,309.4,2018,15273.266860910931,0.9190719818199587,0.001308119928383,6.0,47.0,1876.8,702.0,9250.0,565.0,9.0,0.1894941412261612,Moderate,Critical,0.0,1.0,2018.0
144,Vythiri,gram_panchayat,Wayanad,915.8830628787586,14.9419612362216,381.5,2018,3136.5448150042066,0.9317401752785596,0.01612828985663933,6.0,47.0,1876.8,702.0,9250.0,565.0,9.0,0.1894941412261612,Moderate,Critical,0.0,1.0,2018.0
145,Kalpetta,municipality,Wayanad,809.8823407820253,9.859861554985553,246.5,2018,7731.701719323734,0.8874554812316184,0.057688988668297025,6.0,47.0,1876.8,702.0,9250.0,565.0,9.0,0.1894941412261612,Moderate,Critical,0.0,1.0,2018.0
146,Meppadi,gram_panchayat,Wayanad,1054.2966707955359,17.63312935060548,528.6,2018,7802.8021183736355,0.9002396199612491,0.006720132233618057,6.0,47.0,1876.8,702.0,9250.0,565.0,9.0,0.1894941412261612,Moderate,Critical,0.0,1.0,2018.0
147,Muttil,gram_panchayat,Wayanad,770.034634153535,7.619710834792693,219.5,2018,4779.840614604905,0.8959771451054079,0.01933016027740441,6.0,47.0,1876.8,702.0,9250.0,565.0,9.0,0.1894941412261612,Moderate,Critical,0.0,1.0,2018.0
148,Mupainad,gram_panchayat,Wayanad,781.5529704503898,14.857639680335806,378.5,2018,5224.6082965895075,0.9564812970784566,0.007013606879074263,6.0,47.0,1876.8,702.0,9250.0,565.0,9.0,0.1894941412261612,Moderate,Critical,0.0,1.0,2018.0
149,Kozhikode,municipal_corporation,Kozhikode,19.884503994621546,3.818810123890774,244.4,2018,2424.2762137041855,0.7698541457004525,0.18413524148216298,16.0,9.0,627.04,107.0,1338.0,332.0,8.0,0.0749997741248576,Low,Moderate,0.0,0.0,2018.0
150,Azhiyur,gram_panchayat,Kozhikode,17.387963547908424,3.3758260005375273,285.4,2018,540.2700115714764,0.8700959062845607,0.05394463735733716,16.0,9.0,627.04,107.0,1338.0,332.0,8.0,0.0749997741248576,Low,Moderate,0.0,0.0,2018.0
151,Eramala,gram_panchayat,Kozhikode,18.801470690718368,3.729241784365497,260.9,2018,2664.963026616109,0.968742445433007,0.009778309243542161,16.0,9.0,627.04,107.0,1338.0,332.0,8.0,0.0749997741248576,Low,Moderate,0.0,0.0,2018.0
152,Onchiyam,gram_panchayat,Kozhikode,21.89012276158918,3.8364356688166894,260.9,2018,1494.2983347111617,0.9680286106064807,0.019339465370136935,16.0,9.0,627.04,107.0,1338.0,332.0,8.0,0.0749997741248576,Low,Moderate,0.0,0.0,2018.0
153,Chorode,gram_panchayat,Kozhikode,21.73075815270011,4.106181700965468,260.9,2018,2288.9735164883473,0.9688280170528335,0.020740438665481992,16.0,9.0,627.04,107.0,1338.0,332.0,8.0,0.0749997741248576,Low,Moderate,0.0,0.0,2018.0
154,Edacheri,gram_panchayat,Kozhikode,18.574697042595794,3.6459875476211705,285.4,2018,2296.7994044944953,0.9602669581140808,0.006287850247858745,16.0,9.0,627.04,107.0,1338.0,332.0,8.0,0.0749997741248576,Low,Moderate,0.0,0.0,2018.0
155,Tuneri,gram_panchayat,Kozhikode,24.375262404750206,4.143467310587993,379.0,2018,4121.779383526373,0.9852438559315688,0.008235361173545895,16.0,9.0,627.04,107.0,1338.0,332.0,8.0,0.0749997741248576,Low,Moderate,0.0,0.0,2018.0
156,Nadapuram,gram_panchayat,Kozhikode,31.163971375443733,4.936733575691927,379.0,2018,7408.851277667053,0.9729134988358581,0.02391017378365531,16.0,9.0,627.04,107.0,1338.0,332.0,8.0,0.0749997741248576,Low,Moderate,0.0,0.0,2018.0
157,Chekkiad,gram_panchayat,Kozhikode,95.19077499627208,8.409017956279472,391.4,2018,9553.752426529796,0.9798700534847099,0.011075120180148048,16.0,9.0,627.04,107.0,1338.0,332.0,8.0,0.0749997741248576,Low,Moderate,0.0,0.0,2018.0
158,Valayam,gram_panchayat,Kozhikode,60.37305487232565,6.1660111251003,379.0,2018,11293.24568075382,0.9928225548305074,0.004767356835372026,16.0,9.0,627.04,107.0,1338.0,332.0,8.0,0.0749997741248576,Low,Moderate,0.0,0.0,2018.0
159,Vanimal,gram_panchayat,Kozhikode,297.06730404172055,16.477659088655866,530.9,2018,17232.34725421325,0.9865194795928787,0.002591142706128225,16.0,9.0,627.04,107.0,1338.0,332.0,8.0,0.0749997741248576,Low,Moderate,0.0,0.0,2018.0
160,Narippatta,gram_panchayat,Kozhikode,263.03551482413366,15.520765390480038,530.9,2018,15128.315977119011,0.9930056736063821,0.000555201885198906,16.0,9.0,627.04,107.0,1338.0,332.0,8.0,0.0749997741248576,Low,Moderate,0.0,0.0,2018.0
161,Kavilumpara,gram_panchayat,Kozhikode,594.6454471762473,21.858726603687757,533.8,2018,10412.36712056587,0.9863613360405133,0.0013100693277128786,16.0,9.0,627.04,107.0,1338.0,332.0,8.0,0.0749997741248576,Low,Moderate,0.0,0.0,2018.0
162,Maruthonkara,gram_panchayat,Kozhikode,62.08738297783502,8.697878401681093,532.7,2018,6564.93850407755,0.9877649094278164,0.004718346872785805,16.0,9.0,627.04,107.0,1338.0,332.0,8.0,0.0749997741248576,Low,Moderate,0.0,0.0,2018.0
163,Kayakkody,gram_panchayat,Kozhikode,112.74857786536136,10.566043130410868,517.1,2018,10805.849274405902,0.9926314738016239,0.003940407461809123,16.0,9.0,627.04,107.0,1338.0,332.0,8.0,0.0749997741248576,Low,Moderate,0.0,0.0,2018.0
164,Kuttiadi,gram_panchayat,Kozhikode,36.08130125442295,6.21812973439143,299.8,2018,6411.476362323947,0.9707793174588084,0.01720525440195964,16.0,9.0,627.04,107.0,1338.0,332.0,8.0,0.0749997741248576,Low,Moderate,0.0,0.0,2018.0
165,Kunnummal,gram_panchayat,Kozhikode,45.33353489208037,6.097695067991177,379.0,2018,8653.70931264601,0.9856293997784512,0.01261719827002547,16.0,9.0,627.04,107.0,1338.0,332.0,8.0,0.0749997741248576,Low,Moderate,0.0,0.0,2018.0
166,Purameri,gram_panchayat,Kozhikode,33.95552524479003,5.1802386779582985,299.8,2018,5672.439220506085,0.9879257379551667,0.004432572853798303,16.0,9.0,627.04,107.0,1338.0,332.0,8.0,0.0749997741248576,Low,Moderate,0.0,0.0,2018.0
167,Velom,gram_panchayat,Kozhikode,30.309534542348633,6.399525999765923,299.8,2018,3159.8141337305055,0.9691264008580315,0.0016071544995258516,16.0,9.0,627.04,107.0,1338.0,332.0,8.0,0.0749997741248576,Low,Moderate,0.0,0.0,2018.0
168,Ayancheri,gram_panchayat,Kozhikode,25.518590294760564,4.5983059019463255,299.8,2018,5045.538213422407,0.9445578678728657,0.0067133962330959305,16.0,9.0,627.04,107.0,1338.0,332.0,8.0,0.0749997741248576,Low,Moderate,0.0,0.0,2018.0
169,Thiruvallur,gram_panchayat,Kozhikode,27.279229133102557,5.684802425791209,299.8,2018,2433.5147292838337,0.9525522748948272,0.003995296220434541,16.0,9.0,627.04,107.0,1338.0,332.0,8.0,0.0749997741248576,Low,Moderate,0.0,0.0,2018.0
170,Maniyur,gram_panchayat,Kozhikode,25.168363865967176,5.795594391295838,240.1,2018,903.3861274968767,0.9029792331515132,0.005375737158212457,16.0,9.0,627.04,107.0,1338.0,332.0,8.0,0.0749997741248576,Low,Moderate,0.0,0.0,2018.0
171,Villiappally,gram_panchayat,Kozhikode,35.51159382369791,5.867197314878801,260.9,2018,4266.61501295436,0.9787183343373245,0.013408208835782351,16.0,9.0,627.04,107.0,1338.0,332.0,8.0,0.0749997741248576,Low,Moderate,0.0,0.0,2018.0
172,Vatakara,municipality,Kozhikode,20.354054549614087,3.81127670415793,240.1,2018,1486.5612824173256,0.8642592683829617,0.08019714001897302,16.0,9.0,627.04,107.0,1338.0,332.0,8.0,0.0749997741248576,Low,Moderate,0.0,0.0,2018.0
173,Payyoli,municipality,Kozhikode,12.867723752011383,3.1071604684631637,240.1,2018,622.8019194446337,0.8375725420686472,0.019293954352826343,16.0,9.0,627.04,107.0,1338.0,332.0,8.0,0.0749997741248576,Low,Moderate,0.0,0.0,2018.0
174,Thikkodi,gram_panchayat,Kozhikode,13.130848228309103,2.9747705332265664,229.1,2018,990.2295399745963,0.8492303813115029,0.01709972581404615,16.0,9.0,627.04,107.0,1338.0,332.0,8.0,0.0749997741248576,Low,Moderate,0.0,0.0,2018.0
175,Moodadi,gram_panchayat,Kozhikode,19.083469900015608,4.0566158339215885,229.1,2018,936.4124719535724,0.9240767127587408,0.014094889762524623,16.0,9.0,627.04,107.0,1338.0,332.0,8.0,0.0749997741248576,Low,Moderate,0.0,0.0,2018.0
176,Thurayur,gram_panchayat,Kozhikode,15.300933597916876,4.224078795003431,229.1,2018,796.0347241531451,0.8335945008461196,0.005438712562596847,16.0,9.0,627.04,107.0,1338.0,332.0,8.0,0.0749997741248576,Low,Moderate,0.0,0.0,2018.0
177,Keezhariyur,gram_panchayat,Kozhikode,25.582027735864035,5.976584139415774,259.5,2018,1045.1842939694734,0.8632117445640679,0.0025558403045911017,16.0,9.0,627.04,107.0,1338.0,332.0,8.0,0.0749997741248576,Low,Moderate,0.0,0.0,2018.0
178,Cheruvannur,gram_panchayat,Kozhikode,22.62024901742456,5.416267664130794,269.7,2018,1728.656030196936,0.9516099108240367,0.002602329455152453,16.0,9.0,627.04,107.0,1338.0,332.0,8.0,0.0749997741248576,Low,Moderate,0.0,0.0,2018.0
179,Meppayur,gram_panchayat,Kozhikode,32.854414221163594,6.22498669080546,269.7,2018,3184.8894571381547,0.9653650956561151,0.007195793380720486,16.0,9.0,627.04,107.0,1338.0,332.0,8.0,0.0749997741248576,Low,Moderate,0.0,0.0,2018.0
180,Arikkulam,gram_panchayat,Kozhikode,28.407241342365616,6.20697632809612,259.5,2018,3893.0663445387368,0.9709430463394134,0.001930929873616965,16.0,9.0,627.04,107.0,1338.0,332.0,8.0,0.0749997741248576,Low,Moderate,0.0,0.0,2018.0
181,Nochad,gram_panchayat,Kozhikode,39.60189149706367,6.7172568201587355,454.7,2018,6699.2227237862235,0.9907617643917985,0.004582670564102262,16.0,9.0,627.04,107.0,1338.0,332.0,8.0,0.0749997741248576,Low,Moderate,0.0,0.0,2018.0
182,Perambra,gram_panchayat,Kozhikode,32.32760476955862,6.690469084700418,454.7,2018,5428.277253986723,0.9649972271694807,0.013716071758288047,16.0,9.0,627.04,107.0,1338.0,332.0,8.0,0.0749997741248576,Low,Moderate,0.0,0.0,2018.0
183,Changaroth,gram_panchayat,Kozhikode,29.674656771607705,6.372435048518918,532.7,2018,5430.815382515172,0.9727180419219716,0.0052173706629761694,16.0,9.0,627.04,107.0,1338.0,332.0,8.0,0.0749997741248576,Low,Moderate,0.0,0.0,2018.0
184,Koothali,gram_panchayat,Kozhikode,38.6099378061819,8.10952496689685,454.7,2018,4430.0001871374725,0.9898879735061207,0.0020431986135112062,16.0,9.0,627.04,107.0,1338.0,332.0,8.0,0.0749997741248576,Low,Moderate,0.0,0.0,2018.0
185,Chakkittapara,gram_panchayat,Kozhikode,292.007365799949,15.51174496645822,454.7,2018,2707.786454574953,0.9451819906056288,0.0009099523115912889,16.0,9.0,627.04,107.0,1338.0,332.0,8.0,0.0749997741248576,Low,Moderate,0.0,0.0,2018.0
186,Koorachundu,gram_panchayat,Kozhikode,545.6528386511128,19.22427339119325,440.2,2018,1977.5950950910953,0.9455116530700124,0.0009040480513332874,16.0,9.0,627.04,107.0,1338.0,332.0,8.0,0.0749997741248576,Low,Moderate,0.0,0.0,2018.0
187,Kayanna,gram_panchayat,Kozhikode,107.4936515741998,12.048152659657962,368.7,2018,5108.288833598616,0.9936856851294416,0.0012607970241845345,16.0,9.0,627.04,107.0,1338.0,332.0,8.0,0.0749997741248576,Low,Moderate,0.0,0.0,2018.0
188,Panangad,gram_panchayat,Kozhikode,99.93653059077522,10.285793546342813,440.2,2018,7047.504665376476,0.9799887749475718,0.008758516900818799,16.0,9.0,627.04,107.0,1338.0,332.0,8.0,0.0749997741248576,Low,Moderate,0.0,0.0,2018.0
189,Kottur,gram_panchayat,Kozhikode,69.6145220233459,8.750516580856171,368.7,2018,6794.897295267857,0.9924495560566926,0.0020441019750395027,16.0,9.0,627.04,107.0,1338.0,332.0,8.0,0.0749997741248576,Low,Moderate,0.0,0.0,2018.0
190,Naduvannur,gram_panchayat,Kozhikode,30.483005933629165,6.325170751105873,368.7,2018,3402.4965746756798,0.9716558970092279,0.006875263608379029,16.0,9.0,627.04,107.0,1338.0,332.0,8.0,0.0749997741248576,Low,Moderate,0.0,0.0,2018.0
191,Balussery,gram_panchayat,Kozhikode,49.30235486079249,6.798869328350723,279.0,2018,5699.8607041909845,0.9859375963322291,0.009871204108607581,16.0,9.0,627.04,107.0,1338.0,332.0,8.0,0.0749997741248576,Low,Moderate,0.0,0.0,2018.0
192,Ulliyeri,gram_panchayat,Kozhikode,29.1733336463693,7.455896088063405,261.9,2018,1566.594167737108,0.9345670843939843,0.005583774240378761,16.0,9.0,627.04,107.0,1338.0,332.0,8.0,0.0749997741248576,Low,Moderate,0.0,0.0,2018.0
193,Atholi,gram_panchayat,Kozhikode,33.56146298711486,7.267124290877807,279.0,2018,1401.004092790477,0.9045559906425025,0.007910367953348416,16.0,9.0,627.04,107.0,1338.0,332.0,8.0,0.0749997741248576,Low,Moderate,0.0,0.0,2018.0
194,Chemanchery,gram_panchayat,Kozhikode,16.47287380364377,3.4358652933994493,261.9,2018,592.1404804787137,0.8672707217309025,0.016921554873581133,16.0,9.0,627.04,107.0,1338.0,332.0,8.0,0.0749997741248576,Low,Moderate,0.0,0.0,2018.0
195,Chengottukavu,gram_panchayat,Kozhikode,18.49295169557734,4.1136458208486735,261.9,2018,875.8749350511339,0.9101906984525998,0.007520299988747494,16.0,9.0,627.04,107.0,1338.0,332.0,8.0,0.0749997741248576,Low,Moderate,0.0,0.0,2018.0
196,Koyilandy,municipality,Kozhikode,18.044884255306393,4.140163088312008,259.5,2018,1051.2148858061546,0.9023539482377407,0.027189242958723818,16.0,9.0,627.04,107.0,1338.0,332.0,8.0,0.0749997741248576,Low,Moderate,0.0,0.0,2018.0
197,Thalakulathur,gram_panchayat,Kozhikode,25.60260708592185,5.654899485176401,242.7,2018,1370.3495201387875,0.8550823461322344,0.011605620052975388,16.0,9.0,627.04,107.0,1338.0,332.0,8.0,0.0749997741248576,Low,Moderate,0.0,0.0,2018.0
198,Nanminda,gram_panchayat,Kozhikode,53.48345688144126,8.19254232009194,279.0,2018,6360.7558766263455,0.9912469358921451,0.004615639731218076,16.0,9.0,627.04,107.0,1338.0,332.0,8.0,0.0749997741248576,Low,Moderate,0.0,0.0,2018.0
199,Kakkur,gram_panchayat,Kozhikode,53.09772512828292,8.904061674459316,242.7,2018,6144.141352332662,0.966649536409901,0.0029300328620097855,16.0,9.0,627.04,107.0,1338.0,332.0,8.0,0.0749997741248576,Low,Moderate,0.0,0.0,2018.0
200,Chelannur,gram_panchayat,Kozhikode,31.444651996585318,6.723863468359522,242.7,2018,2267.233559352889,0.9528293276360026,0.00511869811162113,16.0,9.0,627.04,107.0,1338.0,332.0,8.0,0.0749997741248576,Low,Moderate,0.0,0.0,2018.0
201,Kakkodi,gram_panchayat,Kozhikode,21.77636839742126,4.675811992816656,242.7,2018,1861.0907446447125,0.9124538548041745,0.008106872021392444,16.0,9.0,627.04,107.0,1338.0,332.0,8.0,0.0749997741248576,Low,Moderate,0.0,0.0,2018.0
202,Kuruvattoor,gram_panchayat,Kozhikode,35.7730246409165,6.3531533920567815,244.4,2018,6078.613763155578,0.9861636042371247,0.00852664489925266,16.0,9.0,627.04,107.0,1338.0,332.0,8.0,0.0749997741248576,Low,Moderate,0.0,0.0,2018.0
203,Madavoor,gram_panchayat,Kozhikode,50.633248856521604,8.323353540158573,242.7,2018,7692.8603275449095,0.9921179703025912,0.006875576651893459,16.0,9.0,627.04,107.0,1338.0,332.0,8.0,0.0749997741248576,Low,Moderate,0.0,0.0,2018.0
204,Kunnamangalam,gram_panchayat,Kozhikode,40.90593266035755,7.398527300235029,242.5,2018,7538.225573121479,0.9645725373757568,0.02873620742324142,16.0,9.0,627.04,107.0,1338.0,332.0,8.0,0.0749997741248576,Low,Moderate,0.0,0.0,2018.0
205,Peruvayal,gram_panchayat,Kozhikode,28.59497178856161,6.270933508417495,242.5,2018,3504.045597641171,0.9443614907539303,0.028247884165928754,16.0,9.0,627.04,107.0,1338.0,332.0,8.0,0.0749997741248576,Low,Moderate,0.0,0.0,2018.0
206,Perumanna,gram_panchayat,Kozhikode,27.51447501707286,6.441915234795751,269.90000000000003,2018,1657.840870370457,0.9275120213908122,0.01899648713818062,16.0,9.0,627.04,107.0,1338.0,332.0,8.0,0.0749997741248576,Low,Moderate,0.0,0.0,2018.0
207,Mavoor,gram_panchayat,Kozhikode,26.878492065406295,7.151204427052432,242.5,2018,1650.5897980364205,0.8993209564929825,0.009093529330431092,16.0,9.0,627.04,107.0,1338.0,332.0,8.0,0.0749997741248576,Low,Moderate,0.0,0.0,2018.0
208,Chathamangalam,gram_panchayat,Kozhikode,39.760078623571964,6.376507817420516,242.5,2018,5244.058517945466,0.9656731119370412,0.01938049654190271,16.0,9.0,627.04,107.0,1338.0,332.0,8.0,0.0749997741248576,Low,Moderate,0.0,0.0,2018.0
209,Mukkam,municipality,Kozhikode,45.6055306598932,8.181763709813174,424.6,2018,7614.259012300077,0.9623008134654923,0.02535321969542039,16.0,9.0,627.04,107.0,1338.0,332.0,8.0,0.0749997741248576,Low,Moderate,0.0,0.0,2018.0
210,Karassery,gram_panchayat,Kozhikode,69.79275024623517,10.379450444547686,341.9,2018,6485.226356941032,0.9621639592952994,0.016198707806644844,16.0,9.0,627.04,107.0,1338.0,332.0,8.0,0.0749997741248576,Low,Moderate,0.0,0.0,2018.0
211,Kodiyathur,gram_panchayat,Kozhikode,88.69648813598165,10.2879481383366,341.9,2018,3394.32377440949,0.9433080126163228,0.019488736505268847,16.0,9.0,627.04,107.0,1338.0,332.0,8.0,0.0749997741248576,Low,Moderate,0.0,0.0,2018.0
212,Olavanna,gram_panchayat,Kozhikode,20.174578945163233,5.413675394701197,269.90000000000003,2018,1974.0899468394618,0.895643574021726,0.04236076502071034,16.0,9.0,627.04,107.0,1338.0,332.0,8.0,0.0749997741248576,Low,Moderate,0.0,0.0,2018.0
213,Ramanattukara,municipality,Kozhikode,18.07605167802309,4.339847462489638,269.90000000000003,2018,1606.5252958943252,0.7738687245208778,0.0953704819630549,16.0,9.0,627.04,107.0,1338.0,332.0,8.0,0.0749997741248576,Low,Moderate,0.0,0.0,2018.0
214,Feroke,municipality,Kozhikode,13.489075292118594,3.3071324486521996,284.1,2018,635.2642766891278,0.7243920699458266,0.08034595436730911,16.0,9.0,627.04,107.0,1338.0,332.0,8.0,0.0749997741248576,Low,Moderate,0.0,0.0,2018.0
215,Kadalundi,gram_panchayat,Kozhikode,14.386906474492253,3.844676150227311,284.1,2018,459.8427160975462,0.853210857887294,0.04238794519021751,16.0,9.0,627.04,107.0,1338.0,332.0,8.0,0.0749997741248576,Low,Moderate,0.0,0.0,2018.0
216,Unnikulam,gram_panchayat,Kozhikode,54.595027502355606,6.3272630368388825,344.4,2018,10323.437320692334,0.9866714539897656,0.007544246498969089,16.0,9.0,627.04,107.0,1338.0,332.0,8.0,0.0749997741248576,Low,Moderate,0.0,0.0,2018.0
217,Kattippara,gram_panchayat,Kozhikode,252.82626803909523,17.601830398659516,413.2,2018,7397.389032090598,0.9690478792004584,0.0028307257274036426,16.0,9.0,627.04,107.0,1338.0,332.0,8.0,0.0749997741248576,Low,Moderate,0.0,0.0,2018.0
218,Puthuppadi,gram_panchayat,Kozhikode,251.25406964625736,15.444757490502576,496.2,2018,7084.354353378381,0.9700653951174686,0.009408258982305288,16.0,9.0,627.04,107.0,1338.0,332.0,8.0,0.0749997741248576,Low,Moderate,0.0,0.0,2018.0
219,Kodanchery,gram_panchayat,Kozhikode,445.9354967993887,16.596348794901722,496.2,2018,10684.075986072427,0.9838178172247803,0.003991996362397112,16.0,9.0,627.04,107.0,1338.0,332.0,8.0,0.0749997741248576,Low,Moderate,0.0,0.0,2018.0
220,Thiruvambadi,gram_panchayat,Kozhikode,580.4854268638871,18.182896793098198,496.5,2018,13561.603606211787,0.9742331974120055,0.005694734484103282,16.0,9.0,627.04,107.0,1338.0,332.0,8.0,0.0749997741248576,Low,Moderate,0.0,0.0,2018.0
221,Koodaranhi,gram_panchayat,Kozhikode,461.5285211104391,18.813655151480184,488.1,2018,12301.611756104949,0.9715283590894487,0.0030819647905166022,16.0,9.0,627.04,107.0,1338.0,332.0,8.0,0.0749997741248576,Low,Moderate,0.0,0.0,2018.0
222,Omassery,gram_panchayat,Kozhikode,52.84305337237098,8.662166919123136,424.6,2018,11628.07100039758,0.9828198710043987,0.012786276335711336,16.0,9.0,627.04,107.0,1338.0,332.0,8.0,0.0749997741248576,Low,Moderate,0.0,0.0,2018.0
223,Koduvally,municipality,Kozhikode,51.37163652906431,8.300969426792985,424.6,2018,12191.413163607029,0.9653590750429495,0.03292211843190237,16.0,9.0,627.04,107.0,1338.0,332.0,8.0,0.0749997741248576,Low,Moderate,0.0,0.0,2018.0
224,Kizhakkoth,gram_panchayat,Kozhikode,55.48407682129805,7.791155726672406,344.4,2018,12080.48135913979,0.9870133934438755,0.011972375030087393,16.0,9.0,627.04,107.0,1338.0,332.0,8.0,0.0749997741248576,Low,Moderate,0.0,0.0,2018.0
225,Narikunni,gram_panchayat,Kozhikode,59.44986265649317,8.081275435642244,344.4,2018,8769.542199126516,0.9910411382947476,0.00800227302157702,16.0,9.0,627.04,107.0,1338.0,332.0,8.0,0.0749997741248576,Low,Moderate,0.0,0.0,2018.0
226,Thamarassery,gram_panchayat,Kozhikode,52.96564631054713,7.57408538958877,496.2,2018,13249.200188823717,0.9628010779522179,0.03046533349129703,16.0,9.0,627.04,107.0,1338.0,332.0,8.0,0.0749997741248576,Low,Moderate,0.0,0.0,2018.0
227,Pothukal,gram_panchayat,Malappuram,444.02802986022647,17.497528356199286,405.7,2018,13248.744317554276,0.9687177230517977,0.0012410329483366356,30.0,30.0,5275.4,500.0,3731.0,1231.0,18.0,0.2854561174246522,High,Critical,1.0,1.0,2018.0
228,Chungathara,gram_panchayat,Malappuram,549.3807836893071,15.437950251275922,281.9,2018,8805.574215430492,0.9520942942307355,0.004017089072150084,30.0,30.0,5275.4,500.0,3731.0,1231.0,18.0,0.2854561174246522,High,Critical,1.0,1.0,2018.0
229,Chaliyar,gram_panchayat,Malappuram,295.43763127279794,14.25962296625506,333.9,2018,6246.861334013853,0.9587042714147341,0.0020715411871365594,30.0,30.0,5275.4,500.0,3731.0,1231.0,18.0,0.2854561174246522,High,Critical,1.0,1.0,2018.0
230,Mampad,gram_panchayat,Malappuram,56.59474513351577,7.492271564128225,215.6,2018,2610.040668299812,0.9308275659860198,0.01643714353039729,30.0,30.0,5275.4,500.0,3731.0,1231.0,18.0,0.2854561174246522,High,Critical,1.0,1.0,2018.0
231,Nilambur,municipality,Malappuram,35.003279723989515,5.2748775414857745,222.0,2018,2177.2574386321085,0.8801519785694224,0.060209091641622504,30.0,30.0,5275.4,500.0,3731.0,1231.0,18.0,0.2854561174246522,High,Critical,1.0,1.0,2018.0
232,Kollam,municipal_corporation,Kollam,14.619779416443542,2.546079959837326,217.79999999999998,2018,878.1856571061525,0.49588457242810136,0.35204518853015543,5.0,2.0,869.73,95.0,1338.0,340.0,48.0,0.0980183986355041,Moderate,Moderate,0.0,0.0,2018.0
233,Kochi,municipal_corporation,Ernakulam,6.106576731955272,2.3286567674736975,292.5,2018,917.9415060233287,0.20422738686496084,0.5503049658614377,58.0,0.0,1296.66,615.0,1684.0,2105.0,13.0,0.3161434694016022,High,Low,1.0,0.0,2018.0
234,Thrissur,municipal_corporation,Thrissur,15.420545693142676,3.751692908809357,346.6,2018,4729.347891771568,0.633988851757624,0.28777083078281085,72.0,26.0,3569.25,2889.0,18241.0,598.0,41.0,0.5109015589882728,Critical,High,1.0,1.0,2018.0
235,Thiruvananthapuram,municipal_corporation,Thiruvananthapuram,33.62491157530417,4.94655863231283,189.20000000000002,2018,3199.897470821296,0.6255330397452561,0.3403868749079706,11.0,0.0,1356.96,111.0,2940.0,475.0,5.0,0.0782789327470029,Low,Low,0.0,0.0,2018.0
236,Edakkara,gram_panchayat,Malappuram,82.40183404033236,7.5460593082939456,341.2,2018,9677.119613137504,0.9595774972324049,0.017547904780306517,30.0,30.0,5275.4,500.0,3731.0,1231.0,18.0,0.2854561174246522,High,Critical,1.0,1.0,2018.0
237,Vazhikkadavu,gram_panchayat,Malappuram,366.7292746848085,15.947165251129992,381.3,2018,15084.535282154451,0.9877554346718291,0.003150770852775059,30.0,30.0,5275.4,500.0,3731.0,1231.0,18.0,0.2854561174246522,High,Critical,1.0,1.0,2018.0
238,Karulai,gram_panchayat,Malappuram,704.8663162381056,18.395274994758186,511.59999999999997,2018,9660.866836045025,0.9419157350035838,0.0016019582888862488,30.0,30.0,5275.4,500.0,3731.0,1231.0,18.0,0.2854561174246522,High,Critical,1.0,1.0,2018.0
239,Moothedam,gram_panchayat,Malappuram,52.72495621964435,5.913977249336784,341.2,2018,9545.668046331804,0.9803938067584522,0.006589608234428658,30.0,30.0,5275.4,500.0,3731.0,1231.0,18.0,0.2854561174246522,High,Critical,1.0,1.0,2018.0
240,Amarambalam,gram_panchayat,Malappuram,709.0287197375478,20.4258746209859,743.5,2018,10311.85520903513,0.9580677772105162,0.0030454253083539522,30.0,30.0,5275.4,500.0,3731.0,1231.0,18.0,0.2854561174246522,High,Critical,1.0,1.0,2018.0
241,Chokkad,gram_panchayat,Malappuram,490.8222816040549,18.820619875144327,628.6,2018,13635.792544306256,0.9670981333125409,0.0025856531148212244,30.0,30.0,5275.4,500.0,3731.0,1231.0,18.0,0.2854561174246522,High,Critical,1.0,1.0,2018.0
242,Wandoor,gram_panchayat,Malappuram,45.59309378792348,5.395282165882386,237.0,2018,7971.280850795672,0.9505103467243571,0.025445952976988054,30.0,30.0,5275.4,500.0,3731.0,1231.0,18.0,0.2854561174246522,High,Critical,1.0,1.0,2018.0
243,Thiruvali,gram_panchayat,Malappuram,42.455028586501996,5.951269425891482,215.6,2018,5526.1853134513,0.9690163218845352,0.009989820438518414,30.0,30.0,5275.4,500.0,3731.0,1231.0,18.0,0.2854561174246522,High,Critical,1.0,1.0,2018.0
244,Porur,gram_panchayat,Malappuram,58.54221239596511,6.119108756649145,314.3,2018,11505.020756640535,0.978318727710906,0.007713264870135807,30.0,30.0,5275.4,500.0,3731.0,1231.0,18.0,0.2854561174246522,High,Critical,1.0,1.0,2018.0
245,Kalikavu,gram_panchayat,Malappuram,205.37268305517668,12.359693192406317,628.6,2018,15870.131634237832,0.9837210009593945,0.006719993144306731,30.0,30.0,5275.4,500.0,3731.0,1231.0,18.0,0.2854561174246522,High,Critical,1.0,1.0,2018.0
246,Thuvoor,gram_panchayat,Malappuram,72.62001764780621,6.652922449863608,314.3,2018,18872.364609758217,0.98494212551642,0.007126379254584605,30.0,30.0,5275.4,500.0,3731.0,1231.0,18.0,0.2854561174246522,High,Critical,1.0,1.0,2018.0
247,Karuvarakundu,gram_panchayat,Malappuram,303.51744100309645,15.901527906398414,531.4,2018,18932.99091603341,0.9753722318229339,0.006984488110393883,30.0,30.0,5275.4,500.0,3731.0,1231.0,18.0,0.2854561174246522,High,Critical,1.0,1.0,2018.0
248,Urangattiri,gram_panchayat,Malappuram,253.80620699832102,15.590939112028211,279.8,2018,4927.97651169971,0.9606856895440856,0.004365346833802071,30.0,30.0,5275.4,500.0,3731.0,1231.0,18.0,0.2854561174246522,High,Critical,1.0,1.0,2018.0
249,Edavanna,gram_panchayat,Malappuram,81.57177235249073,11.14150864964271,215.6,2018,2225.7678592568345,0.9254398023693357,0.02177778348546778,30.0,30.0,5275.4,500.0,3731.0,1231.0,18.0,0.2854561174246522,High,Critical,1.0,1.0,2018.0
250,Thrikkalangode,gram_panchayat,Malappuram,59.79771514815033,7.8444824383562555,209.3,2018,7355.8856886307985,0.9730889196850714,0.013817614521427551,30.0,30.0,5275.4,500.0,3731.0,1231.0,18.0,0.2854561174246522,High,Critical,1.0,1.0,2018.0
251,Pandikkad,gram_panchayat,Malappuram,58.82425617715972,6.325322115672481,314.3,2018,15838.629865328481,0.9772598387953809,0.013457410409777023,30.0,30.0,5275.4,500.0,3731.0,1231.0,18.0,0.2854561174246522,High,Critical,1.0,1.0,2018.0
252,Anakayam,gram_panchayat,Malappuram,73.1992006371465,8.552266914753796,247.9,2018,15537.83550703953,0.957383222740634,0.01870215222213861,30.0,30.0,5275.4,500.0,3731.0,1231.0,18.0,0.2854561174246522,High,Critical,1.0,1.0,2018.0
253,Manjeri,municipality,Malappuram,60.59751626232812,7.184201441349273,234.8,2018,11519.712324708335,0.9155287121163594,0.07018566700069274,30.0,30.0,5275.4,500.0,3731.0,1231.0,18.0,0.2854561174246522,High,Critical,1.0,1.0,2018.0
254,Malappuram,municipality,Malappuram,68.52657359438753,8.031144458411294,247.9,2018,17077.336475376214,0.8677699787757962,0.0775339932750497,30.0,30.0,5275.4,500.0,3731.0,1231.0,18.0,0.2854561174246522,High,Critical,1.0,1.0,2018.0
255,Pookkottur,gram_panchayat,Malappuram,65.42327831076952,7.121412479237728,234.8,2018,11959.390194318983,0.945907934301557,0.03994923624372643,30.0,30.0,5275.4,500.0,3731.0,1231.0,18.0,0.2854561174246522,High,Critical,1.0,1.0,2018.0
256,Pulpatta,gram_panchayat,Malappuram,51.698301964741745,7.616069391465401,234.8,2018,7386.413353434624,0.9695174631534963,0.0200593821583155,30.0,30.0,5275.4,500.0,3731.0,1231.0,18.0,0.2854561174246522,High,Critical,1.0,1.0,2018.0
257,Kavanur,gram_panchayat,Malappuram,45.14656873957705,8.21869967036626,279.8,2018,2819.9394946570565,0.9548300864423781,0.023842274517391012,30.0,30.0,5275.4,500.0,3731.0,1231.0,18.0,0.2854561174246522,High,Critical,1.0,1.0,2018.0
258,Areacode,gram_panchayat,Malappuram,39.6506228275179,7.278831704091675,282.2,2018,1374.4676113877676,0.8872470578766332,0.06817858503714738,30.0,30.0,5275.4,500.0,3731.0,1231.0,18.0,0.2854561174246522,High,Critical,1.0,1.0,2018.0
259,Keezhuparamba,gram_panchayat,Malappuram,38.80439402327812,8.027317620615417,341.9,2018,1096.3093516508218,0.9189112496512576,0.021260343267583203,30.0,30.0,5275.4,500.0,3731.0,1231.0,18.0,0.2854561174246522,High,Critical,1.0,1.0,2018.0
260,Vazhakkad,gram_panchayat,Malappuram,35.9004563003062,8.681860088110497,250.4,2018,1124.79718725725,0.8854415276351865,0.017866396090372414,30.0,30.0,5275.4,500.0,3731.0,1231.0,18.0,0.2854561174246522,High,Critical,1.0,1.0,2018.0
261,Cheekkode,gram_panchayat,Malappuram,50.21055035453582,9.626853182684036,282.2,2018,2459.2694585624567,0.955612121492237,0.013735208601668904,30.0,30.0,5275.4,500.0,3731.0,1231.0,18.0,0.2854561174246522,High,Critical,1.0,1.0,2018.0
262,Kuzhimanna,gram_panchayat,Malappuram,53.219128411424556,7.435033925637812,270.6,2018,6497.42843544854,0.9593359354492496,0.03094745401612916,30.0,30.0,5275.4,500.0,3731.0,1231.0,18.0,0.2854561174246522,High,Critical,1.0,1.0,2018.0
263,Muthuvallur,gram_panchayat,Malappuram,75.73524050099823,9.371403351361327,282.2,2018,5769.887282494598,0.9675449435452896,0.012015533780491616,30.0,30.0,5275.4,500.0,3731.0,1231.0,18.0,0.2854561174246522,High,Critical,1.0,1.0,2018.0
264,Pulikkal,gram_panchayat,Malappuram,66.58085955427794,9.846765763379235,250.4,2018,5365.906554416829,0.9443362835404776,0.024499522340791387,30.0,30.0,5275.4,500.0,3731.0,1231.0,18.0,0.2854561174246522,High,Critical,1.0,1.0,2018.0
265,Vazhayoor,gram_panchayat,Malappuram,34.20026012822428,9.621031726846255,250.4,2018,1040.4543103498384,0.8739246426267028,0.017830466592056424,30.0,30.0,5275.4,500.0,3731.0,1231.0,18.0,0.2854561174246522,High,Critical,1.0,1.0,2018.0
266,Cherukavu,gram_panchayat,Malappuram,41.11695090842444,8.178705522565847,250.4,2018,3956.438672941939,0.9225230919408268,0.031435344877079364,30.0,30.0,5275.4,500.0,3731.0,1231.0,18.0,0.2854561174246522,High,Critical,1.0,1.0,2018.0
267,Chelembra,gram_panchayat,Malappuram,34.55887192722371,5.927700693867717,284.1,2018,2785.7489827258337,0.9380581933165272,0.04612077122481607,30.0,30.0,5275.4,500.0,3731.0,1231.0,18.0,0.2854561174246522,High,Critical,1.0,1.0,2018.0
268,Pallikkal,gram_panchayat,Malappuram,51.54356741555052,5.743947374812815,289.1,2018,6716.717829399324,0.9169082580144627,0.053706861986509716,30.0,30.0,5275.4,500.0,3731.0,1231.0,18.0,0.2854561174246522,High,Critical,1.0,1.0,2018.0
269,Kondotty,municipality,Malappuram,76.69077023900859,8.63986234689691,270.6,2018,11021.850887702947,0.9268793902696437,0.05983990727247227,30.0,30.0,5275.4,500.0,3731.0,1231.0,18.0,0.2854561174246522,High,Critical,1.0,1.0,2018.0
270,Morayur,gram_panchayat,Malappuram,78.83122726626904,9.116256640698408,270.6,2018,11477.6545385973,0.9627345407359398,0.023611410372542933,30.0,30.0,5275.4,500.0,3731.0,1231.0,18.0,0.2854561174246522,High,Critical,1.0,1.0,2018.0
271,Vallikkunnu,gram_panchayat,Malappuram,18.258221261129385,3.9704243116227365,284.1,2018,756.9484932906017,0.8645475272959391,0.017598827725893332,30.0,30.0,5275.4,500.0,3731.0,1231.0,18.0,0.2854561174246522,High,Critical,1.0,1.0,2018.0
272,Thenhippalam,gram_panchayat,Malappuram,38.93537049044885,4.477787455111688,284.1,2018,2087.0851354587153,0.9180873419439772,0.03969871456086231,30.0,30.0,5275.4,500.0,3731.0,1231.0,18.0,0.2854561174246522,High,Critical,1.0,1.0,2018.0
273,Peruvalloor,gram_panchayat,Malappuram,43.51259380593849,4.992072000045259,302.7,2018,6737.447259539124,0.9379726712936746,0.04827410588875102,30.0,30.0,5275.4,500.0,3731.0,1231.0,18.0,0.2854561174246522,High,Critical,1.0,1.0,2018.0
274,Moonniyur,gram_panchayat,Malappuram,23.110856629460933,4.195810771425184,269.9,2018,2737.9183359358544,0.8743746927445221,0.04427001064399199,30.0,30.0,5275.4,500.0,3731.0,1231.0,18.0,0.2854561174246522,High,Critical,1.0,1.0,2018.0
275,Parappanangadi,municipality,Malappuram,14.011176928898262,2.934951957060342,269.9,2018,1137.9372231474106,0.9370881261756661,0.03189540961364865,30.0,30.0,5275.4,500.0,3731.0,1231.0,18.0,0.2854561174246522,High,Critical,1.0,1.0,2018.0
276,Tirurangadi,municipality,Malappuram,20.17301327156514,4.176627167627088,302.7,2018,4101.321850504649,0.8643881702690756,0.0815384028882329,30.0,30.0,5275.4,500.0,3731.0,1231.0,18.0,0.2854561174246522,High,Critical,1.0,1.0,2018.0
277,Abdurahiman Nagar,gram_panchayat,Malappuram,34.96907016948207,4.346338972570124,302.7,2018,6261.187545495031,0.9086911070923439,0.0731685119886744,30.0,30.0,5275.4,500.0,3731.0,1231.0,18.0,0.2854561174246522,High,Critical,1.0,1.0,2018.0
278,Kannamangalam,gram_panchayat,Malappuram,99.69427943773661,8.688064650226273,302.7,2018,11955.50075788286,0.9210398427490326,0.04846802614878829,30.0,30.0,5275.4,500.0,3731.0,1231.0,18.0,0.2854561174246522,High,Critical,1.0,1.0,2018.0
279,Oorakam,gram_panchayat,Malappuram,107.82296259531341,10.452505276404285,282.5,2018,14818.172401745294,0.929667009607164,0.03635969909598176,30.0,30.0,5275.4,500.0,3731.0,1231.0,18.0,0.2854561174246522,High,Critical,1.0,1.0,2018.0
280,Othukkungal,gram_panchayat,Malappuram,44.60652484394387,5.915351240685769,305.3,2018,15577.710158475895,0.9334034596081624,0.04877996449445559,30.0,30.0,5275.4,500.0,3731.0,1231.0,18.0,0.2854561174246522,High,Critical,1.0,1.0,2018.0
281,Parappoor,gram_panchayat,Malappuram,34.18302178305462,5.218401823670971,287.2,2018,12166.802035769959,0.9187044000781707,0.044048031999109366,30.0,30.0,5275.4,500.0,3731.0,1231.0,18.0,0.2854561174246522,High,Critical,1.0,1.0,2018.0
282,Vengara,gram_panchayat,Malappuram,35.644310792093705,4.93909785706679,302.7,2018,8780.481342995965,0.909535550208811,0.0743312706700914,30.0,30.0,5275.4,500.0,3731.0,1231.0,18.0,0.2854561174246522,High,Critical,1.0,1.0,2018.0
283,Edarikkode,gram_panchayat,Malappuram,43.66693657982446,5.1897388734124394,287.2,2018,11352.036422103478,0.8993999031326873,0.08817379159717094,30.0,30.0,5275.4,500.0,3731.0,1231.0,18.0,0.2854561174246522,High,Critical,1.0,1.0,2018.0
284,Thennela,gram_panchayat,Malappuram,37.73891631904248,5.1314199083324885,287.2,2018,7769.116254685877,0.9598310306074855,0.028902168422335003,30.0,30.0,5275.4,500.0,3731.0,1231.0,18.0,0.2854561174246522,High,Critical,1.0,1.0,2018.0
285,Nannambra,gram_panchayat,Malappuram,16.069737875331878,4.136404215035411,245.9,2018,3733.730016729222,0.9542489415887856,0.012557057173539471,30.0,30.0,5275.4,500.0,3731.0,1231.0,18.0,0.2854561174246522,High,Critical,1.0,1.0,2018.0
286,Tanur,municipality,Malappuram,15.470904110943684,3.4126432397041726,245.9,2018,1221.730393249323,0.8861951904593893,0.03957216770084776,30.0,30.0,5275.4,500.0,3731.0,1231.0,18.0,0.2854561174246522,High,Critical,1.0,1.0,2018.0
287,Ozhoor,gram_panchayat,Malappuram,23.8815648708433,4.880986766969064,287.2,2018,5342.098608583842,0.9750301065440983,0.010492482016915551,30.0,30.0,5275.4,500.0,3731.0,1231.0,18.0,0.2854561174246522,High,Critical,1.0,1.0,2018.0
288,Perumanna Klari,gram_panchayat,Malappuram,47.094254551283406,5.487403551485904,287.2,2018,10054.876335152787,0.9598639922730394,0.037676049508809435,30.0,30.0,5275.4,500.0,3731.0,1231.0,18.0,0.2854561174246522,High,Critical,1.0,1.0,2018.0
289,Ponmundam,gram_panchayat,Malappuram,42.724871993496635,5.472937888752295,287.2,2018,8191.577059600301,0.9695678861116968,0.02811503539068391,30.0,30.0,5275.4,500.0,3731.0,1231.0,18.0,0.2854561174246522,High,Critical,1.0,1.0,2018.0
290,Thanalur,gram_panchayat,Malappuram,18.77116427378369,3.196945325477,232.4,2018,3228.2556399504706,0.953803602327668,0.03545222221802796,30.0,30.0,5275.4,500.0,3731.0,1231.0,18.0,0.2854561174246522,High,Critical,1.0,1.0,2018.0
291,Niramarutur,gram_panchayat,Malappuram,11.619129934308445,2.3467757679280874,232.4,2018,1410.1133767093772,0.9723717649410294,0.013481712170300907,30.0,30.0,5275.4,500.0,3731.0,1231.0,18.0,0.2854561174246522,High,Critical,1.0,1.0,2018.0
292,Tirur,municipality,Malappuram,14.779532558183233,3.722071232565939,232.4,2018,3950.483138814127,0.8887316633600528,0.08208683240467818,30.0,30.0,5275.4,500.0,3731.0,1231.0,18.0,0.2854561174246522,High,Critical,1.0,1.0,2018.0
293,Cheriyamundam,gram_panchayat,Malappuram,32.67029144498834,5.4384773755801525,265.1,2018,6963.411472905047,0.969154674802487,0.022039202406796913,30.0,30.0,5275.4,500.0,3731.0,1231.0,18.0,0.2854561174246522,High,Critical,1.0,1.0,2018.0
294,Valavannur,gram_panchayat,Malappuram,34.9567128958909,5.089506622015144,265.1,2018,6908.301660456505,0.9727187345641091,0.02206644556069028,30.0,30.0,5275.4,500.0,3731.0,1231.0,18.0,0.2854561174246522,High,Critical,1.0,1.0,2018.0
295,Kalpakancheri,gram_panchayat,Malappuram,60.64833239928981,6.003297847389317,265.1,2018,9182.101667791312,0.965956207191646,0.03076194232694295,30.0,30.0,5275.4,500.0,3731.0,1231.0,18.0,0.2854561174246522,High,Critical,1.0,1.0,2018.0
296,Kottakkal,municipality,Malappuram,55.064624771739126,5.799777648819103,305.3,2018,13534.407955075152,0.8994681347764554,0.0793258162885341,30.0,30.0,5275.4,500.0,3731.0,1231.0,18.0,0.2854561174246522,High,Critical,1.0,1.0,2018.0
297,Ponmala,gram_panchayat,Malappuram,62.54901307630869,7.046597264059414,305.3,2018,14786.990496665843,0.9384791709877,0.037647598860994794,30.0,30.0,5275.4,500.0,3731.0,1231.0,18.0,0.2854561174246522,High,Critical,1.0,1.0,2018.0
298,Marakkara,gram_panchayat,Malappuram,77.09081996961602,6.74780952509669,288.4,2018,10133.92344892253,0.9502316931852691,0.03328592100660619,30.0,30.0,5275.4,500.0,3731.0,1231.0,18.0,0.2854561174246522,High,Critical,1.0,1.0,2018.0
299,Edayur,gram_panchayat,Malappuram,59.53151054015212,7.170818398884105,279.1,2018,6379.192150962814,0.9415997946367075,0.01814924722057269,30.0,30.0,5275.4,500.0,3731.0,1231.0,18.0,0.2854561174246522,High,Critical,1.0,1.0,2018.0
300,Irumbiliyum,gram_panchayat,Malappuram,25.514007739079265,5.9943739788060215,263.0,2018,2326.360383978328,0.8972215812376056,0.01629063358823439,30.0,30.0,5275.4,500.0,3731.0,1231.0,18.0,0.2854561174246522,High,Critical,1.0,1.0,2018.0
301,Valanchery,municipality,Malappuram,55.42062407921998,6.926927903530821,263.0,2018,5617.438435705752,0.9217790700608041,0.05991204026744352,30.0,30.0,5275.4,500.0,3731.0,1231.0,18.0,0.2854561174246522,High,Critical,1.0,1.0,2018.0
302,Kuttippuram,gram_panchayat,Malappuram,31.32879649539017,6.435138287825271,263.0,2018,1576.0017423291881,0.8457164491911945,0.030403629880746116,30.0,30.0,5275.4,500.0,3731.0,1231.0,18.0,0.2854561174246522,High,Critical,1.0,1.0,2018.0
303,Athavanad,gram_panchayat,Malappuram,73.74014198506805,6.243804187259215,288.4,2018,5663.424244154802,0.9396616455305754,0.04490317016334003,30.0,30.0,5275.4,500.0,3731.0,1231.0,18.0,0.2854561174246522,High,Critical,1.0,1.0,2018.0
304,Thirunavaya,gram_panchayat,Malappuram,19.047676898416867,4.368921245454679,257.5,2018,2446.1667742295804,0.9086054198999943,0.03092735514786571,30.0,30.0,5275.4,500.0,3731.0,1231.0,18.0,0.2854561174246522,High,Critical,1.0,1.0,2018.0
305,Thrippengode,gram_panchayat,Malappuram,10.511896307071645,3.168252543250706,257.5,2018,1349.104352483085,0.8912013187351222,0.019289090548680245,30.0,30.0,5275.4,500.0,3731.0,1231.0,18.0,0.2854561174246522,High,Critical,1.0,1.0,2018.0
306,Thalakkad,gram_panchayat,Malappuram,12.73868023320892,3.3693938944114206,265.1,2018,3093.184426684891,0.9567814501617018,0.022110617062198974,30.0,30.0,5275.4,500.0,3731.0,1231.0,18.0,0.2854561174246522,High,Critical,1.0,1.0,2018.0
307,Vettom,gram_panchayat,Malappuram,11.498848131054883,2.9381037933900895,233.2,2018,1007.7384412520823,0.9401380249006429,0.01853417633312685,30.0,30.0,5275.4,500.0,3731.0,1231.0,18.0,0.2854561174246522,High,Critical,1.0,1.0,2018.0
308,Mangalam,gram_panchayat,Malappuram,8.901523919447827,3.060340683292849,233.2,2018,855.2014055111356,0.8735433966572707,0.01842184297204639,30.0,30.0,5275.4,500.0,3731.0,1231.0,18.0,0.2854561174246522,High,Critical,1.0,1.0,2018.0
309,Purathoor,gram_panchayat,Malappuram,6.898363805690823,2.8922158706936205,233.2,2018,629.5789744610672,0.7318568106191835,0.009885107821947094,30.0,30.0,5275.4,500.0,3731.0,1231.0,18.0,0.2854561174246522,High,Critical,1.0,1.0,2018.0
310,Tavanur,gram_panchayat,Malappuram,12.104065145360087,4.529475131254412,257.5,2018,1287.3245455020988,0.8026912378009261,0.022676856912331504,30.0,30.0,5275.4,500.0,3731.0,1231.0,18.0,0.2854561174246522,High,Critical,1.0,1.0,2018.0
311,Kaladi,gram_panchayat,Malappuram,7.848112440319034,4.174728375377034,250.0,2018,2766.5012114079614,0.8611656918102973,0.020794925604039085,30.0,30.0,5275.4,500.0,3731.0,1231.0,18.0,0.2854561174246522,High,Critical,1.0,1.0,2018.0
312,Vattamkulam,gram_panchayat,Malappuram,18.57229485709009,5.100785487359125,250.0,2018,4158.888003830717,0.9540836552738778,0.03509881909441939,30.0,30.0,5275.4,500.0,3731.0,1231.0,18.0,0.2854561174246522,High,Critical,1.0,1.0,2018.0
313,Edappal,gram_panchayat,Malappuram,4.853972930869135,3.7862550652490583,250.0,2018,1922.894950532584,0.804879341490142,0.023228771997843945,30.0,30.0,5275.4,500.0,3731.0,1231.0,18.0,0.2854561174246522,High,Critical,1.0,1.0,2018.0
314,Maranchery,gram_panchayat,Malappuram,6.929537396551289,3.657390764461433,250.0,2018,1202.6564671733834,0.8224972383492806,0.012326798889894694,30.0,30.0,5275.4,500.0,3731.0,1231.0,18.0,0.2854561174246522,High,Critical,1.0,1.0,2018.0
315,Ponnani,municipality,Malappuram,6.317193376350012,2.795528192846735,250.0,2018,503.56353144396326,0.7599016586627282,0.06798009819652392,30.0,30.0,5275.4,500.0,3731.0,1231.0,18.0,0.2854561174246522,High,Critical,1.0,1.0,2018.0
316,Veliyancode,gram_panchayat,Malappuram,7.952141550034684,2.9394108250872333,257.8,2018,1041.3667777642684,0.8826863515107728,0.020848879694368938,30.0,30.0,5275.4,500.0,3731.0,1231.0,18.0,0.2854561174246522,High,Critical,1.0,1.0,2018.0
317,Perumbadappu,gram_panchayat,Malappuram,5.884622654767063,3.303202376591347,257.8,2018,1404.581686194896,0.8128394734426592,0.019293592023540553,30.0,30.0,5275.4,500.0,3731.0,1231.0,18.0,0.2854561174246522,High,Critical,1.0,1.0,2018.0
318,Nannamukku,gram_panchayat,Malappuram,5.437258590005979,3.759925604123525,257.8,2018,2612.12828012912,0.7396020210979095,0.018964773246876787,30.0,30.0,5275.4,500.0,3731.0,1231.0,18.0,0.2854561174246522,High,Critical,1.0,1.0,2018.0
319,Alamkode,gram_panchayat,Malappuram,11.566462325221218,4.361959528872275,257.8,2018,5461.906981000697,0.9211920477842849,0.03740102747047355,30.0,30.0,5275.4,500.0,3731.0,1231.0,18.0,0.2854561174246522,High,Critical,1.0,1.0,2018.0
320,Kodur,gram_panchayat,Malappuram,58.21899544529588,6.974330148162863,305.3,2018,16835.389057295797,0.9388390030351037,0.034764091820125374,30.0,30.0,5275.4,500.0,3731.0,1231.0,18.0,0.2854561174246522,High,Critical,1.0,1.0,2018.0
321,Kuruva,gram_panchayat,Malappuram,70.94423989835907,7.644626604683529,273.9,2018,11808.250101767102,0.955309936158423,0.02241245272046763,30.0,30.0,5275.4,500.0,3731.0,1231.0,18.0,0.2854561174246522,High,Critical,1.0,1.0,2018.0
322,Koottilangadi,gram_panchayat,Malappuram,60.74520023335769,7.407081508190381,247.9,2018,17576.29517712429,0.938592869793044,0.02537813913978881,30.0,30.0,5275.4,500.0,3731.0,1231.0,18.0,0.2854561174246522,High,Critical,1.0,1.0,2018.0
323,Makkaraparamba,gram_panchayat,Malappuram,58.3919241096573,7.118972956274066,273.9,2018,15813.450764339439,0.9521790813160391,0.032986306465102276,30.0,30.0,5275.4,500.0,3731.0,1231.0,18.0,0.2854561174246522,High,Critical,1.0,1.0,2018.0
324,Mankada,gram_panchayat,Malappuram,122.38265774345157,11.050724231944306,237.2,2018,17042.641520909776,0.9598714545172129,0.017068137295094953,30.0,30.0,5275.4,500.0,3731.0,1231.0,18.0,0.2854561174246522,High,Critical,1.0,1.0,2018.0
325,Keezhattur,gram_panchayat,Malappuram,84.60712390823389,8.451655028484112,325.9,2018,16161.322614050418,0.975804603573225,0.013732773582788065,30.0,30.0,5275.4,500.0,3731.0,1231.0,18.0,0.2854561174246522,High,Critical,1.0,1.0,2018.0
326,Melattur,gram_panchayat,Malappuram,53.30920108241841,5.619225542890885,325.9,2018,15806.431763251274,0.9686510373119095,0.022216662302511778,30.0,30.0,5275.4,500.0,3731.0,1231.0,18.0,0.2854561174246522,High,Critical,1.0,1.0,2018.0
327,Edapatta,gram_panchayat,Malappuram,72.77579658384786,6.953832442030536,325.9,2018,17709.399080067513,0.9859803800673284,0.005130204096968388,30.0,30.0,5275.4,500.0,3731.0,1231.0,18.0,0.2854561174246522,High,Critical,1.0,1.0,2018.0
328,Vettattur,gram_panchayat,Malappuram,128.53553046445097,11.463018731052886,231.0,2018,10610.577495540236,0.9560528761263026,0.01184002965144389,30.0,30.0,5275.4,500.0,3731.0,1231.0,18.0,0.2854561174246522,High,Critical,1.0,1.0,2018.0
329,Tazhekkod,gram_panchayat,Malappuram,106.59712972607517,8.81852036918845,231.0,2018,7187.090568136005,0.9508956123060635,0.024779752652409347,30.0,30.0,5275.4,500.0,3731.0,1231.0,18.0,0.2854561174246522,High,Critical,1.0,1.0,2018.0
330,Aliparamba,gram_panchayat,Malappuram,65.49229669087416,7.03205039024694,204.1,2018,3340.1535027019186,0.9556399276433238,0.02406363728428851,30.0,30.0,5275.4,500.0,3731.0,1231.0,18.0,0.2854561174246522,High,Critical,1.0,1.0,2018.0
331,Elamkulam,gram_panchayat,Malappuram,51.87346826012307,6.988122729552222,260.1,2018,5504.336846715061,0.9384897970382783,0.024313413259150818,30.0,30.0,5275.4,500.0,3731.0,1231.0,18.0,0.2854561174246522,High,Critical,1.0,1.0,2018.0
332,Perinthalmanna,municipality,Malappuram,68.69383653368789,6.777028298994951,260.1,2018,7902.094980822751,0.8898043149240693,0.08564114545145429,30.0,30.0,5275.4,500.0,3731.0,1231.0,18.0,0.2854561174246522,High,Critical,1.0,1.0,2018.0
333,Angadippuram,gram_panchayat,Malappuram,62.28977247053341,6.865152055871085,239.4,2018,12415.44599356254,0.9291858858516663,0.05427018389475066,30.0,30.0,5275.4,500.0,3731.0,1231.0,18.0,0.2854561174246522,High,Critical,1.0,1.0,2018.0
334,Puzhakkatiri,gram_panchayat,Malappuram,62.64282402035231,7.1105302979660685,273.9,2018,11685.067114051231,0.9544151338925734,0.03034599817494223,30.0,30.0,5275.4,500.0,3731.0,1231.0,18.0,0.2854561174246522,High,Critical,1.0,1.0,2018.0
335,Pulamanthole,gram_panchayat,Malappuram,64.7467277793963,6.980549107650449,260.1,2018,8265.558876293942,0.9309734570804534,0.033423877962415284,30.0,30.0,5275.4,500.0,3731.0,1231.0,18.0,0.2854561174246522,High,Critical,1.0,1.0,2018.0
336,Moorkanade,gram_panchayat,Malappuram,54.19820314230189,6.899521828189847,279.1,2018,5804.266261339441,0.9558680820106329,0.017238129897969707,30.0,30.0,5275.4,500.0,3731.0,1231.0,18.0,0.2854561174246522,High,Critical,1.0,1.0,2018.0
337,Punnayoorkulam,gram_panchayat,Thrissur,6.38305706783967,3.184102121557807,290.5,2018,2594.023209939883,0.8751958636553245,0.02204629499160222,72.0,26.0,3569.25,2889.0,18241.0,598.0,41.0,0.5109015589882728,Critical,High,1.0,1.0,2018.0
338,Vadakkekkad,gram_panchayat,Thrissur,11.082316278880691,3.038338264323756,290.5,2018,3905.8841194133206,0.9510477560042868,0.023916641134627305,72.0,26.0,3569.25,2889.0,18241.0,598.0,41.0,0.5109015589882728,Critical,High,1.0,1.0,2018.0
339,Punnayoor,gram_panchayat,Thrissur,5.52774909108599,2.844980299651843,290.5,2018,1302.885593485038,0.8509073266346641,0.03938137126451658,72.0,26.0,3569.25,2889.0,18241.0,598.0,41.0,0.5109015589882728,Critical,High,1.0,1.0,2018.0
340,Guruvayoor,municipality,Thrissur,10.794159444791777,2.887812170578177,332.3,2018,2184.764494977688,0.8901171885554574,0.07001758837575521,72.0,26.0,3569.25,2889.0,18241.0,598.0,41.0,0.5109015589882728,Critical,High,1.0,1.0,2018.0
341,Chavakkad,municipality,Thrissur,6.026009708363028,2.6935821673218907,332.3,2018,775.4424269406088,0.8515177359615846,0.0640851083853848,72.0,26.0,3569.25,2889.0,18241.0,598.0,41.0,0.5109015589882728,Critical,High,1.0,1.0,2018.0
342,Kadappuram,gram_panchayat,Thrissur,5.334436903382429,2.523195492604156,332.3,2018,466.356356780381,0.8369530660355521,0.038517423406363716,72.0,26.0,3569.25,2889.0,18241.0,598.0,41.0,0.5109015589882728,Critical,High,1.0,1.0,2018.0
343,Orumanayoor,gram_panchayat,Thrissur,5.698246943550684,2.7070446557533123,332.3,2018,465.8710722759686,0.7869123474184246,0.044741167784056846,72.0,26.0,3569.25,2889.0,18241.0,598.0,41.0,0.5109015589882728,Critical,High,1.0,1.0,2018.0
344,Pavaratty,gram_panchayat,Thrissur,10.107683340053798,2.7001936630539185,332.3,2018,1201.601053120349,0.8113062071125665,0.045116863473947506,72.0,26.0,3569.25,2889.0,18241.0,598.0,41.0,0.5109015589882728,Critical,High,1.0,1.0,2018.0
345,Elavally,gram_panchayat,Thrissur,9.142837598535959,3.6967101454574034,322.5,2018,2634.081252001069,0.9544490716134819,0.013646251680517363,72.0,26.0,3569.25,2889.0,18241.0,598.0,41.0,0.5109015589882728,Critical,High,1.0,1.0,2018.0
346,Mullassery,gram_panchayat,Thrissur,7.39511572259616,3.5123361895535585,322.5,2018,1659.6145130007149,0.9436637959394611,0.018347283943161225,72.0,26.0,3569.25,2889.0,18241.0,598.0,41.0,0.5109015589882728,Critical,High,1.0,1.0,2018.0
347,Venkitangu,gram_panchayat,Thrissur,4.248327056983247,2.634149812112094,312.1,2018,972.0580585910701,0.8674065534966751,0.017065026237250147,72.0,26.0,3569.25,2889.0,18241.0,598.0,41.0,0.5109015589882728,Critical,High,1.0,1.0,2018.0
348,Engandiyoor,gram_panchayat,Thrissur,6.641975015127899,2.561896607495009,312.1,2018,509.9665987933043,0.8154804560406488,0.02295485115254442,72.0,26.0,3569.25,2889.0,18241.0,598.0,41.0,0.5109015589882728,Critical,High,1.0,1.0,2018.0
349,Vadanappilly,gram_panchayat,Thrissur,8.42320930463918,2.594910875582252,312.1,2018,795.6405324247519,0.9146918165922455,0.041491039723971716,72.0,26.0,3569.25,2889.0,18241.0,598.0,41.0,0.5109015589882728,Critical,High,1.0,1.0,2018.0
350,Thalikulam,gram_panchayat,Thrissur,9.697709573424502,2.4761176856156477,310.1,2018,734.8420769995714,0.9251590658877434,0.03810496233644168,72.0,26.0,3569.25,2889.0,18241.0,598.0,41.0,0.5109015589882728,Critical,High,1.0,1.0,2018.0
351,Nattika,gram_panchayat,Thrissur,10.485109017052679,2.7074177971788247,310.1,2018,714.5806127706876,0.8771485799827439,0.06773987469914536,72.0,26.0,3569.25,2889.0,18241.0,598.0,41.0,0.5109015589882728,Critical,High,1.0,1.0,2018.0
352,Valappad,gram_panchayat,Thrissur,9.607492915845722,2.438020161663653,292.5,2018,1156.3226252354236,0.9456649128760527,0.035734454001087226,72.0,26.0,3569.25,2889.0,18241.0,598.0,41.0,0.5109015589882728,Critical,High,1.0,1.0,2018.0
353,Kattakampal,gram_panchayat,Thrissur,7.725660177784263,4.099388753859996,290.5,2018,5453.798313794041,0.7252731822517452,0.041103605206314654,72.0,26.0,3569.25,2889.0,18241.0,598.0,41.0,0.5109015589882728,Critical,High,1.0,1.0,2018.0
354,Kadavalloor,gram_panchayat,Thrissur,23.398037224092683,4.452792978408595,263.4,2018,9326.11846142096,0.9445021244770065,0.03855210237498754,72.0,26.0,3569.25,2889.0,18241.0,598.0,41.0,0.5109015589882728,Critical,High,1.0,1.0,2018.0
355,Kadangode,gram_panchayat,Thrissur,36.4259463183236,5.4591808733955345,286.59999999999997,2018,8647.664742839039,0.9459163462129369,0.027308616819473754,72.0,26.0,3569.25,2889.0,18241.0,598.0,41.0,0.5109015589882728,Critical,High,1.0,1.0,2018.0
356,Porkulam,gram_panchayat,Thrissur,14.32640763342413,4.090912309929916,286.59999999999997,2018,8418.615048778314,0.8509660736799288,0.03488897642667948,72.0,26.0,3569.25,2889.0,18241.0,598.0,41.0,0.5109015589882728,Critical,High,1.0,1.0,2018.0
357,Chowannur,gram_panchayat,Thrissur,14.460128333716023,4.2832365194171365,286.59999999999997,2018,5896.729301051568,0.9404796983278277,0.04454786170741173,72.0,26.0,3569.25,2889.0,18241.0,598.0,41.0,0.5109015589882728,Critical,High,1.0,1.0,2018.0
358,Kunnamkulam,municipality,Thrissur,13.880132115603834,3.9251885152729207,286.59999999999997,2018,6060.937271876135,0.9038784375812967,0.0714749270400657,72.0,26.0,3569.25,2889.0,18241.0,598.0,41.0,0.5109015589882728,Critical,High,1.0,1.0,2018.0
359,Kandanassery,gram_panchayat,Thrissur,16.36806836416469,4.226147296093167,322.5,2018,3094.1313588950375,0.9433136049270195,0.035604307597972486,72.0,26.0,3569.25,2889.0,18241.0,598.0,41.0,0.5109015589882728,Critical,High,1.0,1.0,2018.0
360,Choondal,gram_panchayat,Thrissur,16.255261199759023,3.949610340593107,286.59999999999997,2018,3086.936428530847,0.9253808176239167,0.05900605817459885,72.0,26.0,3569.25,2889.0,18241.0,598.0,41.0,0.5109015589882728,Critical,High,1.0,1.0,2018.0
361,Velur,gram_panchayat,Thrissur,27.59977668772858,4.718239194407419,290.09999999999997,2018,6977.294667181231,0.9578928435947691,0.02772491553337173,72.0,26.0,3569.25,2889.0,18241.0,598.0,41.0,0.5109015589882728,Critical,High,1.0,1.0,2018.0
362,Varavoor,gram_panchayat,Thrissur,62.96658652752608,8.366392735585523,352.4,2018,5539.973210735924,0.9598256469924997,0.011025236611628625,72.0,26.0,3569.25,2889.0,18241.0,598.0,41.0,0.5109015589882728,Critical,High,1.0,1.0,2018.0
363,Desamangalam,gram_panchayat,Thrissur,47.72638012787552,7.1364736755874665,345.7,2018,2988.6081101032455,0.8821068092752297,0.013953833048346668,72.0,26.0,3569.25,2889.0,18241.0,598.0,41.0,0.5109015589882728,Critical,High,1.0,1.0,2018.0
364,Vallathole Nagar,gram_panchayat,Thrissur,51.19990405741347,6.519904755034501,352.4,2018,1922.908842060388,0.8939598500587708,0.042394309556802,72.0,26.0,3569.25,2889.0,18241.0,598.0,41.0,0.5109015589882728,Critical,High,1.0,1.0,2018.0
365,Panjal,gram_panchayat,Thrissur,52.06466825454999,6.605680085945241,338.4,2018,5296.692469022775,0.9194373250202506,0.014305403515621448,72.0,26.0,3569.25,2889.0,18241.0,598.0,41.0,0.5109015589882728,Critical,High,1.0,1.0,2018.0
366,Chelakkara,gram_panchayat,Thrissur,78.13847548022079,8.003890071650375,342.0,2018,5540.874323428606,0.9491623822095984,0.015594326737057983,72.0,26.0,3569.25,2889.0,18241.0,598.0,41.0,0.5109015589882728,Critical,High,1.0,1.0,2018.0
367,Kondazhy,gram_panchayat,Thrissur,61.749751033826776,5.877133563249959,265.7,2018,3928.5723696321134,0.8947128422025528,0.008069177367509093,72.0,26.0,3569.25,2889.0,18241.0,598.0,41.0,0.5109015589882728,Critical,High,1.0,1.0,2018.0
368,Thiruvilwamala,gram_panchayat,Thrissur,62.87255574957601,5.409224672502712,265.7,2018,1992.5270033702877,0.8794719421281268,0.02466450630232539,72.0,26.0,3569.25,2889.0,18241.0,598.0,41.0,0.5109015589882728,Critical,High,1.0,1.0,2018.0
369,Pazhayannur,gram_panchayat,Thrissur,115.24277630168959,9.357773564969074,291.4,2018,3722.3267939133084,0.9577516909746497,0.006802104591725595,72.0,26.0,3569.25,2889.0,18241.0,598.0,41.0,0.5109015589882728,Critical,High,1.0,1.0,2018.0
370,Thekkumkara,gram_panchayat,Thrissur,73.06231724481871,7.661977823277114,328.1,2018,2655.2924737817307,0.9378429740314413,0.010602879866349101,72.0,26.0,3569.25,2889.0,18241.0,598.0,41.0,0.5109015589882728,Critical,High,1.0,1.0,2018.0
371,Mullurkkara,gram_panchayat,Thrissur,133.42055844037466,12.366899182099207,328.1,2018,4489.165680024212,0.969089235907561,0.012385657745152072,72.0,26.0,3569.25,2889.0,18241.0,598.0,41.0,0.5109015589882728,Critical,High,1.0,1.0,2018.0
372,Erumapetty,gram_panchayat,Thrissur,45.854561957318296,7.285512086732207,290.09999999999997,2018,8251.679375137894,0.9628779619271655,0.020719094081350767,72.0,26.0,3569.25,2889.0,18241.0,598.0,41.0,0.5109015589882728,Critical,High,1.0,1.0,2018.0
373,Wadakanchery,municipality,Thrissur,47.985755762063064,6.793169732697345,328.1,2018,6153.6656075818455,0.9443683303396841,0.038286504768672694,72.0,26.0,3569.25,2889.0,18241.0,598.0,41.0,0.5109015589882728,Critical,High,1.0,1.0,2018.0
374,Tholur,gram_panchayat,Thrissur,7.797324956624171,3.2796778135853124,322.5,2018,2977.5658348881516,0.9335508130341308,0.03169189179028594,72.0,26.0,3569.25,2889.0,18241.0,598.0,41.0,0.5109015589882728,Critical,High,1.0,1.0,2018.0
375,Kaiparambu,gram_panchayat,Thrissur,13.457890940866804,3.715617480364954,312.6,2018,3745.182371628209,0.8927783320392252,0.07342000397870511,72.0,26.0,3569.25,2889.0,18241.0,598.0,41.0,0.5109015589882728,Critical,High,1.0,1.0,2018.0
376,Avanur,gram_panchayat,Thrissur,16.670269253196,3.55974976119113,312.6,2018,5943.662933678652,0.89441196434079,0.07289152702760295,72.0,26.0,3569.25,2889.0,18241.0,598.0,41.0,0.5109015589882728,Critical,High,1.0,1.0,2018.0
377,Mulamkunnathukavu,gram_panchayat,Thrissur,68.21874491733846,7.681816372790201,356.90000000000003,2018,2355.5074067431356,0.9159345692321361,0.04287568632038008,72.0,26.0,3569.25,2889.0,18241.0,598.0,41.0,0.5109015589882728,Critical,High,1.0,1.0,2018.0
378,Madakkathara,gram_panchayat,Thrissur,49.37437998459747,6.699805463796263,356.90000000000003,2018,5046.610329013315,0.8938039222598664,0.05709583788878716,72.0,26.0,3569.25,2889.0,18241.0,598.0,41.0,0.5109015589882728,Critical,High,1.0,1.0,2018.0
379,Pananchery,gram_panchayat,Thrissur,142.33957444606776,11.381146621428744,380.8,2018,3041.7894673888695,0.9240664725401178,0.01321025988352555,72.0,26.0,3569.25,2889.0,18241.0,598.0,41.0,0.5109015589882728,Critical,High,1.0,1.0,2018.0
380,Puthur,gram_panchayat,Thrissur,226.98902465728207,12.132386779538875,430.09999999999997,2018,3588.056366876202,0.9535023626362832,0.020460712350932952,72.0,26.0,3569.25,2889.0,18241.0,598.0,41.0,0.5109015589882728,Critical,High,1.0,1.0,2018.0
381,Kolazhy,gram_panchayat,Thrissur,13.962035568967423,3.413224958617886,312.6,2018,5155.608617570443,0.8216443694780122,0.13771847604217038,72.0,26.0,3569.25,2889.0,18241.0,598.0,41.0,0.5109015589882728,Critical,High,1.0,1.0,2018.0
382,Adat,gram_panchayat,Thrissur,7.577328349169343,3.4167980207902953,312.6,2018,3899.7460419541117,0.8625184479448409,0.08953091104934335,72.0,26.0,3569.25,2889.0,18241.0,598.0,41.0,0.5109015589882728,Critical,High,1.0,1.0,2018.0
383,Nadathara,gram_panchayat,Thrissur,45.75908357449044,6.90205515289149,402.0,2018,4803.116829653989,0.9105739913760806,0.0625852579540738,72.0,26.0,3569.25,2889.0,18241.0,598.0,41.0,0.5109015589882728,Critical,High,1.0,1.0,2018.0
384,Manalur,gram_panchayat,Thrissur,5.812652562978668,3.282240171503267,312.1,2018,1154.6225689448638,0.8648998135008984,0.03470777912629812,72.0,26.0,3569.25,2889.0,18241.0,598.0,41.0,0.5109015589882728,Critical,High,1.0,1.0,2018.0
385,Arimbur,gram_panchayat,Thrissur,2.5654234262822384,3.0386587757805272,312.1,2018,2565.549659017976,0.8877023411472657,0.05897304669584187,72.0,26.0,3569.25,2889.0,18241.0,598.0,41.0,0.5109015589882728,Critical,High,1.0,1.0,2018.0
386,Anthikkad,gram_panchayat,Thrissur,7.608318310744583,3.1520242615103506,310.1,2018,2336.5137586447986,0.9373712923813047,0.026428958253454742,72.0,26.0,3569.25,2889.0,18241.0,598.0,41.0,0.5109015589882728,Critical,High,1.0,1.0,2018.0
387,Thanniam,gram_panchayat,Thrissur,10.59393680169024,3.372175578877133,310.1,2018,1115.1270130044286,0.9440757689635035,0.022892566334587347,72.0,26.0,3569.25,2889.0,18241.0,598.0,41.0,0.5109015589882728,Critical,High,1.0,1.0,2018.0
388,Chazhur,gram_panchayat,Thrissur,4.222499803752769,3.0500758850841954,310.1,2018,3464.245047584047,0.9372814563751265,0.01936918043075947,72.0,26.0,3569.25,2889.0,18241.0,598.0,41.0,0.5109015589882728,Critical,High,1.0,1.0,2018.0
389,Paralam,gram_panchayat,Thrissur,8.475140231423945,3.744948554921705,381.5,2018,5187.011149726237,0.9243421575111613,0.04935555628770432,72.0,26.0,3569.25,2889.0,18241.0,598.0,41.0,0.5109015589882728,Critical,High,1.0,1.0,2018.0
390,Avinissery,gram_panchayat,Thrissur,18.149606749472703,3.8147752490924507,381.5,2018,3151.424684333733,0.7981675441748545,0.1438872831617373,72.0,26.0,3569.25,2889.0,18241.0,598.0,41.0,0.5109015589882728,Critical,High,1.0,1.0,2018.0
391,Cherpu,gram_panchayat,Thrissur,8.370871419985749,3.5627581535213606,381.5,2018,3349.697297667447,0.8554106021128581,0.08859573059562598,72.0,26.0,3569.25,2889.0,18241.0,598.0,41.0,0.5109015589882728,Critical,High,1.0,1.0,2018.0
392,Vallachira,gram_panchayat,Thrissur,15.458244672999879,4.031164905659363,381.5,2018,1370.4106871802999,0.8691202332950995,0.055843325655554346,72.0,26.0,3569.25,2889.0,18241.0,598.0,41.0,0.5109015589882728,Critical,High,1.0,1.0,2018.0
393,Varantharappilly,gram_panchayat,Thrissur,194.85355938401295,13.478220074931166,444.3,2018,4852.239859722274,0.9449885279722663,0.00846655310680535,72.0,26.0,3569.25,2889.0,18241.0,598.0,41.0,0.5109015589882728,Critical,High,1.0,1.0,2018.0
394,Mattathur,gram_panchayat,Thrissur,224.56075109617547,14.353045609930147,463.0,2018,4705.000046792822,0.9334612781563453,0.006051578220661241,72.0,26.0,3569.25,2889.0,18241.0,598.0,41.0,0.5109015589882728,Critical,High,1.0,1.0,2018.0
395,Athirappilly,gram_panchayat,Thrissur,580.4523805023632,15.476429355690128,666.5,2018,2452.99322484628,0.9304337754154738,0.0005666118405556342,72.0,26.0,3569.25,2889.0,18241.0,598.0,41.0,0.5109015589882728,Critical,High,1.0,1.0,2018.0
396,Kodassery,gram_panchayat,Thrissur,276.01086773899937,13.752570766121144,472.3,2018,6095.38385478755,0.9757077061126296,0.006427113533626114,72.0,26.0,3569.25,2889.0,18241.0,598.0,41.0,0.5109015589882728,Critical,High,1.0,1.0,2018.0
397,Pariyaram,gram_panchayat,Thrissur,54.35007778947982,8.053527236320738,391.3,2018,3631.9146729694908,0.9486559304983759,0.025432351557449863,72.0,26.0,3569.25,2889.0,18241.0,598.0,41.0,0.5109015589882728,Critical,High,1.0,1.0,2018.0
398,Meloor,gram_panchayat,Thrissur,20.95481539044063,4.239053661809126,391.3,2018,1799.0176174534818,0.8939238524783911,0.038950422750956656,72.0,26.0,3569.25,2889.0,18241.0,598.0,41.0,0.5109015589882728,Critical,High,1.0,1.0,2018.0
399,Koratty,gram_panchayat,Thrissur,25.673322319113637,4.034484949066686,391.3,2018,3313.499228513224,0.8952680739067791,0.0813881432462033,72.0,26.0,3569.25,2889.0,18241.0,598.0,41.0,0.5109015589882728,Critical,High,1.0,1.0,2018.0
400,Kodakara,gram_panchayat,Thrissur,18.81211569885952,3.8248097843825435,445.7,2018,5263.281824270541,0.8972655924562777,0.0811135864272721,72.0,26.0,3569.25,2889.0,18241.0,598.0,41.0,0.5109015589882728,Critical,High,1.0,1.0,2018.0
401,Aloor,gram_panchayat,Thrissur,21.2440456333177,3.5671247724865265,422.8,2018,4517.636388145753,0.911391969384089,0.05335603171279974,72.0,26.0,3569.25,2889.0,18241.0,598.0,41.0,0.5109015589882728,Critical,High,1.0,1.0,2018.0
402,Chalakudy,municipality,Thrissur,17.40478293087409,3.4804134036038534,422.8,2018,2094.485124760599,0.7513042071090771,0.17782515844711386,72.0,26.0,3569.25,2889.0,18241.0,598.0,41.0,0.5109015589882728,Critical,High,1.0,1.0,2018.0
403,Kadukutty,gram_panchayat,Thrissur,10.525357438267983,3.6558634669396364,422.8,2018,954.2240648400592,0.8587979514704942,0.0477670639449519,72.0,26.0,3569.25,2889.0,18241.0,598.0,41.0,0.5109015589882728,Critical,High,1.0,1.0,2018.0
404,Annamanada,gram_panchayat,Thrissur,11.206889289263469,3.3873331625091527,377.1,2018,1772.062446575283,0.9002755759901668,0.028065662789896258,72.0,26.0,3569.25,2889.0,18241.0,598.0,41.0,0.5109015589882728,Critical,High,1.0,1.0,2018.0
405,Kuzhur,gram_panchayat,Thrissur,9.248663068795244,3.490494128362442,377.1,2018,2002.6575303423738,0.8390047243013111,0.017302602091940674,72.0,26.0,3569.25,2889.0,18241.0,598.0,41.0,0.5109015589882728,Critical,High,1.0,1.0,2018.0
406,Mala,gram_panchayat,Thrissur,13.9719581426235,3.7132813519382264,372.5,2018,1872.9629447290029,0.8557189094047133,0.05135860219125616,72.0,26.0,3569.25,2889.0,18241.0,598.0,41.0,0.5109015589882728,Critical,High,1.0,1.0,2018.0
407,Poyya,gram_panchayat,Thrissur,9.709761454962416,3.630683185239207,372.5,2018,1171.1464997350654,0.7537669936479536,0.020214768896748517,72.0,26.0,3569.25,2889.0,18241.0,598.0,41.0,0.5109015589882728,Critical,High,1.0,1.0,2018.0
408,Kodungallur,municipality,Thrissur,9.151479332385506,2.887645192183973,300.1,2018,553.0282476909936,0.7005737927022532,0.07489584625365245,72.0,26.0,3569.25,2889.0,18241.0,598.0,41.0,0.5109015589882728,Critical,High,1.0,1.0,2018.0
409,Eriyad,gram_panchayat,Thrissur,10.327800661882282,2.417186828556427,300.1,2018,1222.4537832876463,0.8762091671631245,0.0553327085954577,72.0,26.0,3569.25,2889.0,18241.0,598.0,41.0,0.5109015589882728,Critical,High,1.0,1.0,2018.0
410,Edavilangu,gram_panchayat,Thrissur,11.209351962907501,2.577663491394312,300.1,2018,1530.3424090072203,0.9580190637784061,0.030245933273891468,72.0,26.0,3569.25,2889.0,18241.0,598.0,41.0,0.5109015589882728,Critical,High,1.0,1.0,2018.0
411,Sree Narayanapuram,gram_panchayat,Thrissur,10.429424661395094,2.6665490143413084,300.1,2018,1095.4578736436576,0.9089954558879298,0.0246430321357007,72.0,26.0,3569.25,2889.0,18241.0,598.0,41.0,0.5109015589882728,Critical,High,1.0,1.0,2018.0
412,Mathilakam,gram_panchayat,Thrissur,10.219401131468587,2.5892782424859297,291.9,2018,1223.4039074205696,0.9321012132149895,0.047495170952272,72.0,26.0,3569.25,2889.0,18241.0,598.0,41.0,0.5109015589882728,Critical,High,1.0,1.0,2018.0
413,Perinjanam,gram_panchayat,Thrissur,10.28844049448142,2.5421060036084953,291.9,2018,1482.6755957591895,0.9537775150216,0.035793304897265,72.0,26.0,3569.25,2889.0,18241.0,598.0,41.0,0.5109015589882728,Critical,High,1.0,1.0,2018.0
414,Kaipamangalam,gram_panchayat,Thrissur,9.817209023729461,2.46819460690732,292.5,2018,1824.5343871426082,0.9260891261838436,0.055108158339296706,72.0,26.0,3569.25,2889.0,18241.0,598.0,41.0,0.5109015589882728,Critical,High,1.0,1.0,2018.0
415,Edathiruthy,gram_panchayat,Thrissur,7.9284321570278635,2.940860654766179,292.5,2018,2487.406499525161,0.9381265263186526,0.033479669784993824,72.0,26.0,3569.25,2889.0,18241.0,598.0,41.0,0.5109015589882728,Critical,High,1.0,1.0,2018.0
416,Kattoor,gram_panchayat,Thrissur,9.634887029379168,3.378621882490368,292.5,2018,2681.859816120164,0.936333110751421,0.04080556580957426,72.0,26.0,3569.25,2889.0,18241.0,598.0,41.0,0.5109015589882728,Critical,High,1.0,1.0,2018.0
417,Padiyoor,gram_panchayat,Kannur,4.020220968263357,3.0974807901512893,291.9,2018,1954.7287071063301,0.909671587631982,0.01245635656306965,6.0,17.0,926.53,121.0,3216.0,100.0,20.0,0.0738165066155542,Low,High,0.0,1.0,2018.0
418,Vellangalur,gram_panchayat,Thrissur,10.662296770700763,3.76091986327615,393.4,2018,1914.4377012704956,0.8517846997738039,0.03496242161777933,72.0,26.0,3569.25,2889.0,18241.0,598.0,41.0,0.5109015589882728,Critical,High,1.0,1.0,2018.0
419,Puthenchira,gram_panchayat,Thrissur,10.080961946788545,3.5712789204296165,393.4,2018,1630.4889339043743,0.7446421670082399,0.021012583895959905,72.0,26.0,3569.25,2889.0,18241.0,598.0,41.0,0.5109015589882728,Critical,High,1.0,1.0,2018.0
420,Velookkara,gram_panchayat,Thrissur,13.401012045311374,3.429086374810061,393.4,2018,4443.419526303272,0.9135302820613516,0.038065692761338116,72.0,26.0,3569.25,2889.0,18241.0,598.0,41.0,0.5109015589882728,Critical,High,1.0,1.0,2018.0
421,Muriyad,gram_panchayat,Thrissur,10.470267250506616,3.6992260829557018,393.9,2018,1898.0024006446909,0.8454751629387526,0.03997067209923429,72.0,26.0,3569.25,2889.0,18241.0,598.0,41.0,0.5109015589882728,Critical,High,1.0,1.0,2018.0
422,Irinjalakuda,municipality,Thrissur,10.158160964320095,3.5690797355413806,393.9,2018,1674.796358014806,0.7763363803382358,0.12766837777969495,72.0,26.0,3569.25,2889.0,18241.0,598.0,41.0,0.5109015589882728,Critical,High,1.0,1.0,2018.0
423,Parappookkara,gram_panchayat,Thrissur,8.735409758400108,3.4967765913046716,393.9,2018,1476.1502372232467,0.8130750494506894,0.061125612770718776,72.0,26.0,3569.25,2889.0,18241.0,598.0,41.0,0.5109015589882728,Critical,High,1.0,1.0,2018.0
424,Pudukkad,gram_panchayat,Thrissur,17.97442303964001,4.393048253453696,447.8,2018,2441.6194383086827,0.8886747192546389,0.06394014082999579,72.0,26.0,3569.25,2889.0,18241.0,598.0,41.0,0.5109015589882728,Critical,High,1.0,1.0,2018.0
425,Nenmanikkara,gram_panchayat,Thrissur,11.585159374135676,3.724063846854182,447.8,2018,1240.7266126963705,0.7379641701599325,0.12015784280541904,72.0,26.0,3569.25,2889.0,18241.0,598.0,41.0,0.5109015589882728,Critical,High,1.0,1.0,2018.0
426,Alagappanagar,gram_panchayat,Thrissur,28.32351271387721,4.9838095231516535,447.8,2018,3627.603386818335,0.9162655917963932,0.05555385660266244,72.0,26.0,3569.25,2889.0,18241.0,598.0,41.0,0.5109015589882728,Critical,High,1.0,1.0,2018.0
427,Thrikkur,gram_panchayat,Thrissur,49.7756060291096,7.280713450665426,447.8,2018,4028.137192590412,0.9399380517671277,0.033476077844194645,72.0,26.0,3569.25,2889.0,18241.0,598.0,41.0,0.5109015589882728,Critical,High,1.0,1.0,2018.0
428,Karalam,gram_panchayat,Thrissur,7.524630195351472,3.648330026389307,292.5,2018,3394.566017051528,0.9081713872522261,0.025061202818944077,72.0,26.0,3569.25,2889.0,18241.0,598.0,41.0,0.5109015589882728,Critical,High,1.0,1.0,2018.0
429,Poomangalam,gram_panchayat,Thrissur,6.3519822057729005,3.659991719917315,291.9,2018,1661.4460579347483,0.8506959525245114,0.0355980199355095,72.0,26.0,3569.25,2889.0,18241.0,598.0,41.0,0.5109015589882728,Critical,High,1.0,1.0,2018.0
430,Puthur Gramapanchayat,gram_panchayat,Palakkad,1198.1732546791652,22.331304820382545,1041.5,2018,9834.604339513127,0.8559306573572348,0.00080442258726195,20.0,20.0,6250.43,1118.0,3604.0,164.0,78.0,0.2958939845063412,High,High,1.0,1.0,2018.0
431,Agali Gramapanchayath,gram_panchayat,Palakkad,695.5792265831126,16.220571418387152,290.1,2018,9145.01861407587,0.8448804144488271,0.004813239885430826,20.0,20.0,6250.43,1118.0,3604.0,164.0,78.0,0.2958939845063412,High,High,1.0,1.0,2018.0
432,Sholayar gram panchayat,gram_panchayat,Palakkad,867.3133169340967,15.950813824287458,180.4,2018,8442.850508940115,0.8143670578834714,0.002771656060317972,20.0,20.0,6250.43,1118.0,3604.0,164.0,78.0,0.2958939845063412,High,High,1.0,1.0,2018.0
433,Karimba Gramapanchayath,gram_panchayat,Palakkad,391.11769791263475,16.20089494425221,509.7,2018,6070.196569732766,0.9357268326914584,0.009830314596870216,20.0,20.0,6250.43,1118.0,3604.0,164.0,78.0,0.2958939845063412,High,High,1.0,1.0,2018.0
434,Thachampara Gramapanchayath,gram_panchayat,Palakkad,336.5795718584389,17.52824423220566,509.7,2018,2839.355623008744,0.9198576895975766,0.0075823086860857146,20.0,20.0,6250.43,1118.0,3604.0,164.0,78.0,0.2958939845063412,High,High,1.0,1.0,2018.0
435,Kanhirapuzha Grama Panchayat,gram_panchayat,Palakkad,236.1319002270962,13.715575922460351,365.0,2018,2857.413346167191,0.9238433411558297,0.009537721356110043,20.0,20.0,6250.43,1118.0,3604.0,164.0,78.0,0.2958939845063412,High,High,1.0,1.0,2018.0
436,Thenkara Gramapanchayath,gram_panchayat,Palakkad,421.93275953528445,15.955253991859053,365.0,2018,8556.738146647162,0.906519659605816,0.005793025488356518,20.0,20.0,6250.43,1118.0,3604.0,164.0,78.0,0.2958939845063412,High,High,1.0,1.0,2018.0
437,Kumaramputhur gram panchayat,gram_panchayat,Palakkad,171.63425417148375,9.780208927537211,346.0,2018,8971.991708076073,0.9407239667782447,0.01793703348808042,20.0,20.0,6250.43,1118.0,3604.0,164.0,78.0,0.2958939845063412,High,High,1.0,1.0,2018.0
438,Mannarkad,municipality,Palakkad,79.75067061717137,5.640372043229657,346.0,2018,8142.611843098871,0.842747141867684,0.12625561593919815,20.0,20.0,6250.43,1118.0,3604.0,164.0,78.0,0.2958939845063412,High,High,1.0,1.0,2018.0
439,Kottappadam Gramapanchayath,gram_panchayat,Palakkad,235.17083481574147,13.42241537129604,531.4,2018,11698.461908324669,0.9259933162308579,0.008205174862454036,20.0,20.0,6250.43,1118.0,3604.0,164.0,78.0,0.2958939845063412,High,High,1.0,1.0,2018.0
440,Alanallur Gramapanchayath,gram_panchayat,Palakkad,130.3243769770245,8.912053113728591,294.3,2018,14024.056347527328,0.9567771291597643,0.01396822410478229,20.0,20.0,6250.43,1118.0,3604.0,164.0,78.0,0.2958939845063412,High,High,1.0,1.0,2018.0
441,Thachanattukara Gramapanchayath,gram_panchayat,Palakkad,75.0981939744324,6.359036356091734,229.9,2018,5781.523148411507,0.9621366825720746,0.010204171090382875,20.0,20.0,6250.43,1118.0,3604.0,164.0,78.0,0.2958939845063412,High,High,1.0,1.0,2018.0
442,Karakurussi Gramapanchayath,gram_panchayat,Palakkad,80.69186273546302,6.666361845762267,347.8,2018,7205.194230473982,0.971420952708319,0.007874952297015774,20.0,20.0,6250.43,1118.0,3604.0,164.0,78.0,0.2958939845063412,High,High,1.0,1.0,2018.0
443,Puduppariyaram Gramapanchayath,gram_panchayat,Palakkad,447.67101098021794,17.931596987372647,512.1,2018,6174.780367535309,0.8738559559790118,0.019271107137010253,20.0,20.0,6250.43,1118.0,3604.0,164.0,78.0,0.2958939845063412,High,High,1.0,1.0,2018.0
444,Malampuzha Gramapanchayath,gram_panchayat,Palakkad,456.75106159947217,15.70558861776378,296.7,2018,2209.428312488683,0.7352627795694124,0.005327917719036512,20.0,20.0,6250.43,1118.0,3604.0,164.0,78.0,0.2958939845063412,High,High,1.0,1.0,2018.0
445,Pudusserri Gramapanchayath,gram_panchayat,Palakkad,306.45410396222167,11.069099575148819,167.0,2018,4835.027991139407,0.7990941248799108,0.05538161974025958,20.0,20.0,6250.43,1118.0,3604.0,164.0,78.0,0.2958939845063412,High,High,1.0,1.0,2018.0
446,Elappully Gramapanchayath,gram_panchayat,Palakkad,121.06556731471754,3.179608051717629,195.1,2018,8566.382197787278,0.8850359018914413,0.040888246523271006,20.0,20.0,6250.43,1118.0,3604.0,164.0,78.0,0.2958939845063412,High,High,1.0,1.0,2018.0
447,Polppulli Grampanchayat,gram_panchayat,Palakkad,108.7148937471358,3.4126884584345643,264.4,2018,10770.670250547979,0.9672341003531723,0.019469251725454398,20.0,20.0,6250.43,1118.0,3604.0,164.0,78.0,0.2958939845063412,High,High,1.0,1.0,2018.0
448,Peruvemba Gramapanchayath,gram_panchayat,Palakkad,103.28745531888951,3.4741968408578883,264.4,2018,13134.631036039824,0.9473812897776298,0.03142451058412929,20.0,20.0,6250.43,1118.0,3604.0,164.0,78.0,0.2958939845063412,High,High,1.0,1.0,2018.0
449,Kodumbu Gramapanchayath,gram_panchayat,Palakkad,96.14966064912383,3.3075015516165784,264.4,2018,8813.830403288042,0.8750738562091624,0.07472780608650297,20.0,20.0,6250.43,1118.0,3604.0,164.0,78.0,0.2958939845063412,High,High,1.0,1.0,2018.0
450,Kannadi Gramapanchayath,gram_panchayat,Palakkad,86.75765534473781,3.025317052388322,294.8,2018,10840.87246989343,0.8923594386305669,0.053897818410388564,20.0,20.0,6250.43,1118.0,3604.0,164.0,78.0,0.2958939845063412,High,High,1.0,1.0,2018.0
451,Palakkad,municipality,Palakkad,86.89922984179354,3.0570938408344466,362.6,2018,6450.234507520576,0.47190002298609324,0.46219200812243894,20.0,20.0,6250.43,1118.0,3604.0,164.0,78.0,0.2958939845063412,High,High,1.0,1.0,2018.0
452,Marutharode Gramapanchayath,gram_panchayat,Palakkad,95.87011056192794,3.356446225100966,257.4,2018,4358.0674701996,0.8082529161148027,0.15525703763294546,20.0,20.0,6250.43,1118.0,3604.0,164.0,78.0,0.2958939845063412,High,High,1.0,1.0,2018.0
453,Pirayiri Gramapanchayath,gram_panchayat,Palakkad,80.06117628852644,3.7373372806889744,362.6,2018,8625.118116307121,0.7843595765629447,0.13714942093455043,20.0,20.0,6250.43,1118.0,3604.0,164.0,78.0,0.2958939845063412,High,High,1.0,1.0,2018.0
454,Akathethara Gramapanchayath,gram_panchayat,Palakkad,132.69230122542774,8.008778454942282,362.6,2018,3296.9264338005632,0.7375665351816523,0.07785850922840355,20.0,20.0,6250.43,1118.0,3604.0,164.0,78.0,0.2958939845063412,High,High,1.0,1.0,2018.0
455,Mundur Gramapanchayath,gram_panchayat,Palakkad,103.29372682537361,5.4647713912541,570.8,2018,8777.607905584173,0.9316963872049747,0.02365941938922079,20.0,20.0,6250.43,1118.0,3604.0,164.0,78.0,0.2958939845063412,High,High,1.0,1.0,2018.0
456,Nelliyampathy Gramapanchayath,gram_panchayat,Palakkad,751.1378094633524,15.278067307625493,359.5,2018,4397.417326757921,0.8833587260301138,0.0002862997824545422,20.0,20.0,6250.43,1118.0,3604.0,164.0,78.0,0.2958939845063412,High,High,1.0,1.0,2018.0
457,Muthalamada Gramapanchayath,gram_panchayat,Palakkad,307.3460040886488,8.280538563163882,284.1,2018,3374.02975164096,0.8596689365662531,0.012624218487023239,20.0,20.0,6250.43,1118.0,3604.0,164.0,78.0,0.2958939845063412,High,High,1.0,1.0,2018.0
458,Kollengode Gramapanchayat,gram_panchayat,Palakkad,213.04839706072138,9.330290973670476,284.1,2018,6504.394697765775,0.9013762762365364,0.02971309411026864,20.0,20.0,6250.43,1118.0,3604.0,164.0,78.0,0.2958939845063412,High,High,1.0,1.0,2018.0
459,Elavanchery Gramapanchayath,gram_panchayat,Palakkad,148.54838895783553,9.115285868131599,332.4,2018,4918.270281310517,0.8797206796481625,0.015573019445458781,20.0,20.0,6250.43,1118.0,3604.0,164.0,78.0,0.2958939845063412,High,High,1.0,1.0,2018.0
460,Nemmara Grampanchayat,gram_panchayat,Palakkad,90.58594962134475,4.979401970371157,482.4,2018,3900.767370717552,0.867705158544455,0.036986810231678297,20.0,20.0,6250.43,1118.0,3604.0,164.0,78.0,0.2958939845063412,High,High,1.0,1.0,2018.0
461,Ayiloor Gramapanchayath,gram_panchayat,Palakkad,98.97496634325911,6.693108873773761,482.4,2018,4556.4464238794535,0.9614009939369189,0.00797611284371351,20.0,20.0,6250.43,1118.0,3604.0,164.0,78.0,0.2958939845063412,High,High,1.0,1.0,2018.0
462,Pallassena Grampanchayat,gram_panchayat,Palakkad,89.18494200159024,3.803277083915012,332.4,2018,9031.260285440509,0.9327841374985657,0.024372361627575858,20.0,20.0,6250.43,1118.0,3604.0,164.0,78.0,0.2958939845063412,High,High,1.0,1.0,2018.0
463,Vadavannur gramapanchayat,gram_panchayat,Palakkad,103.8686652060579,3.0262527890762922,284.1,2018,8931.161343210177,0.944571300814061,0.03798112791316377,20.0,20.0,6250.43,1118.0,3604.0,164.0,78.0,0.2958939845063412,High,High,1.0,1.0,2018.0
464,Pattanchery Gramapanchayath,gram_panchayat,Palakkad,136.37643617295606,3.775400401273747,284.1,2018,6148.585078519356,0.961411460986176,0.019666264776498698,20.0,20.0,6250.43,1118.0,3604.0,164.0,78.0,0.2958939845063412,High,High,1.0,1.0,2018.0
465,Perumatty Gramapanchayath,gram_panchayat,Palakkad,163.9985419991215,3.5626809799657297,207.9,2018,4217.387288491625,0.9455118162387426,0.011160945229685923,20.0,20.0,6250.43,1118.0,3604.0,164.0,78.0,0.2958939845063412,High,High,1.0,1.0,2018.0
466,Pudunagaram Gramapanchayath,gram_panchayat,Palakkad,100.83822215197796,3.8365736309208733,332.4,2018,12947.117143383955,0.8911053546422194,0.07876770388086754,20.0,20.0,6250.43,1118.0,3604.0,164.0,78.0,0.2958939845063412,High,High,1.0,1.0,2018.0
467,Koduvayur Gramapanchayath,gram_panchayat,Palakkad,92.2505115477224,3.846297805581322,332.4,2018,13138.945878556142,0.8930028337993172,0.06352858873089073,20.0,20.0,6250.43,1118.0,3604.0,164.0,78.0,0.2958939845063412,High,High,1.0,1.0,2018.0
468,ChitturThathamangalam,municipality,Palakkad,117.36912627402573,3.6139263076603094,264.4,2018,10994.428579079186,0.8647564998556002,0.11455929277474826,20.0,20.0,6250.43,1118.0,3604.0,164.0,78.0,0.2958939845063412,High,High,1.0,1.0,2018.0
469,Nalleppilly Gramapanchayath,gram_panchayat,Palakkad,137.87918843882676,3.566886215419071,241.9,2018,7477.562594000455,0.952732913117166,0.020207026224972606,20.0,20.0,6250.43,1118.0,3604.0,164.0,78.0,0.2958939845063412,High,High,1.0,1.0,2018.0
470,Kozhinjampara Gramapanchayath,gram_panchayat,Palakkad,162.51219475801608,3.491365438889634,241.9,2018,6119.817942472085,0.923456111002848,0.03866572389480505,20.0,20.0,6250.43,1118.0,3604.0,164.0,78.0,0.2958939845063412,High,High,1.0,1.0,2018.0
471,Eruthampathy Gramapanchayath,gram_panchayat,Palakkad,182.10738995804437,3.2510744988052456,198.7,2018,7887.682193807754,0.9222339960644552,0.029175837747311417,20.0,20.0,6250.43,1118.0,3604.0,164.0,78.0,0.2958939845063412,High,High,1.0,1.0,2018.0
472,Vadakarapathy Grampanchayat,gram_panchayat,Palakkad,184.5294158985387,3.1476842255314494,171.0,2018,6117.188506386835,0.8175846603330867,0.03942872771806164,20.0,20.0,6250.43,1118.0,3604.0,164.0,78.0,0.2958939845063412,High,High,1.0,1.0,2018.0
473,Kizhakkanchery Gramapanchayath,gram_panchayat,Palakkad,243.99059493300882,13.495854571577043,452.7,2018,4224.997783750682,0.9194348335323035,0.005064571975622314,20.0,20.0,6250.43,1118.0,3604.0,164.0,78.0,0.2958939845063412,High,High,1.0,1.0,2018.0
474,Vandazhy Gramapanchayath,gram_panchayat,Palakkad,222.04024126187446,12.155400518994506,452.7,2018,4641.592210676067,0.9039876488348454,0.012150254237039786,20.0,20.0,6250.43,1118.0,3604.0,164.0,78.0,0.2958939845063412,High,High,1.0,1.0,2018.0
475,Melarcode Grampanchayat,gram_panchayat,Palakkad,76.28620077895462,4.209011381161613,308.7,2018,8661.27017366395,0.9663231663708809,0.016429868758060066,20.0,20.0,6250.43,1118.0,3604.0,164.0,78.0,0.2958939845063412,High,High,1.0,1.0,2018.0
476,Vadakkenchery Gramapanchayath,gram_panchayat,Palakkad,79.20635413968425,5.535410162890871,452.7,2018,6971.399324311329,0.9111406669915904,0.04665159846342445,20.0,20.0,6250.43,1118.0,3604.0,164.0,78.0,0.2958939845063412,High,High,1.0,1.0,2018.0
477,Kannambra Gramapanchayath,gram_panchayat,Palakkad,83.18760977129129,5.950354431067575,378.6,2018,5070.450535901799,0.9486620711275892,0.01959750237858562,20.0,20.0,6250.43,1118.0,3604.0,164.0,78.0,0.2958939845063412,High,High,1.0,1.0,2018.0
478,Puthukode Gramapanchayath,gram_panchayat,Palakkad,59.72502632061258,4.772788758423014,291.4,2018,4014.9675776675217,0.943744492723177,0.024709146042425092,20.0,20.0,6250.43,1118.0,3604.0,164.0,78.0,0.2958939845063412,High,High,1.0,1.0,2018.0
479,Kavassery Gramapanchayath,gram_panchayat,Palakkad,62.22461141945996,4.36099896453421,266.5,2018,6168.666527586942,0.9234780150149031,0.015768933810448735,20.0,20.0,6250.43,1118.0,3604.0,164.0,78.0,0.2958939845063412,High,High,1.0,1.0,2018.0
480,Alathur Gramapanchayath,gram_panchayat,Palakkad,83.96592633886443,6.482843330918047,308.7,2018,10653.164807542036,0.8918220915870876,0.06603707169075282,20.0,20.0,6250.43,1118.0,3604.0,164.0,78.0,0.2958939845063412,High,High,1.0,1.0,2018.0
481,Erimayur Gramapanchayat,gram_panchayat,Palakkad,72.6071594071192,3.995984548461417,308.7,2018,11300.838511097443,0.9297454157683248,0.02935052958268274,20.0,20.0,6250.43,1118.0,3604.0,164.0,78.0,0.2958939845063412,High,High,1.0,1.0,2018.0
482,Thenkurissi Grampanchayat,gram_panchayat,Palakkad,85.42363226886384,3.9864330789772446,332.4,2018,13343.631227250122,0.9478601126111595,0.018672567885373314,20.0,20.0,6250.43,1118.0,3604.0,164.0,78.0,0.2958939845063412,High,High,1.0,1.0,2018.0
483,Kuzhalmannam Gramapanchayath,gram_panchayat,Palakkad,80.5412959097216,3.9663134468723578,241.0,2018,11616.030733300264,0.9406121719248508,0.03128265234193452,20.0,20.0,6250.43,1118.0,3604.0,164.0,78.0,0.2958939845063412,High,High,1.0,1.0,2018.0
484,Kuthanur Grampanchayat,gram_panchayat,Palakkad,80.6560875298241,4.868844252027042,241.0,2018,6693.913122151715,0.8826839002150121,0.009364893434265473,20.0,20.0,6250.43,1118.0,3604.0,164.0,78.0,0.2958939845063412,High,High,1.0,1.0,2018.0
485,Tarur Grampanchayat,gram_panchayat,Palakkad,66.3501784705616,4.850950951764676,266.5,2018,4275.769925865127,0.8553701856738638,0.010689485076465471,20.0,20.0,6250.43,1118.0,3604.0,164.0,78.0,0.2958939845063412,High,High,1.0,1.0,2018.0
486,Peringottukurissi Gramapanchayath,gram_panchayat,Palakkad,64.25991269768532,4.6990179392757225,214.1,2018,2598.2405132521167,0.9301966563776923,0.00921722412686357,20.0,20.0,6250.43,1118.0,3604.0,164.0,78.0,0.2958939845063412,High,High,1.0,1.0,2018.0
487,Kottayi Gramapanchayath,gram_panchayat,Palakkad,68.54838949319084,3.8965658944083037,358.8,2018,3102.029743759521,0.9592757218567111,0.015971617035865478,20.0,20.0,6250.43,1118.0,3604.0,164.0,78.0,0.2958939845063412,High,High,1.0,1.0,2018.0
488,Mathoor Grampanchayat,gram_panchayat,Palakkad,75.4517475760593,3.8402932292343923,358.8,2018,7617.340630409835,0.9525990618185834,0.01646513420954367,20.0,20.0,6250.43,1118.0,3604.0,164.0,78.0,0.2958939845063412,High,High,1.0,1.0,2018.0
489,Lakkidi Peroor Gram Panchayat,gram_panchayat,Palakkad,61.03830031608524,4.690213759874841,264.9,2018,2889.0704637660165,0.9292341381391501,0.026333618665466876,20.0,20.0,6250.43,1118.0,3604.0,164.0,78.0,0.2958939845063412,High,High,1.0,1.0,2018.0
490,Ottappalam,municipality,Palakkad,57.624494045458114,5.811990805439722,251.6,2018,6920.53450788693,0.8629401037518253,0.0671295457513279,20.0,20.0,6250.43,1118.0,3604.0,164.0,78.0,0.2958939845063412,High,High,1.0,1.0,2018.0
491,Vaniyamkulam Gramapanchayath,gram_panchayat,Palakkad,60.36534775994055,6.212939302580989,319.90000000000003,2018,6371.43639076438,0.9089870958287822,0.020999281924697424,20.0,20.0,6250.43,1118.0,3604.0,164.0,78.0,0.2958939845063412,High,High,1.0,1.0,2018.0
492,Shoranur,municipality,Palakkad,46.58423862188649,5.650402938813031,319.90000000000003,2018,3373.9734830980515,0.8884198892184496,0.0456550658635857,20.0,20.0,6250.43,1118.0,3604.0,164.0,78.0,0.2958939845063412,High,High,1.0,1.0,2018.0
493,Chalavara Gramapanchayath,gram_panchayat,Palakkad,77.1952990444693,8.129671014642755,249.5,2018,7868.300345578716,0.9737814507860535,0.007915161692013395,20.0,20.0,6250.43,1118.0,3604.0,164.0,78.0,0.2958939845063412,High,High,1.0,1.0,2018.0
494,Ananganadi Gramapanchayath,gram_panchayat,Palakkad,78.5631671704141,7.880561137469008,319.90000000000003,2018,9866.418411781984,0.9125601865699476,0.02000626612354558,20.0,20.0,6250.43,1118.0,3604.0,164.0,78.0,0.2958939845063412,High,High,1.0,1.0,2018.0
495,Ambalapara Gramapanchayath,gram_panchayat,Palakkad,83.29383878377548,7.543600760944213,251.6,2018,8182.710280974083,0.9368609902809538,0.009653849391192229,20.0,20.0,6250.43,1118.0,3604.0,164.0,78.0,0.2958939845063412,High,High,1.0,1.0,2018.0
496,Kadampazhipuram Gramapanchayath,gram_panchayat,Palakkad,82.9965023279139,6.3305313121545845,344.6,2018,8978.878128956603,0.9711754677412435,0.008085925970579746,20.0,20.0,6250.43,1118.0,3604.0,164.0,78.0,0.2958939845063412,High,High,1.0,1.0,2018.0
497,Karimpuzha Gramapanchayath,gram_panchayat,Palakkad,75.10561829683695,7.021536788446529,347.8,2018,4128.371819362165,0.958428993376043,0.006319074369155401,20.0,20.0,6250.43,1118.0,3604.0,164.0,78.0,0.2958939845063412,High,High,1.0,1.0,2018.0
498,Vellinezhi Gramapanchayath,gram_panchayat,Palakkad,68.53886295453539,6.514853390170778,219.6,2018,4847.071090210853,0.9634830379834656,0.005699921262124826,20.0,20.0,6250.43,1118.0,3604.0,164.0,78.0,0.2958939845063412,High,High,1.0,1.0,2018.0
499,Sreekrishnapuram Grampanchayat,gram_panchayat,Palakkad,78.30349055187233,5.904415972545355,347.8,2018,4163.6977737276575,0.9601258721878774,0.010988666717676022,20.0,20.0,6250.43,1118.0,3604.0,164.0,78.0,0.2958939845063412,High,High,1.0,1.0,2018.0
500,Pookottukavu Gramapanchayath,gram_panchayat,Palakkad,85.62604696461766,7.097282474368731,219.6,2018,7044.457290182159,0.9605576885711661,0.00466776635874839,20.0,20.0,6250.43,1118.0,3604.0,164.0,78.0,0.2958939845063412,High,High,1.0,1.0,2018.0
501,Thrikkadeeri Grampanchayat,gram_panchayat,Palakkad,93.63399185525589,8.374236392088745,219.6,2018,8623.383662908305,0.9474254068840465,0.014119778334578835,20.0,20.0,6250.43,1118.0,3604.0,164.0,78.0,0.2958939845063412,High,High,1.0,1.0,2018.0
502,Cherpulassery,municipality,Palakkad,61.16020204723221,6.977106736757856,249.5,2018,3702.599403430837,0.9328047968113812,0.03800438803009159,20.0,20.0,6250.43,1118.0,3604.0,164.0,78.0,0.2958939845063412,High,High,1.0,1.0,2018.0
503,Nellaya Gramapanchayath,gram_panchayat,Palakkad,56.44136398451034,7.004651746401914,249.5,2018,4845.900714223067,0.9523751028166578,0.021524437532400215,20.0,20.0,6250.43,1118.0,3604.0,164.0,78.0,0.2958939845063412,High,High,1.0,1.0,2018.0
504,Parli Gramapanchayath,gram_panchayat,Palakkad,84.88981288055027,5.473267509469105,358.8,2018,5183.87474577072,0.9348483468413363,0.022310455646716493,20.0,20.0,6250.43,1118.0,3604.0,164.0,78.0,0.2958939845063412,High,High,1.0,1.0,2018.0
505,Mankara Gramapanchayath,gram_panchayat,Palakkad,74.22406298562994,4.9332809160574005,264.9,2018,2335.9137403532386,0.9424793354911737,0.013108848304082862,20.0,20.0,6250.43,1118.0,3604.0,164.0,78.0,0.2958939845063412,High,High,1.0,1.0,2018.0
506,Keralasseri Gramapanchayath,gram_panchayat,Palakkad,90.60969193836927,6.198755767292669,344.6,2018,6747.687587536113,0.9837585428455508,0.0030870402401954535,20.0,20.0,6250.43,1118.0,3604.0,164.0,78.0,0.2958939845063412,High,High,1.0,1.0,2018.0
507,Mannoor Grampanchayat,gram_panchayat,Palakkad,74.52571959806961,5.153097023376657,264.9,2018,4565.599726331859,0.97396980414734,0.01366823242247679,20.0,20.0,6250.43,1118.0,3604.0,164.0,78.0,0.2958939845063412,High,High,1.0,1.0,2018.0
508,Kongad Gramapanchayath,gram_panchayat,Palakkad,93.59613272008032,6.244588808333462,344.6,2018,9232.035131050452,0.9690809648607968,0.01251688662590763,20.0,20.0,6250.43,1118.0,3604.0,164.0,78.0,0.2958939845063412,High,High,1.0,1.0,2018.0
509,Ongallur Gramapanchayath,gram_panchayat,Palakkad,47.78364731505006,6.384162730333815,345.7,2018,4403.519284168187,0.92191255156857,0.03548878854276215,20.0,20.0,6250.43,1118.0,3604.0,164.0,78.0,0.2958939845063412,High,High,1.0,1.0,2018.0
510,Vallapuzha Gramapanchayat,gram_panchayat,Palakkad,57.446092817533355,6.210569934753536,293.3,2018,7562.988659912093,0.9526053789099473,0.028871849144996155,20.0,20.0,6250.43,1118.0,3604.0,164.0,78.0,0.2958939845063412,High,High,1.0,1.0,2018.0
511,Kulukkallur Gramapanchayath,gram_panchayat,Palakkad,39.59186150040874,5.8808406196398515,293.3,2018,7435.3138074892695,0.9402008770496327,0.019174673969078296,20.0,20.0,6250.43,1118.0,3604.0,164.0,78.0,0.2958939845063412,High,High,1.0,1.0,2018.0
512,Vilayur Gramapanchayath,gram_panchayat,Palakkad,33.189027880454134,5.820093057664301,286.9,2018,5285.871044942938,0.9444891754970546,0.026093490192993788,20.0,20.0,6250.43,1118.0,3604.0,164.0,78.0,0.2958939845063412,High,High,1.0,1.0,2018.0
513,Koppam Gramapanchayath,gram_panchayat,Palakkad,53.37684772809179,6.840295545269462,293.3,2018,5912.977412310013,0.9480598442744418,0.031444429621822874,20.0,20.0,6250.43,1118.0,3604.0,164.0,78.0,0.2958939845063412,High,High,1.0,1.0,2018.0
514,Pattambi,municipality,Palakkad,38.51811725725654,5.194213942717682,291.4,2018,2162.6060126343873,0.8463579209776791,0.07494912814008747,20.0,20.0,6250.43,1118.0,3604.0,164.0,78.0,0.2958939845063412,High,High,1.0,1.0,2018.0
515,Thiruvegappura Gramapanchayath,gram_panchayat,Palakkad,30.36169221809757,5.345083328636767,286.9,2018,2200.7961166700716,0.9586859169959024,0.02633922811937895,20.0,20.0,6250.43,1118.0,3604.0,164.0,78.0,0.2958939845063412,High,High,1.0,1.0,2018.0
516,Muthuthala Gramapanchayath,gram_panchayat,Palakkad,38.06120953052772,5.723010432373352,291.4,2018,2193.198872538287,0.9218049617042896,0.02001768256015134,20.0,20.0,6250.43,1118.0,3604.0,164.0,78.0,0.2958939845063412,High,High,1.0,1.0,2018.0
517,Parathur Gramapanchayath,gram_panchayat,Palakkad,22.815520754422995,4.932613185735218,286.9,2018,2066.7121743840476,0.8915809439341769,0.01476566383787384,20.0,20.0,6250.43,1118.0,3604.0,164.0,78.0,0.2958939845063412,High,High,1.0,1.0,2018.0
518,Thrithala Grampanchayat,gram_panchayat,Palakkad,30.17083808175371,5.82210071314327,291.4,2018,1256.4701308063272,0.850976287075905,0.03578989183385227,20.0,20.0,6250.43,1118.0,3604.0,164.0,78.0,0.2958939845063412,High,High,1.0,1.0,2018.0
519,Thirumittacode Gramapanchayath,gram_panchayat,Palakkad,40.722826386664806,5.51911659895702,290.6,2018,5005.963191844286,0.9433307322511447,0.023035513915988095,20.0,20.0,6250.43,1118.0,3604.0,164.0,78.0,0.2958939845063412,High,High,1.0,1.0,2018.0
520,Nagalassery Grampanchayat,gram_panchayat,Palakkad,35.27131819292139,5.674966290011254,290.6,2018,5873.20338105156,0.9572662383405507,0.018806606605771024,20.0,20.0,6250.43,1118.0,3604.0,164.0,78.0,0.2958939845063412,High,High,1.0,1.0,2018.0
521,Chalissery Gramapanchayath,gram_panchayat,Palakkad,22.955939160174974,4.807324944987457,263.4,2018,7159.345852400918,0.9422593089886969,0.0330707358706564,20.0,20.0,6250.43,1118.0,3604.0,164.0,78.0,0.2958939845063412,High,High,1.0,1.0,2018.0
522,Kappoor Gramapanchayath,gram_panchayat,Palakkad,29.26774455407845,5.115230295094867,257.2,2018,6106.816721202583,0.9443033911142958,0.028377601099804268,20.0,20.0,6250.43,1118.0,3604.0,164.0,78.0,0.2958939845063412,High,High,1.0,1.0,2018.0
523,Pattithara Gramapanchayath,gram_panchayat,Palakkad,28.134570822439468,5.580500127686272,257.2,2018,3496.9023356853468,0.9416082887720639,0.014618486425208745,20.0,20.0,6250.43,1118.0,3604.0,164.0,78.0,0.2958939845063412,High,High,1.0,1.0,2018.0
524,Anakkara Gramapanchayath,gram_panchayat,Palakkad,27.085706365641403,6.297078460202118,263.0,2018,1665.2858562707813,0.8975401460131353,0.009873470403959993,20.0,20.0,6250.43,1118.0,3604.0,164.0,78.0,0.2958939845063412,High,High,1.0,1.0,2018.0
525,Edamalakkudi,gram_panchayat,Ernakulam,1107.860298107617,18.261750234267,968.5,2018,8654.927264658054,0.9440451948877745,0.00017437339126161354,58.0,0.0,1296.66,615.0,1684.0,2105.0,13.0,0.3161434694016022,High,Low,1.0,0.0,2018.0
526,Kuttampuzha Gramapanchayath,gram_panchayat,Ernakulam,329.7691607066306,17.21597004289171,729.4,2018,3941.443105503374,0.8959590088372567,0.00038996370252501674,58.0,0.0,1296.66,615.0,1684.0,2105.0,13.0,0.3161434694016022,High,Low,1.0,0.0,2018.0
527,Ayyampuzha Gramapanchayath,gram_panchayat,Ernakulam,196.65443133027028,12.646371930969606,604.9,2018,3337.255136126387,0.974335867996274,0.0010329747096090311,58.0,0.0,1296.66,615.0,1684.0,2105.0,13.0,0.3161434694016022,High,Low,1.0,0.0,2018.0
528,Kavalangad Gramapanchayath,gram_panchayat,Ernakulam,99.51648171610624,10.711327406399176,649.0,2018,3296.4933414889024,0.9570910590555037,0.00868223600006542,58.0,0.0,1296.66,615.0,1684.0,2105.0,13.0,0.3161434694016022,High,Low,1.0,0.0,2018.0
529,Keerampaara Gramapanchayath,gram_panchayat,Ernakulam,68.48466199603817,8.256907121964318,564.7,2018,1905.6216826053758,0.9119873506857746,0.00579437439740425,58.0,0.0,1296.66,615.0,1684.0,2105.0,13.0,0.3161434694016022,High,Low,1.0,0.0,2018.0
530,Pindimana Gramapanchayath,gram_panchayat,Ernakulam,55.642970042054195,5.473911578352279,564.7,2018,3534.0204523633374,0.9571174405265005,0.011716821151936665,58.0,0.0,1296.66,615.0,1684.0,2105.0,13.0,0.3161434694016022,High,Low,1.0,0.0,2018.0
531,Kottappady Grama Panchayath,gram_panchayat,Ernakulam,58.11681001683306,5.9016927973712034,460.7,2018,5047.713880582721,0.9712796923211965,0.010285940493646967,58.0,0.0,1296.66,615.0,1684.0,2105.0,13.0,0.3161434694016022,High,Low,1.0,0.0,2018.0
532,Vengoor Gramapanchayath,gram_panchayat,Ernakulam,44.09033412562227,5.754391053551562,515.0,2018,2498.6836623960266,0.9312098362460611,0.00512739006929427,58.0,0.0,1296.66,615.0,1684.0,2105.0,13.0,0.3161434694016022,High,Low,1.0,0.0,2018.0
533,Koovappady Gramapanchayath,gram_panchayat,Ernakulam,21.899986680625954,4.005656351078693,404.2,2018,1884.2625770415088,0.8577845599425964,0.04551198936862494,58.0,0.0,1296.66,615.0,1684.0,2105.0,13.0,0.3161434694016022,High,Low,1.0,0.0,2018.0
534,Mudakkuzha Gramapanchayath,gram_panchayat,Ernakulam,28.662288943667466,4.988213614926976,404.2,2018,4189.927418097942,0.9196808689351841,0.0213704010256407,58.0,0.0,1296.66,615.0,1684.0,2105.0,13.0,0.3161434694016022,High,Low,1.0,0.0,2018.0
535,Malayattoor-Neeleswaram Gramapanchayath,gram_panchayat,Ernakulam,56.03227240621607,7.711911491820449,431.4,2018,1221.3874189678127,0.9170634292271373,0.030833527151349974,58.0,0.0,1296.66,615.0,1684.0,2105.0,13.0,0.3161434694016022,High,Low,1.0,0.0,2018.0
536,Kalady Gramapanchayath,gram_panchayat,Ernakulam,15.658301156299181,3.371059323242273,371.1,2018,2083.01275338825,0.7872370407719315,0.129526304679665,58.0,0.0,1296.66,615.0,1684.0,2105.0,13.0,0.3161434694016022,High,Low,1.0,0.0,2018.0
537,Manjapra Gramapanchayath,gram_panchayat,Ernakulam,20.361134300436053,3.7063290379634637,373.7,2018,4273.784156397686,0.8935525817126948,0.06647642254906168,58.0,0.0,1296.66,615.0,1684.0,2105.0,13.0,0.3161434694016022,High,Low,1.0,0.0,2018.0
538,Thuravoor Gramapanchayat,gram_panchayat,Ernakulam,20.131951910020064,3.9730581276426062,373.7,2018,5607.7681984826595,0.8866686614288735,0.05923664004911811,58.0,0.0,1296.66,615.0,1684.0,2105.0,13.0,0.3161434694016022,High,Low,1.0,0.0,2018.0
539,Mookkannoor Gramapanchayath,gram_panchayat,Ernakulam,35.470343284500046,5.2607508175168745,373.7,2018,7340.956453965837,0.9305200866321469,0.03248176229566112,58.0,0.0,1296.66,615.0,1684.0,2105.0,13.0,0.3161434694016022,High,Low,1.0,0.0,2018.0
540,Karukutty Gramapanchayath,gram_panchayat,Ernakulam,29.07605745503255,4.652972639000714,373.7,2018,5915.00343845876,0.9227633210234588,0.05212326458839037,58.0,0.0,1296.66,615.0,1684.0,2105.0,13.0,0.3161434694016022,High,Low,1.0,0.0,2018.0
541,Parakkadavu Gramapanchayath,gram_panchayat,Ernakulam,16.075218655823097,3.788945518923093,377.1,2018,1793.232218040858,0.8765372646995077,0.03093766041326247,58.0,0.0,1296.66,615.0,1684.0,2105.0,13.0,0.3161434694016022,High,Low,1.0,0.0,2018.0
542,Angamaly,municipality,Ernakulam,14.507777287843641,3.697565825146869,371.1,2018,4066.3934377507458,0.7049276050654315,0.18113142261886248,58.0,0.0,1296.66,615.0,1684.0,2105.0,13.0,0.3161434694016022,High,Low,1.0,0.0,2018.0
543,Nedumbassery Gramapanchayath,gram_panchayat,Ernakulam,10.945647379663601,3.525043701393254,360.5,2018,2363.9889529471866,0.6822532216175412,0.13006527537091836,58.0,0.0,1296.66,615.0,1684.0,2105.0,13.0,0.3161434694016022,High,Low,1.0,0.0,2018.0
544,Sreemoolanagaram Gramapanchayath,gram_panchayat,Ernakulam,12.02190434783002,3.3619344769277073,371.1,2018,937.3728744933568,0.7154196887403322,0.09228698517069737,58.0,0.0,1296.66,615.0,1684.0,2105.0,13.0,0.3161434694016022,High,Low,1.0,0.0,2018.0
545,Chengamanadu Gramapanchayath,gram_panchayat,Ernakulam,9.770215706853143,3.5808012753433647,360.5,2018,1010.3669651089192,0.7104387438306017,0.09563038658209455,58.0,0.0,1296.66,615.0,1684.0,2105.0,13.0,0.3161434694016022,High,Low,1.0,0.0,2018.0
546,Okkal Gramapanchayath,gram_panchayat,Ernakulam,14.73840182327385,3.470770492650764,371.1,2018,710.3179550194415,0.7216987700971316,0.11347161531488101,58.0,0.0,1296.66,615.0,1684.0,2105.0,13.0,0.3161434694016022,High,Low,1.0,0.0,2018.0
547,Perumbavoor,municipality,Ernakulam,19.39406444496239,3.5134866549988635,404.2,2018,2637.2061832673235,0.6394580718342346,0.28468666908410106,58.0,0.0,1296.66,615.0,1684.0,2105.0,13.0,0.3161434694016022,High,Low,1.0,0.0,2018.0
548,Rayamangalam Gramapanchayath,gram_panchayat,Ernakulam,36.87335886961713,5.034620115718763,423.5,2018,7804.140770290387,0.9132398802943893,0.05678187089835958,58.0,0.0,1296.66,615.0,1684.0,2105.0,13.0,0.3161434694016022,High,Low,1.0,0.0,2018.0
549,Asamannur Gramapanchayath,gram_panchayat,Ernakulam,46.09858365293961,5.458496100490038,460.7,2018,8852.63960918046,0.955971314191422,0.024162836120952266,58.0,0.0,1296.66,615.0,1684.0,2105.0,13.0,0.3161434694016022,High,Low,1.0,0.0,2018.0
550,Nellikuzhy Gramapanchayath,gram_panchayat,Ernakulam,44.09975304257747,5.410689482593785,460.7,2018,8099.3899874946355,0.9138312382423036,0.06703927640968117,58.0,0.0,1296.66,615.0,1684.0,2105.0,13.0,0.3161434694016022,High,Low,1.0,0.0,2018.0
551,Kothamangalam,municipality,Ernakulam,39.88999112723771,5.131530173114194,564.7,2018,6378.202342491206,0.9259597542381525,0.05808931727777276,58.0,0.0,1296.66,615.0,1684.0,2105.0,13.0,0.3161434694016022,High,Low,1.0,0.0,2018.0
552,Varapetty Gramapanchayath,gram_panchayat,Ernakulam,37.766102003966594,5.605293847026401,456.1,2018,6456.672965257536,0.9665272864846972,0.017483192586070485,58.0,0.0,1296.66,615.0,1684.0,2105.0,13.0,0.3161434694016022,High,Low,1.0,0.0,2018.0
553,Pallarimangalam Gramapanchayath,gram_panchayat,Ernakulam,45.35902058359356,5.585767476840272,634.9,2018,7974.433336014155,0.9644305648468794,0.026419301205844865,58.0,0.0,1296.66,615.0,1684.0,2105.0,13.0,0.3161434694016022,High,Low,1.0,0.0,2018.0
554,Pothanikkad Gramapanchayath,gram_panchayat,Ernakulam,41.24277349087923,5.567926970355601,634.9,2018,8904.261135793113,0.9794727770902273,0.012538361001704662,58.0,0.0,1296.66,615.0,1684.0,2105.0,13.0,0.3161434694016022,High,Low,1.0,0.0,2018.0
555,Paingottoor Gramapanchayath,gram_panchayat,Ernakulam,54.83307097217389,7.444531407614668,634.9,2018,7353.6277261125415,0.9843969066680859,0.0066194048249398315,58.0,0.0,1296.66,615.0,1684.0,2105.0,13.0,0.3161434694016022,High,Low,1.0,0.0,2018.0
556,Kalloorkaad Gramapanchayath,gram_panchayat,Ernakulam,60.95687263620645,8.249344089011997,650.1,2018,7657.943521264579,0.9728246000302537,0.009485076323912099,58.0,0.0,1296.66,615.0,1684.0,2105.0,13.0,0.3161434694016022,High,Low,1.0,0.0,2018.0
557,Ayavana Gramapanchayath,gram_panchayat,Ernakulam,38.267682452362905,6.579926731306657,442.5,2018,6131.817948984575,0.9631520024776092,0.013862277167681559,58.0,0.0,1296.66,615.0,1684.0,2105.0,13.0,0.3161434694016022,High,Low,1.0,0.0,2018.0
558,Manjalloor Gramapanchayath,gram_panchayat,Ernakulam,63.40592485308048,9.064743350472112,650.1,2018,6707.980922987362,0.9515495907214275,0.02860846902512043,58.0,0.0,1296.66,615.0,1684.0,2105.0,13.0,0.3161434694016022,High,Low,1.0,0.0,2018.0
559,Avoly Gramapanchayath,gram_panchayat,Ernakulam,36.474169941313725,6.7003562104214085,442.5,2018,4830.281712126694,0.9233938018711346,0.052038222220009075,58.0,0.0,1296.66,615.0,1684.0,2105.0,13.0,0.3161434694016022,High,Low,1.0,0.0,2018.0
560,Muvattupuzha,municipality,Ernakulam,26.764204261240128,5.277467112910907,456.1,2018,963.7726729989919,0.7068038671520375,0.23367103971997072,58.0,0.0,1296.66,615.0,1684.0,2105.0,13.0,0.3161434694016022,High,Low,1.0,0.0,2018.0
561,Paipra Gramapanchayath,gram_panchayat,Ernakulam,46.07073014024119,6.126561422817248,456.1,2018,4213.646341376947,0.9143835292743986,0.06080556138274418,58.0,0.0,1296.66,615.0,1684.0,2105.0,13.0,0.3161434694016022,High,Low,1.0,0.0,2018.0
562,Valakom Gramapanchayath,gram_panchayat,Ernakulam,28.065427423471945,5.652343584405081,357.3,2018,1506.416837657317,0.9469821885493631,0.019467962054801582,58.0,0.0,1296.66,615.0,1684.0,2105.0,13.0,0.3161434694016022,High,Low,1.0,0.0,2018.0
563,Mazhuvanoor Gramapanchayath,gram_panchayat,Ernakulam,31.999652855380486,5.984172978687114,385.3,2018,5987.175016306374,0.9383657816072856,0.024400112557112323,58.0,0.0,1296.66,615.0,1684.0,2105.0,13.0,0.3161434694016022,High,Low,1.0,0.0,2018.0
564,Kizhakkambalam Gramapanchayath,gram_panchayat,Ernakulam,20.454995599516906,5.117759772641018,438.1,2018,6256.249431349815,0.788286816789752,0.07226983539202973,58.0,0.0,1296.66,615.0,1684.0,2105.0,13.0,0.3161434694016022,High,Low,1.0,0.0,2018.0
565,Vengola Gramapanchayath,gram_panchayat,Ernakulam,29.194245172593934,5.154308209587007,438.1,2018,4848.939172081591,0.8282781712149807,0.10623013177388727,58.0,0.0,1296.66,615.0,1684.0,2105.0,13.0,0.3161434694016022,High,Low,1.0,0.0,2018.0
566,Vazhakkulam Gramapanchayath,gram_panchayat,Ernakulam,19.25873197485014,4.459938936047821,438.1,2018,1777.739276030074,0.6997876470420904,0.16197118262862958,58.0,0.0,1296.66,615.0,1684.0,2105.0,13.0,0.3161434694016022,High,Low,1.0,0.0,2018.0
567,Kanjoor Gramapanchayath,gram_panchayat,Ernakulam,15.591987968286594,3.3902479886864327,371.1,2018,848.5326947513746,0.7641506513426328,0.07887496675536726,58.0,0.0,1296.66,615.0,1684.0,2105.0,13.0,0.3161434694016022,High,Low,1.0,0.0,2018.0
568,Keezhmadu Gramapanchayath,gram_panchayat,Ernakulam,16.124676043018813,4.733610544659214,368.2,2018,1367.9891130140732,0.6149470796088212,0.17932100878406812,58.0,0.0,1296.66,615.0,1684.0,2105.0,13.0,0.3161434694016022,High,Low,1.0,0.0,2018.0
569,Aluva,municipality,Ernakulam,13.504002698410279,3.3328448089912657,368.2,2018,412.99821724870145,0.32069023204951946,0.5098761739246165,58.0,0.0,1296.66,615.0,1684.0,2105.0,13.0,0.3161434694016022,High,Low,1.0,0.0,2018.0
570,Kunnukara Gramapanchayath,gram_panchayat,Ernakulam,7.613137873851173,3.2751195967373112,335.7,2018,913.7731232426227,0.7593279589400169,0.0329209901628665,58.0,0.0,1296.66,615.0,1684.0,2105.0,13.0,0.3161434694016022,High,Low,1.0,0.0,2018.0
571,Karumalloor Gramapanchayath,gram_panchayat,Ernakulam,9.658760199252097,3.1322456650484494,335.7,2018,791.1498252417244,0.7761553931384948,0.0727268296732748,58.0,0.0,1296.66,615.0,1684.0,2105.0,13.0,0.3161434694016022,High,Low,1.0,0.0,2018.0
572,Puthenvelikkara Gramapanchayath,gram_panchayat,Ernakulam,10.076523717317158,3.694286792180213,335.7,2018,640.3597791662389,0.7999548064674423,0.019135465556082684,58.0,0.0,1296.66,615.0,1684.0,2105.0,13.0,0.3161434694016022,High,Low,1.0,0.0,2018.0
573,Chendamangalam Gramapanchayath,gram_panchayat,Ernakulam,10.389058951227346,2.805078090653896,335.7,2018,538.8646836284488,0.8086847126418399,0.03642336268422105,58.0,0.0,1296.66,615.0,1684.0,2105.0,13.0,0.3161434694016022,High,Low,1.0,0.0,2018.0
574,Paravur,municipality,Ernakulam,9.734442510807533,2.329726102326442,335.7,2018,1745.6191499522795,0.7458671126217818,0.23631249788238914,58.0,0.0,1296.66,615.0,1684.0,2105.0,13.0,0.3161434694016022,High,Low,1.0,0.0,2018.0
575,Chittattukara Gramapanchayath,gram_panchayat,Ernakulam,9.823499494903658,2.469075529289625,335.7,2018,1042.7464722309178,0.9011847409714892,0.026445081293543785,58.0,0.0,1296.66,615.0,1684.0,2105.0,13.0,0.3161434694016022,High,Low,1.0,0.0,2018.0
576,Pallippuram Gramapanchayath,gram_panchayat,Ernakulam,8.21421052555268,2.515591975899108,300.1,2018,228.04407145408658,0.5986914092239084,0.08087391604444716,58.0,0.0,1296.66,615.0,1684.0,2105.0,13.0,0.3161434694016022,High,Low,1.0,0.0,2018.0
577,Kottuvally Gramapanchayath,gram_panchayat,Ernakulam,8.391218194017414,2.3830450581726397,313.0,2018,901.8898919279443,0.7120196314282332,0.06733529296943101,58.0,0.0,1296.66,615.0,1684.0,2105.0,13.0,0.3161434694016022,High,Low,1.0,0.0,2018.0
578,Kuzhuppilly Gramapanchayath,gram_panchayat,Ernakulam,6.072596095521054,2.017084324173505,335.7,2018,105.80389282032517,0.40964438208952625,0.03607251546735936,58.0,0.0,1296.66,615.0,1684.0,2105.0,13.0,0.3161434694016022,High,Low,1.0,0.0,2018.0
579,Edavanakad Gramapanchayath,gram_panchayat,Ernakulam,5.6746198863139865,2.012927975873405,313.0,2018,166.01794415000919,0.4439154129111004,0.05735252736213863,58.0,0.0,1296.66,615.0,1684.0,2105.0,13.0,0.3161434694016022,High,Low,1.0,0.0,2018.0
580,Nayarambalam Gramapanchayath,gram_panchayat,Ernakulam,4.69206346559964,1.6011879909647204,313.0,2018,129.0387658731819,0.36486270456311604,0.040281015622853376,58.0,0.0,1296.66,615.0,1684.0,2105.0,13.0,0.3161434694016022,High,Low,1.0,0.0,2018.0
581,Ezhikkara Gramapanchayath,gram_panchayat,Ernakulam,3.6107633352228756,1.7523510594708347,313.0,2018,111.88857498740069,0.30698025137113655,0.01673883642259678,58.0,0.0,1296.66,615.0,1684.0,2105.0,13.0,0.3161434694016022,High,Low,1.0,0.0,2018.0
582,Alangad Gramapanchayath,gram_panchayat,Ernakulam,8.746027851394425,3.054825112694892,313.0,2018,1471.7547406231054,0.7910449098622481,0.09854081451004786,58.0,0.0,1296.66,615.0,1684.0,2105.0,13.0,0.3161434694016022,High,Low,1.0,0.0,2018.0
583,Kadungalloor Gramapanchayath,gram_panchayat,Ernakulam,8.517788422639022,3.342947704628657,368.2,2018,1160.3928867186933,0.5744336833349927,0.22423585115042177,58.0,0.0,1296.66,615.0,1684.0,2105.0,13.0,0.3161434694016022,High,Low,1.0,0.0,2018.0
584,Njarackal Gramapanchayath,gram_panchayat,Ernakulam,4.615519517609471,1.4844411216890558,313.0,2018,221.47194028877877,0.38813911093195785,0.11179203285756995,58.0,0.0,1296.66,615.0,1684.0,2105.0,13.0,0.3161434694016022,High,Low,1.0,0.0,2018.0
585,Elamkunnapuzha Gramapanchayath,gram_panchayat,Ernakulam,5.25977555182817,2.1528986619246204,299.3,2018,324.8665932104578,0.5175762178855984,0.12045659559936277,58.0,0.0,1296.66,615.0,1684.0,2105.0,13.0,0.3161434694016022,High,Low,1.0,0.0,2018.0
586,Mulavukadu Gramapanchayath,gram_panchayat,Ernakulam,3.0607422724246187,2.062861567376549,299.3,2018,73.1601958911861,0.19391728904695502,0.08141971657243366,58.0,0.0,1296.66,615.0,1684.0,2105.0,13.0,0.3161434694016022,High,Low,1.0,0.0,2018.0
587,Kadamakkudy Gramapanchayath,gram_panchayat,Ernakulam,3.708652305078499,2.248082327474535,299.3,2018,201.71385055302912,0.38655076288884466,0.08698938992296869,58.0,0.0,1296.66,615.0,1684.0,2105.0,13.0,0.3161434694016022,High,Low,1.0,0.0,2018.0
588,Cherannalloor Gramapanchayat,gram_panchayat,Ernakulam,8.66013487596737,3.0021459489419025,313.0,2018,713.4888513752395,0.5771787219380711,0.31281342788769906,58.0,0.0,1296.66,615.0,1684.0,2105.0,13.0,0.3161434694016022,High,Low,1.0,0.0,2018.0
589,Varapuzha Gramapanchayath,gram_panchayat,Ernakulam,7.357578250663386,2.2965351245939387,313.0,2018,322.962269796506,0.5680119300958898,0.10809037941213272,58.0,0.0,1296.66,615.0,1684.0,2105.0,13.0,0.3161434694016022,High,Low,1.0,0.0,2018.0
590,Vadakkekkara Gramapanchayath,gram_panchayat,Ernakulam,8.919258190471908,2.3912726224368375,300.1,2018,747.918395312437,0.8045250074004818,0.05034075696536793,58.0,0.0,1296.66,615.0,1684.0,2105.0,13.0,0.3161434694016022,High,Low,1.0,0.0,2018.0
591,Eloor,municipality,Ernakulam,9.98700748429595,3.526578857964329,313.0,2018,856.2370086512616,0.5812455080071329,0.26096445645395927,58.0,0.0,1296.66,615.0,1684.0,2105.0,13.0,0.3161434694016022,High,Low,1.0,0.0,2018.0
592,Choornikkara Gramapanchayath,gram_panchayat,Ernakulam,10.713992038328463,3.6900638959270244,368.2,2018,1030.2546264599098,0.4055022825209451,0.3956103709440424,58.0,0.0,1296.66,615.0,1684.0,2105.0,13.0,0.3161434694016022,High,Low,1.0,0.0,2018.0
593,Kalamassery,municipality,Ernakulam,14.471476094169224,4.884776059075828,374.0,2018,3664.2782824229926,0.48065009691249955,0.35718614826623085,58.0,0.0,1296.66,615.0,1684.0,2105.0,13.0,0.3161434694016022,High,Low,1.0,0.0,2018.0
594,Thrikkakara,municipality,Ernakulam,13.508565355538884,4.23720508656019,374.0,2018,4572.819359399564,0.42370720205008533,0.4789050643286217,58.0,0.0,1296.66,615.0,1684.0,2105.0,13.0,0.3161434694016022,High,Low,1.0,0.0,2018.0
595,Edathala Gramapanchayath,gram_panchayat,Ernakulam,18.879905956145986,4.733108924259019,368.2,2018,4347.484384591719,0.6425420130239207,0.22137792775936282,58.0,0.0,1296.66,615.0,1684.0,2105.0,13.0,0.3161434694016022,High,Low,1.0,0.0,2018.0
596,Kunnathunad Gramapanchayath,gram_panchayat,Ernakulam,23.419704749646595,5.6180291062323455,442.40000000000003,2018,4686.288309600388,0.7613432607284807,0.07623892848930004,58.0,0.0,1296.66,615.0,1684.0,2105.0,13.0,0.3161434694016022,High,Low,1.0,0.0,2018.0
597,Vadavukode-Puthencruz Gramapanachayath,gram_panchayat,Ernakulam,26.329303872417505,5.824724518889156,437.9,2018,1925.0909737641,0.67899916993985,0.16279639604486182,58.0,0.0,1296.66,615.0,1684.0,2105.0,13.0,0.3161434694016022,High,Low,1.0,0.0,2018.0
598,Maradu,municipality,Ernakulam,5.983705641028587,2.812892325063065,292.5,2018,380.80342645540463,0.35800788509888987,0.3212452917492654,58.0,0.0,1296.66,615.0,1684.0,2105.0,13.0,0.3161434694016022,High,Low,1.0,0.0,2018.0
599,Thrippunithura,municipality,Ernakulam,7.648770593225235,2.983463565879178,437.9,2018,1781.0113514333498,0.44111817649510465,0.3088232751335161,58.0,0.0,1296.66,615.0,1684.0,2105.0,13.0,0.3161434694016022,High,Low,1.0,0.0,2018.0
600,Kumbalam Gramapanchayath,gram_panchayat,Ernakulam,4.095167375233421,1.9829577309859205,292.5,2018,128.80955693695532,0.36522611126381604,0.08457832047938628,58.0,0.0,1296.66,615.0,1684.0,2105.0,13.0,0.3161434694016022,High,Low,1.0,0.0,2018.0
601,Chellanam Gramapanchayath,gram_panchayat,Ernakulam,3.439605436225507,2.316813235910354,299.1,2018,72.4675714818307,0.18774328149931974,0.08392299494042157,58.0,0.0,1296.66,615.0,1684.0,2105.0,13.0,0.3161434694016022,High,Low,1.0,0.0,2018.0
602,Kumbalanghy Gramapanchayath,gram_panchayat,Ernakulam,4.9819496929842995,2.438275490424742,299.1,2018,128.38723446056315,0.38910324110657135,0.09838849576791689,58.0,0.0,1296.66,615.0,1684.0,2105.0,13.0,0.3161434694016022,High,Low,1.0,0.0,2018.0
603,Udayamperoor Gramapanchayath,gram_panchayat,Ernakulam,5.685051875851869,1.9711336486138116,417.7,2018,601.2723582193339,0.446662227422003,0.07732715952103118,58.0,0.0,1296.66,615.0,1684.0,2105.0,13.0,0.3161434694016022,High,Low,1.0,0.0,2018.0
604,Chottanikara Gramapanchayath,gram_panchayat,Ernakulam,18.91730049975147,5.308973523934666,437.9,2018,4247.75069879418,0.7779276092102776,0.11644129677622121,58.0,0.0,1296.66,615.0,1684.0,2105.0,13.0,0.3161434694016022,High,Low,1.0,0.0,2018.0
605,Mulamthuruthy Gramapanchayath,gram_panchayat,Ernakulam,22.144016143207537,5.3574091993966375,417.7,2018,3806.6415891320407,0.8890013817796284,0.04842821067410486,58.0,0.0,1296.66,615.0,1684.0,2105.0,13.0,0.3161434694016022,High,Low,1.0,0.0,2018.0
606,Amballur Gramapanchayath,gram_panchayat,Ernakulam,15.667680107481265,4.926186896976395,417.7,2018,1919.285411522179,0.9179301541965973,0.024205933699110158,58.0,0.0,1296.66,615.0,1684.0,2105.0,13.0,0.3161434694016022,High,Low,1.0,0.0,2018.0
607,Edakkattuvayal Gramapanchayath,gram_panchayat,Ernakulam,32.27123015724798,7.0879081226822995,394.8,2018,2678.961340831964,0.9646546777509664,0.01024919986963417,58.0,0.0,1296.66,615.0,1684.0,2105.0,13.0,0.3161434694016022,High,Low,1.0,0.0,2018.0
608,Piravom,municipality,Ernakulam,25.71334249555736,6.117066664133296,394.8,2018,1212.7609868948923,0.8884306569890882,0.02742816309623455,58.0,0.0,1296.66,615.0,1684.0,2105.0,13.0,0.3161434694016022,High,Low,1.0,0.0,2018.0
609,Maneedu Gramapanchayath,gram_panchayat,Ernakulam,36.805093315613064,6.572248837769703,409.7,2018,2005.3693917012185,0.934598548819062,0.009504313529730678,58.0,0.0,1296.66,615.0,1684.0,2105.0,13.0,0.3161434694016022,High,Low,1.0,0.0,2018.0
610,Thiruvaniyoor Gramapanchayath,gram_panchayat,Ernakulam,27.010441310567163,5.7570782252625285,437.9,2018,4435.841252048824,0.8879267863796012,0.05553181525072828,58.0,0.0,1296.66,615.0,1684.0,2105.0,13.0,0.3161434694016022,High,Low,1.0,0.0,2018.0
611,Poothrika Gramapanchayath,gram_panchayat,Ernakulam,28.94735829134746,6.076414073982281,409.7,2018,2704.341091096724,0.9232375855585426,0.03595310247565795,58.0,0.0,1296.66,615.0,1684.0,2105.0,13.0,0.3161434694016022,High,Low,1.0,0.0,2018.0
612,Aikkaranadu Gramapanchayath,gram_panchayat,Ernakulam,32.26944659318847,5.547341563674127,442.40000000000003,2018,4408.170118476111,0.9092041526306189,0.052611371332870804,58.0,0.0,1296.66,615.0,1684.0,2105.0,13.0,0.3161434694016022,High,Low,1.0,0.0,2018.0
613,Ramamangalam Gramapanchayath,gram_panchayat,Ernakulam,34.11899066356254,7.246776631383163,357.3,2018,901.0479044990835,0.9225623456485125,0.01175569678591597,58.0,0.0,1296.66,615.0,1684.0,2105.0,13.0,0.3161434694016022,High,Low,1.0,0.0,2018.0
614,Pampakuda Gramapanchayath,gram_panchayat,Ernakulam,47.22987560565805,7.4922193223622875,357.3,2018,3104.044741801077,0.9724330935256952,0.00899729302983534,58.0,0.0,1296.66,615.0,1684.0,2105.0,13.0,0.3161434694016022,High,Low,1.0,0.0,2018.0
615,Thirumaradi Gramapanchayath,gram_panchayat,Ernakulam,55.59791124162068,8.124788182194909,364.4,2018,5895.384654782115,0.9759414405347047,0.009296812659800379,58.0,0.0,1296.66,615.0,1684.0,2105.0,13.0,0.3161434694016022,High,Low,1.0,0.0,2018.0
616,Koothattukulam,municipality,Ernakulam,53.673766232110616,7.702840348909145,364.4,2018,9853.518220681644,0.958729692343456,0.031771244579498197,58.0,0.0,1296.66,615.0,1684.0,2105.0,13.0,0.3161434694016022,High,Low,1.0,0.0,2018.0
617,Palakuzha Gramapanchayath,gram_panchayat,Ernakulam,73.70372418199464,8.209187674577862,448.0,2018,9362.355172046946,0.9762052405772881,0.01052760022972216,58.0,0.0,1296.66,615.0,1684.0,2105.0,13.0,0.3161434694016022,High,Low,1.0,0.0,2018.0
618,Arakkuzha Gramapanchayath,gram_panchayat,Ernakulam,57.69507629402899,8.602910802243274,442.5,2018,5475.7577871723515,0.9636562218151933,0.01170691070956708,58.0,0.0,1296.66,615.0,1684.0,2105.0,13.0,0.3161434694016022,High,Low,1.0,0.0,2018.0
619,Marady Gramapanchayath,gram_panchayat,Ernakulam,42.76313788981927,7.855895297938617,357.3,2018,1362.9256377220968,0.944364948954024,0.01468733931592718,58.0,0.0,1296.66,615.0,1684.0,2105.0,13.0,0.3161434694016022,High,Low,1.0,0.0,2018.0
620,Elanji Gramapanchayath,gram_panchayat,Ernakulam,51.96628578899949,7.6645525311327125,427.8,2018,6983.240649591431,0.9800720305231622,0.007506719482778786,58.0,0.0,1296.66,615.0,1684.0,2105.0,13.0,0.3161434694016022,High,Low,1.0,0.0,2018.0
621,Marayoor Gramapanchayat,gram_panchayat,Idukki,1290.1558924520702,21.026688500378018,176.6,2018,12411.351359578663,0.7432507755802255,0.004625737814497025,54.0,143.0,5745.97,1166.0,1445.0,2130.0,56.0,0.5853276245779735,Critical,Critical,1.0,1.0,2018.0
622,Kanthalloor Gramapanchayath,gram_panchayat,Idukki,1295.8555680566642,19.048824055043294,176.6,2018,9202.791020415629,0.7914973744489748,0.003330657795462882,54.0,143.0,5745.97,1166.0,1445.0,2130.0,56.0,0.5853276245779735,Critical,Critical,1.0,1.0,2018.0
623,Vattavada Gramapanchayath,gram_panchayat,Idukki,1947.1477387787122,21.52734588963454,136.4,2018,4757.372654881089,0.8217953429507835,0.0030916760969780703,54.0,143.0,5745.97,1166.0,1445.0,2130.0,56.0,0.5853276245779735,Critical,Critical,1.0,1.0,2018.0
624,Devikulam Gramapanchayath,gram_panchayat,Idukki,1843.7667042504288,18.948547038784444,463.7,2018,3557.272660561384,0.7696682931115214,0.006587306653860801,54.0,143.0,5745.97,1166.0,1445.0,2130.0,56.0,0.5853276245779735,Critical,Critical,1.0,1.0,2018.0
625,Munnar Grampanchayat,gram_panchayat,Idukki,1762.5439557449022,20.098324338966844,946.7,2018,9644.28016614799,0.6099020170614363,0.0024564263224833988,54.0,143.0,5745.97,1166.0,1445.0,2130.0,56.0,0.5853276245779735,Critical,Critical,1.0,1.0,2018.0
626,Mankulam Gramapanchayath,gram_panchayat,Idukki,897.9421337935265,21.76070862524262,832.4,2018,13864.657661288344,0.9391419609568161,0.0011377885960594618,54.0,143.0,5745.97,1166.0,1445.0,2130.0,56.0,0.5853276245779735,Critical,Critical,1.0,1.0,2018.0
627,Adimali Gramapanchayath,gram_panchayat,Idukki,658.3400127006104,19.342796691928537,832.4,2018,7118.9437257455875,0.8948624804409439,0.012079267415121709,54.0,143.0,5745.97,1166.0,1445.0,2130.0,56.0,0.5853276245779735,Critical,Critical,1.0,1.0,2018.0
628,Pallivasal Gramapanchayat,gram_panchayat,Idukki,1141.5356620297864,18.42024519202229,945.0,2018,6202.310893848092,0.9168539699136091,0.0020228123995128283,54.0,143.0,5745.97,1166.0,1445.0,2130.0,56.0,0.5853276245779735,Critical,Critical,1.0,1.0,2018.0
629,Vellathooval Gramapanchayat,gram_panchayat,Idukki,702.9473683656704,18.667477558451402,722.3,2018,1920.2271194139848,0.9013656816722058,0.006357451302830799,54.0,143.0,5745.97,1166.0,1445.0,2130.0,56.0,0.5853276245779735,Critical,Critical,1.0,1.0,2018.0
630,Baisonvalley Gramapanchayat,gram_panchayat,Idukki,1139.4758248669273,18.34756699095865,616.6,2018,5229.561909524191,0.8679066493883018,0.006543740714949052,54.0,143.0,5745.97,1166.0,1445.0,2130.0,56.0,0.5853276245779735,Critical,Critical,1.0,1.0,2018.0
631,Chinnakkanal Grampanchayat,gram_panchayat,Idukki,1493.707855361682,17.410619126204505,457.7,2018,2457.7252778581246,0.7184015038219721,0.00933978509718138,54.0,143.0,5745.97,1166.0,1445.0,2130.0,56.0,0.5853276245779735,Critical,Critical,1.0,1.0,2018.0
632,Santhanpara Gramapanchayat,gram_panchayat,Idukki,1297.1122659772705,15.186705027382102,243.5,2018,4636.7749204614565,0.9176932696836737,0.0068846525781311235,54.0,143.0,5745.97,1166.0,1445.0,2130.0,56.0,0.5853276245779735,Critical,Critical,1.0,1.0,2018.0
633,Rajakumary Gramapanchayat,gram_panchayat,Idukki,1100.6474851090522,13.14677367988887,411.40000000000003,2018,4805.298998718155,0.9230503050433831,0.011339650067426163,54.0,143.0,5745.97,1166.0,1445.0,2130.0,56.0,0.5853276245779735,Critical,Critical,1.0,1.0,2018.0
634,Rajakkad Gramapanchayath,gram_panchayat,Idukki,879.4898456551263,13.873202376155465,616.6,2018,2547.165648957789,0.9275369608019974,0.013107439290750365,54.0,143.0,5745.97,1166.0,1445.0,2130.0,56.0,0.5853276245779735,Critical,Critical,1.0,1.0,2018.0
635,Konnathady Gramapanchayath,gram_panchayat,Idukki,704.9341101275193,18.291485698189398,782.8,2018,2286.4427804225998,0.9180165874686942,0.0043588094283384254,54.0,143.0,5745.97,1166.0,1445.0,2130.0,56.0,0.5853276245779735,Critical,Critical,1.0,1.0,2018.0
636,Senapathy Gramapanchayath,gram_panchayat,Idukki,1016.0013618784141,13.7913183734127,411.40000000000003,2018,7672.3570831955185,0.9302723956141676,0.006121214539331476,54.0,143.0,5745.97,1166.0,1445.0,2130.0,56.0,0.5853276245779735,Critical,Critical,1.0,1.0,2018.0
637,Udumbanchola Gramapanchayath,gram_panchayat,Idukki,1034.776921831967,13.557287257385767,411.40000000000003,2018,8998.295956709839,0.9392812480852304,0.006292933047982417,54.0,143.0,5745.97,1166.0,1445.0,2130.0,56.0,0.5853276245779735,Critical,Critical,1.0,1.0,2018.0
638,Nedumkandom Gramapanchayath,gram_panchayat,Idukki,928.2636654781033,15.929440692740071,312.3,2018,7918.329608159357,0.90392556879554,0.01069982267675973,54.0,143.0,5745.97,1166.0,1445.0,2130.0,56.0,0.5853276245779735,Critical,Critical,1.0,1.0,2018.0
639,Vathikudy Gramapanchayath,gram_panchayat,Idukki,721.4812425860723,16.21744197466512,622.4,2018,5882.728786576288,0.9588024427366111,0.008142101829669807,54.0,143.0,5745.97,1166.0,1445.0,2130.0,56.0,0.5853276245779735,Critical,Critical,1.0,1.0,2018.0
640,Kanjikkuzhy Gramapanchayath,gram_panchayat,Idukki,609.0074750734586,19.43605650208209,722.3,2018,5653.712212644235,0.883374332601174,0.00397097422815947,54.0,143.0,5745.97,1166.0,1445.0,2130.0,56.0,0.5853276245779735,Critical,Critical,1.0,1.0,2018.0
641,Vannappuram Gramapanchayath,gram_panchayat,Idukki,192.3665122928878,15.87992029205722,701.5,2018,5060.286087160098,0.9560432510643063,0.005978100799620563,54.0,143.0,5745.97,1166.0,1445.0,2130.0,56.0,0.5853276245779735,Critical,Critical,1.0,1.0,2018.0
642,Karimannoor Gramapanchayath,gram_panchayat,Idukki,185.48766484571155,10.207456493365406,685.0,2018,8338.357388788885,0.9655933067450544,0.005662796876603217,54.0,143.0,5745.97,1166.0,1445.0,2130.0,56.0,0.5853276245779735,Critical,Critical,1.0,1.0,2018.0
643,Kodikulam Gramapanchayath,gram_panchayat,Idukki,52.48416195158145,6.755493126030185,685.0,2018,8152.568828582663,0.9857460564872833,0.004379000831103479,54.0,143.0,5745.97,1166.0,1445.0,2130.0,56.0,0.5853276245779735,Critical,Critical,1.0,1.0,2018.0
644,Vazhathope Gramapanchayath,gram_panchayat,Idukki,821.1796430374148,14.462530140282103,769.3000000000001,2018,1214.0840913325019,0.6070153947641934,0.00400937470453816,54.0,143.0,5745.97,1166.0,1445.0,2130.0,56.0,0.5853276245779735,Critical,Critical,1.0,1.0,2018.0
645,Udumbannoor Gramapanchayath,gram_panchayat,Idukki,436.5111919442048,16.814107536848198,652.5,2018,7038.132092770325,0.9269975533817416,0.002059880141264774,54.0,143.0,5745.97,1166.0,1445.0,2130.0,56.0,0.5853276245779735,Critical,Critical,1.0,1.0,2018.0
646,Mariyapuram Gramapanchayath,gram_panchayat,Idukki,797.7616453458571,17.68630346665601,622.4,2018,3842.3975685930995,0.903120633570164,0.00779828938541171,54.0,143.0,5745.97,1166.0,1445.0,2130.0,56.0,0.5853276245779735,Critical,Critical,1.0,1.0,2018.0
647,Kamakshy Gramapanchayath,gram_panchayat,Idukki,884.5344665957398,14.167096823322602,364.3,2018,3797.9320596262214,0.9456756547491725,0.0047659204719896165,54.0,143.0,5745.97,1166.0,1445.0,2130.0,56.0,0.5853276245779735,Critical,Critical,1.0,1.0,2018.0
648,Erattayar Gramapanchayath,gram_panchayat,Idukki,799.5510695202769,14.433266229367101,364.3,2018,2880.9924816492285,0.9682606565165924,0.0065799963728469775,54.0,143.0,5745.97,1166.0,1445.0,2130.0,56.0,0.5853276245779735,Critical,Critical,1.0,1.0,2018.0
649,Pampadumpara Gramapanchayath,gram_panchayat,Idukki,963.3372956534723,13.556644478483081,364.3,2018,6445.894347213969,0.9737708765408553,0.009090367698211923,54.0,143.0,5745.97,1166.0,1445.0,2130.0,56.0,0.5853276245779735,Critical,Critical,1.0,1.0,2018.0
650,Karunapuram Gramapanchayath,gram_panchayat,Idukki,999.8525188637934,9.800721863133747,243.0,2018,10456.032554492778,0.9429570589198314,0.010372563486837174,54.0,143.0,5745.97,1166.0,1445.0,2130.0,56.0,0.5853276245779735,Critical,Critical,1.0,1.0,2018.0
651,Vandanmedu Gramapanchayat,gram_panchayat,Idukki,1121.0026520418403,9.450687541776224,324.7,2018,8661.949650040357,0.9488057348818942,0.012466373173593842,54.0,143.0,5745.97,1166.0,1445.0,2130.0,56.0,0.5853276245779735,Critical,Critical,1.0,1.0,2018.0
652,Chakkupallam Gramapanchayath,gram_panchayat,Idukki,1114.1166989553765,10.308835627667188,350.7,2018,9063.926239734681,0.9403962408107496,0.015929819631774603,54.0,143.0,5745.97,1166.0,1445.0,2130.0,56.0,0.5853276245779735,Critical,Critical,1.0,1.0,2018.0
653,Ayyappankovil Grampanchayat,gram_panchayat,Idukki,982.6643401619806,16.69079637661934,579.7,2018,5058.864003985468,0.9571124420801828,0.005257413021391754,54.0,143.0,5745.97,1166.0,1445.0,2130.0,56.0,0.5853276245779735,Critical,Critical,1.0,1.0,2018.0
654,Kattappana,municipality,Idukki,972.5921338380746,13.399644506125545,324.7,2018,4810.884530513839,0.917289648186112,0.03420890681856562,54.0,143.0,5745.97,1166.0,1445.0,2130.0,56.0,0.5853276245779735,Critical,Critical,1.0,1.0,2018.0
655,Kanchiyar Gramapanchayath,gram_panchayat,Idukki,837.5081699995595,12.567835579161727,598.0,2018,1310.8482315564877,0.7306566661183631,0.005322615919747877,54.0,143.0,5745.97,1166.0,1445.0,2130.0,56.0,0.5853276245779735,Critical,Critical,1.0,1.0,2018.0
656,Upputhara Gramapanchayath,gram_panchayat,Idukki,880.238664829477,14.00755042985966,752.2,2018,4039.2506224669514,0.7411280356033406,0.004917523839771397,54.0,143.0,5745.97,1166.0,1445.0,2130.0,56.0,0.5853276245779735,Critical,Critical,1.0,1.0,2018.0
657,Kumily Gramapanchayath,gram_panchayat,Idukki,1043.57160750914,17.643749553210547,418.4,2018,6414.540797718341,0.8659924797607018,0.0020085175951666335,54.0,143.0,5745.97,1166.0,1445.0,2130.0,56.0,0.5853276245779735,Critical,Critical,1.0,1.0,2018.0
658,Vandiperiyar Grampanchayat,gram_panchayat,Idukki,903.7405793843344,16.658826769783524,620.1999999999999,2018,8465.027843884685,0.8202187659222093,0.006909747141500509,54.0,143.0,5745.97,1166.0,1445.0,2130.0,56.0,0.5853276245779735,Critical,Critical,1.0,1.0,2018.0
659,Peruvanthanam Gramapanchayath,gram_panchayat,Idukki,416.8152617670478,20.321021458272558,626.1,2018,10204.556604352041,0.9637121264450846,0.0022595618270903777,54.0,143.0,5745.97,1166.0,1445.0,2130.0,56.0,0.5853276245779735,Critical,Critical,1.0,1.0,2018.0
660,Kokkayar Gramapanchayath,gram_panchayat,Idukki,437.47889757480664,21.34053716632515,753.2,2018,5394.2643925735165,0.8899762329284358,0.0028141938679353898,54.0,143.0,5745.97,1166.0,1445.0,2130.0,56.0,0.5853276245779735,Critical,Critical,1.0,1.0,2018.0
661,Peermade Gramapanchayath,gram_panchayat,Idukki,1036.4622704728213,15.625792496045028,579.7,2018,7909.204924365701,0.7097705910475762,0.013634176866950457,54.0,143.0,5745.97,1166.0,1445.0,2130.0,56.0,0.5853276245779735,Critical,Critical,1.0,1.0,2018.0
662,Elappara Gramapanchayath,gram_panchayat,Idukki,998.4710830573326,14.930592448624662,752.2,2018,4844.910506744177,0.5887794498297017,0.007202214380174386,54.0,143.0,5745.97,1166.0,1445.0,2130.0,56.0,0.5853276245779735,Critical,Critical,1.0,1.0,2018.0
663,Arakulam Gramapanchayath,gram_panchayat,Idukki,609.4007876116358,16.95755371304755,715.7,2018,2381.337575090617,0.7930761088150401,0.004064650191746323,54.0,143.0,5745.97,1166.0,1445.0,2130.0,56.0,0.5853276245779735,Critical,Critical,1.0,1.0,2018.0
664,Velliyamattom Gramapanchayat,gram_panchayat,Idukki,250.28047702122825,16.87031596475966,633.5,2018,3559.092455007163,0.9741608212726806,0.0032417847512141223,54.0,143.0,5745.97,1166.0,1445.0,2130.0,56.0,0.5853276245779735,Critical,Critical,1.0,1.0,2018.0
665,Kudayathoor Grampanchayat,gram_panchayat,Idukki,269.06488799538664,16.762054577721777,634.1,2018,1404.851295136804,0.867778112594095,0.005750074542252197,54.0,143.0,5745.97,1166.0,1445.0,2130.0,56.0,0.5853276245779735,Critical,Critical,1.0,1.0,2018.0
666,Alakode Gramapanchayat,gram_panchayat,Idukki,92.76241647023475,9.440654618104874,633.5,2018,2620.947145224338,0.9387128958970011,0.0056774134356471564,54.0,143.0,5745.97,1166.0,1445.0,2130.0,56.0,0.5853276245779735,Critical,Critical,1.0,1.0,2018.0
667,Muttom Gramapanchayath,gram_panchayat,Idukki,144.65174743556975,14.201639854731237,564.1,2018,2224.2838703225966,0.9337148733834989,0.010618455763033635,54.0,143.0,5745.97,1166.0,1445.0,2130.0,56.0,0.5853276245779735,Critical,Critical,1.0,1.0,2018.0
668,Karimkunnam Gramapanchayath,gram_panchayat,Idukki,103.6355770340139,11.099400308851417,593.3,2018,4550.470123700807,0.9660628617976256,0.014730749709544685,54.0,143.0,5745.97,1166.0,1445.0,2130.0,56.0,0.5853276245779735,Critical,Critical,1.0,1.0,2018.0
669,Purapuzha Gramapanchayath,gram_panchayat,Idukki,105.20470380260731,10.97591941993404,448.0,2018,7437.905904175388,0.9861351509275565,0.007506108859342146,54.0,143.0,5745.97,1166.0,1445.0,2130.0,56.0,0.5853276245779735,Critical,Critical,1.0,1.0,2018.0
670,Manakkad Gramapanchayath,gram_panchayat,Idukki,56.835542148592545,8.014284206136976,448.0,2018,6195.907818609441,0.9676227720523957,0.010190243970426041,54.0,143.0,5745.97,1166.0,1445.0,2130.0,56.0,0.5853276245779735,Critical,Critical,1.0,1.0,2018.0
671,Edavetty Gramapanchayath,gram_panchayat,Idukki,61.82815436990972,7.470169104366525,593.3,2018,3288.175422836473,0.9398995051377532,0.02751956460798321,54.0,143.0,5745.97,1166.0,1445.0,2130.0,56.0,0.5853276245779735,Critical,Critical,1.0,1.0,2018.0
672,Kumaramangalam Gramapanchayath,gram_panchayat,Idukki,59.7681307204901,7.864949885774975,650.1,2018,5384.178754043336,0.9563683214104001,0.03132817464492503,54.0,143.0,5745.97,1166.0,1445.0,2130.0,56.0,0.5853276245779735,Critical,Critical,1.0,1.0,2018.0
673,Thodupuzha,municipality,Idukki,53.7210027287475,6.817568337619696,593.3,2018,2367.3255586859464,0.874367927556622,0.1015154319818639,54.0,143.0,5745.97,1166.0,1445.0,2130.0,56.0,0.5853276245779735,Critical,Critical,1.0,1.0,2018.0
674,Chempu Gramapanchayath,gram_panchayat,Kottayam,7.979179525812933,3.0905865913901605,402.70000000000005,2018,686.5561671432179,0.7261274797791462,0.009717418050277841,14.0,29.0,7170.71,76.0,656.0,291.0,6.0,0.1596735843685767,Moderate,Critical,0.0,1.0,2018.0
675,Aroor Grama Panchayath,gram_panchayat,Alappuzha,6.315954806637922,2.4599763080435815,299.1,2018,262.35976589114057,0.5304322531187523,0.13444821972429732,43.0,0.0,12095.55,2075.0,18990.0,241.0,121.0,0.5653442000160468,Critical,Low,1.0,0.0,2018.0
676,Arukutty Grama Panchayath,gram_panchayat,Alappuzha,4.075123181029149,1.55190877287884,299.1,2018,200.76090123666066,0.4364722044560995,0.018480997931139484,43.0,0.0,12095.55,2075.0,18990.0,241.0,121.0,0.5653442000160468,Critical,Low,1.0,0.0,2018.0
677,Perumbalam Grama Panchayat,gram_panchayat,Alappuzha,4.280785695059281,1.6158492968079594,417.7,2018,131.07756547071943,0.37290551019232104,0.002568649457031989,43.0,0.0,12095.55,2075.0,18990.0,241.0,121.0,0.5653442000160468,Critical,Low,1.0,0.0,2018.0
678,Panavalli grama panchayat,gram_panchayat,Alappuzha,5.80990543630947,2.000441180638132,299.1,2018,432.84136872762514,0.6300760892668335,0.025668082627533187,43.0,0.0,12095.55,2075.0,18990.0,241.0,121.0,0.5653442000160468,Critical,Low,1.0,0.0,2018.0
679,Ezhupunna gram panchayat,gram_panchayat,Alappuzha,5.708419393988487,2.4619185678817375,299.1,2018,336.65999087109043,0.536493304665509,0.05177265716224534,43.0,0.0,12095.55,2075.0,18990.0,241.0,121.0,0.5653442000160468,Critical,Low,1.0,0.0,2018.0
680,Kodamthuruthu gram panchayat,gram_panchayat,Alappuzha,5.1475797804782015,2.868221247267167,299.1,2018,346.52739873488133,0.5708232641079817,0.024979554558268686,43.0,0.0,12095.55,2075.0,18990.0,241.0,121.0,0.5653442000160468,Critical,Low,1.0,0.0,2018.0
681,Thaikkattussery Grama Panchayath,gram_panchayat,Alappuzha,6.015909869139242,2.309835646475965,299.1,2018,503.89134261665805,0.694720323229671,0.026166284144470812,43.0,0.0,12095.55,2075.0,18990.0,241.0,121.0,0.5653442000160468,Critical,Low,1.0,0.0,2018.0
682,Kuthiyathodu grama panchayat,gram_panchayat,Alappuzha,6.559017265979859,2.7316917282814277,299.1,2018,618.5079233647327,0.6695917213264935,0.051555899518612204,43.0,0.0,12095.55,2075.0,18990.0,241.0,121.0,0.5653442000160468,Critical,Low,1.0,0.0,2018.0
683,Thuravoor grama panchayat,gram_panchayat,Alappuzha,5.79369914408247,2.6392115701017924,337.3,2018,622.179483294585,0.6511953698286564,0.020359597006963485,43.0,0.0,12095.55,2075.0,18990.0,241.0,121.0,0.5653442000160468,Critical,Low,1.0,0.0,2018.0
684,Chennam Pallipuram grama panchayat,gram_panchayat,Alappuzha,4.774903235016814,1.8637079569050914,337.3,2018,341.52974453346224,0.5263934766772995,0.02710435837787931,43.0,0.0,12095.55,2075.0,18990.0,241.0,121.0,0.5653442000160468,Critical,Low,1.0,0.0,2018.0
685,Vayalar Grama Panchayath,gram_panchayat,Alappuzha,7.120586360887838,2.475797925777644,337.3,2018,1074.9678218570255,0.8422118845072017,0.030639044889095114,43.0,0.0,12095.55,2075.0,18990.0,241.0,121.0,0.5653442000160468,Critical,Low,1.0,0.0,2018.0
686,Pattanakkad Grama Panchayat,gram_panchayat,Alappuzha,7.5723830724808945,2.916827137570324,337.3,2018,914.5024253333006,0.7874606822117812,0.02528961590295248,43.0,0.0,12095.55,2075.0,18990.0,241.0,121.0,0.5653442000160468,Critical,Low,1.0,0.0,2018.0
687,Kadakarappally Grama Panchayat,gram_panchayat,Alappuzha,9.19595509634487,2.5883613462721273,337.3,2018,970.3428857325522,0.8945986913142011,0.023884188380114902,43.0,0.0,12095.55,2075.0,18990.0,241.0,121.0,0.5653442000160468,Critical,Low,1.0,0.0,2018.0
688,Cherthala south Grama Panchayat,gram_panchayat,Alappuzha,10.764617453825535,2.460932258337741,323.0,2018,1891.4146550959927,0.930588192999348,0.027257359919154813,43.0,0.0,12095.55,2075.0,18990.0,241.0,121.0,0.5653442000160468,Critical,Low,1.0,0.0,2018.0
689,Cherthala,municipality,Alappuzha,9.941832492287096,2.4975903973314297,323.0,2018,2205.1779558343924,0.8552713754960241,0.10563365806831272,43.0,0.0,12095.55,2075.0,18990.0,241.0,121.0,0.5653442000160468,Critical,Low,1.0,0.0,2018.0
690,Thanneermukkam grama panchayat,gram_panchayat,Alappuzha,6.573448565481436,1.866841871829469,323.0,2018,1107.159801772063,0.6504692853294983,0.02487262004460912,43.0,0.0,12095.55,2075.0,18990.0,241.0,121.0,0.5653442000160468,Critical,Low,1.0,0.0,2018.0
691,Muhamma gram panchayat,gram_panchayat,Alappuzha,5.034468092551478,1.2348864854228647,265.9,2018,516.8084528596198,0.4321221249497122,0.023426759901262258,43.0,0.0,12095.55,2075.0,18990.0,241.0,121.0,0.5653442000160468,Critical,Low,1.0,0.0,2018.0
692,Kanjikuzhi grama panchayat,gram_panchayat,Alappuzha,11.467745164149301,2.2998803703053254,265.9,2018,3271.0096465956244,0.917801249404821,0.06040544092665303,43.0,0.0,12095.55,2075.0,18990.0,241.0,121.0,0.5653442000160468,Critical,Low,1.0,0.0,2018.0
693,Mararikulam North Grama Panchayat,gram_panchayat,Alappuzha,11.084937183663005,2.323000500446332,265.9,2018,1958.729421225233,0.9246237379229714,0.03841027804558934,43.0,0.0,12095.55,2075.0,18990.0,241.0,121.0,0.5653442000160468,Critical,Low,1.0,0.0,2018.0
694,Mararikulam South Grama Panchayat,gram_panchayat,Alappuzha,11.18981962418777,2.3020613079802623,265.9,2018,1305.0690842164126,0.9051636148205331,0.05863938900384513,43.0,0.0,12095.55,2075.0,18990.0,241.0,121.0,0.5653442000160468,Critical,Low,1.0,0.0,2018.0
695,Mannancherry Grama Panchayat,gram_panchayat,Alappuzha,5.520888451637504,1.373795667558247,265.9,2018,944.1241003636243,0.48968496812362694,0.04283207223608398,43.0,0.0,12095.55,2075.0,18990.0,241.0,121.0,0.5653442000160468,Critical,Low,1.0,0.0,2018.0
696,Aryad gram panchayat,gram_panchayat,Alappuzha,11.159055976668736,2.2426174962472114,235.39999999999998,2018,1394.4189816050039,0.8327009836463798,0.15657604838396477,43.0,0.0,12095.55,2075.0,18990.0,241.0,121.0,0.5653442000160468,Critical,Low,1.0,0.0,2018.0
697,Alappuzha,municipality,Alappuzha,6.093215876966854,1.7768538913397707,235.39999999999998,2018,773.4949536942081,0.490216749596907,0.24729235533966865,43.0,0.0,12095.55,2075.0,18990.0,241.0,121.0,0.5653442000160468,Critical,Low,1.0,0.0,2018.0
698,Punnapra North grama panchayat,gram_panchayat,Alappuzha,6.827784480644942,2.170388859893196,275.4,2018,1032.7534712827253,0.8024145658233083,0.13879189797500244,43.0,0.0,12095.55,2075.0,18990.0,241.0,121.0,0.5653442000160468,Critical,Low,1.0,0.0,2018.0
699,Punnapra South grama panchayat,gram_panchayat,Alappuzha,5.857679124244166,2.1936107747181506,275.4,2018,996.078680309849,0.8092937729917462,0.12508973927060116,43.0,0.0,12095.55,2075.0,18990.0,241.0,121.0,0.5653442000160468,Critical,Low,1.0,0.0,2018.0
700,Ambalapuzha North Grama Panchayat,gram_panchayat,Alappuzha,4.322650191379602,2.3066756651334157,279.9,2018,1037.6836477786255,0.8443996814985321,0.11913206685917524,43.0,0.0,12095.55,2075.0,18990.0,241.0,121.0,0.5653442000160468,Critical,Low,1.0,0.0,2018.0
701,Ambalapuzha South Grama Panchayat,gram_panchayat,Alappuzha,2.821805677187006,2.219262137629742,279.9,2018,1522.0962308492249,0.864691841565838,0.08997645369235797,43.0,0.0,12095.55,2075.0,18990.0,241.0,121.0,0.5653442000160468,Critical,Low,1.0,0.0,2018.0
702,Purakkad Grama Panchayat,gram_panchayat,Alappuzha,2.266792784219059,2.392222342952924,279.7,2018,732.8805490495982,0.7499805789392195,0.037384620341695984,43.0,0.0,12095.55,2075.0,18990.0,241.0,121.0,0.5653442000160468,Critical,Low,1.0,0.0,2018.0
703,Kainakari gram panchayat,gram_panchayat,Alappuzha,1.5366391346238122,2.1926034895168764,235.39999999999998,2018,332.07587521907794,0.4728217248307226,0.004764076728679217,43.0,0.0,12095.55,2075.0,18990.0,241.0,121.0,0.5653442000160468,Critical,Low,1.0,0.0,2018.0
704,Pulinkunnu grama panchayat,gram_panchayat,Alappuzha,2.2242246696334425,2.2976947419032747,387.5,2018,518.7440047936511,0.4914009519395598,0.011686179754118547,43.0,0.0,12095.55,2075.0,18990.0,241.0,121.0,0.5653442000160468,Critical,Low,1.0,0.0,2018.0
705,Kavalam gram panchayat,gram_panchayat,Alappuzha,0.8879965271812257,2.017553086534923,373.4,2018,614.1192834822514,0.5232400478130691,0.00318270902160365,43.0,0.0,12095.55,2075.0,18990.0,241.0,121.0,0.5653442000160468,Critical,Low,1.0,0.0,2018.0
706,Neelamperoor gram panchayat,gram_panchayat,Alappuzha,1.7362459425672079,2.2708374863871517,387.5,2018,1891.2563076559147,0.7162813366644417,0.012027088233497645,43.0,0.0,12095.55,2075.0,18990.0,241.0,121.0,0.5653442000160468,Critical,Low,1.0,0.0,2018.0
707,Nedumudi village panchayat,gram_panchayat,Alappuzha,2.5897566241857777,2.559501288527637,275.4,2018,598.6443407095653,0.8872725432578219,0.016509928238775864,43.0,0.0,12095.55,2075.0,18990.0,241.0,121.0,0.5653442000160468,Critical,Low,1.0,0.0,2018.0
708,Champakulam Grama Panchayath,gram_panchayat,Alappuzha,2.190363181176003,2.3947388274292756,387.5,2018,792.2462870367377,0.6770878493679909,0.0252828636113613,43.0,0.0,12095.55,2075.0,18990.0,241.0,121.0,0.5653442000160468,Critical,Low,1.0,0.0,2018.0
709,Ramankari Grama Panchayat,gram_panchayat,Alappuzha,2.5626610586602627,2.3268240311308928,314.1,2018,1638.1861519262466,0.6087994026317348,0.02256479537906707,43.0,0.0,12095.55,2075.0,18990.0,241.0,121.0,0.5653442000160468,Critical,Low,1.0,0.0,2018.0
710,Veliyanadu grama panchayat,gram_panchayat,Alappuzha,1.9887267194200235,2.433605051873538,387.5,2018,1074.145114839359,0.5126055440516673,0.01207743094732742,43.0,0.0,12095.55,2075.0,18990.0,241.0,121.0,0.5653442000160468,Critical,Low,1.0,0.0,2018.0
711,Muttar Grama Panchayat,gram_panchayat,Alappuzha,2.7220859242033035,2.351877807995429,314.1,2018,1847.2289622331386,0.5820674696043456,0.015155904109452719,43.0,0.0,12095.55,2075.0,18990.0,241.0,121.0,0.5653442000160468,Critical,Low,1.0,0.0,2018.0
712,Thakazhy Grama Panchayat,gram_panchayat,Alappuzha,0.7716664668066173,2.341481871069792,279.9,2018,960.9657739295487,0.6901891727623416,0.013713270560962358,43.0,0.0,12095.55,2075.0,18990.0,241.0,121.0,0.5653442000160468,Critical,Low,1.0,0.0,2018.0
713,Edathwa grama panchayat,gram_panchayat,Alappuzha,2.01602826611365,2.355468397505523,314.1,2018,1696.5829985301766,0.5821168641023312,0.026304048128382714,43.0,0.0,12095.55,2075.0,18990.0,241.0,121.0,0.5653442000160468,Critical,Low,1.0,0.0,2018.0
714,Thalavady Grama Panchayat,gram_panchayat,Alappuzha,4.869462661883105,2.6563963360281218,314.1,2018,2982.4265090297545,0.736850710537375,0.02677777394852445,43.0,0.0,12095.55,2075.0,18990.0,241.0,121.0,0.5653442000160468,Critical,Low,1.0,0.0,2018.0
715,Veeyapuram Grama Panchayath,gram_panchayat,Alappuzha,3.0100530227091298,2.420615145697295,282.0,2018,756.2061268542111,0.6812530227346167,0.018830395117511455,43.0,0.0,12095.55,2075.0,18990.0,241.0,121.0,0.5653442000160468,Critical,Low,1.0,0.0,2018.0
716,Cheruthana Grama Panchayath,gram_panchayat,Alappuzha,3.324988191614659,2.414719877023938,282.0,2018,790.509242405426,0.6973506912107614,0.009516618523251794,43.0,0.0,12095.55,2075.0,18990.0,241.0,121.0,0.5653442000160468,Critical,Low,1.0,0.0,2018.0
717,Karuvatta Grama Panchayath,gram_panchayat,Alappuzha,4.5354590312744865,2.5552909338304697,279.7,2018,1299.7322337698695,0.8944734013477652,0.023678597280554832,43.0,0.0,12095.55,2075.0,18990.0,241.0,121.0,0.5653442000160468,Critical,Low,1.0,0.0,2018.0
718,Trikkunnappuzha grama panchayath,gram_panchayat,Alappuzha,6.417826844348582,2.2421702359604803,279.7,2018,508.4862846441375,0.8825141504102018,0.03064951669831006,43.0,0.0,12095.55,2075.0,18990.0,241.0,121.0,0.5653442000160468,Critical,Low,1.0,0.0,2018.0
719,Kumarapuram gram panchayat,gram_panchayat,Alappuzha,6.176226295417612,2.294782884892475,279.7,2018,1148.4287081972561,0.9445330693013546,0.026807929073284945,43.0,0.0,12095.55,2075.0,18990.0,241.0,121.0,0.5653442000160468,Critical,Low,1.0,0.0,2018.0
720,Haripad,municipality,Alappuzha,6.125490316366776,2.360395516393503,282.0,2018,1266.416683402783,0.7423436362438217,0.09497078531072867,43.0,0.0,12095.55,2075.0,18990.0,241.0,121.0,0.5653442000160468,Critical,Low,1.0,0.0,2018.0
721,Pallippadu panchayat,gram_panchayat,Alappuzha,4.822073837213186,2.5418321925306517,307.6,2018,2926.7618165290273,0.6862656342950649,0.030600161539910083,43.0,0.0,12095.55,2075.0,18990.0,241.0,121.0,0.5653442000160468,Critical,Low,1.0,0.0,2018.0
722,Karthikapally gram panchayat,gram_panchayat,Alappuzha,5.4277076710031,2.3432601536971487,279.7,2018,639.4068659823378,0.7985296181102761,0.02943499650837795,43.0,0.0,12095.55,2075.0,18990.0,241.0,121.0,0.5653442000160468,Critical,Low,1.0,0.0,2018.0
723,Arattupuzha grama panchayath,gram_panchayat,Alappuzha,3.650604906107635,2.026166180600375,329.6,2018,81.80459932037968,0.4011761579208246,0.022053569822504837,43.0,0.0,12095.55,2075.0,18990.0,241.0,121.0,0.5653442000160468,Critical,Low,1.0,0.0,2018.0
724,Chingoli gram panchayat,gram_panchayat,Alappuzha,7.69697696408261,2.5795654799798866,307.6,2018,1344.4292230886533,0.9199365802641554,0.034960083163226005,43.0,0.0,12095.55,2075.0,18990.0,241.0,121.0,0.5653442000160468,Critical,Low,1.0,0.0,2018.0
725,Muthukulam gram panchayat,gram_panchayat,Alappuzha,8.689917181521494,2.427510177239458,307.6,2018,1621.1819334624106,0.9424613275844669,0.01879828125398145,43.0,0.0,12095.55,2075.0,18990.0,241.0,121.0,0.5653442000160468,Critical,Low,1.0,0.0,2018.0
726,Kandalloor Grama Panchayat,gram_panchayat,Alappuzha,8.071175867931952,2.3480806791375963,329.6,2018,901.5973695993517,0.9073147554104344,0.02219857618395891,43.0,0.0,12095.55,2075.0,18990.0,241.0,121.0,0.5653442000160468,Critical,Low,1.0,0.0,2018.0
727,Cheppad Grama Panchayat,gram_panchayat,Alappuzha,8.064337265324317,2.4975330006163285,307.6,2018,4607.631934424261,0.8111946176144974,0.042245845339574296,43.0,0.0,12095.55,2075.0,18990.0,241.0,121.0,0.5653442000160468,Critical,Low,1.0,0.0,2018.0
728,Pathiyoor gram panchayat,gram_panchayat,Alappuzha,10.726117927736887,2.539584392099589,307.6,2018,3814.2597161477615,0.9011636248262093,0.04250357357787902,43.0,0.0,12095.55,2075.0,18990.0,241.0,121.0,0.5653442000160468,Critical,Low,1.0,0.0,2018.0
729,Kayamkulam,municipality,Alappuzha,11.17595598665415,2.477860833313001,329.6,2018,1907.4290263719286,0.844410387345972,0.12085268561112537,43.0,0.0,12095.55,2075.0,18990.0,241.0,121.0,0.5653442000160468,Critical,Low,1.0,0.0,2018.0
730,Devikulangara Grama Panchayat,gram_panchayat,Alappuzha,7.247847225365088,2.0790763780315564,329.6,2018,706.9252793747056,0.6882796838794039,0.016865820184012153,43.0,0.0,12095.55,2075.0,18990.0,241.0,121.0,0.5653442000160468,Critical,Low,1.0,0.0,2018.0
731,Krishnapuram Gram panchayat,gram_panchayat,Alappuzha,13.987049870289445,2.424434491293889,329.6,2018,4031.1952451801676,0.958253262388141,0.04004946937116153,43.0,0.0,12095.55,2075.0,18990.0,241.0,121.0,0.5653442000160468,Critical,Low,1.0,0.0,2018.0
732,Mannar grama panchayat,gram_panchayat,Alappuzha,6.5814694959387525,2.7294539390607526,292.7,2018,1936.3690811044885,0.7327666302312541,0.0571009474756369,43.0,0.0,12095.55,2075.0,18990.0,241.0,121.0,0.5653442000160468,Critical,Low,1.0,0.0,2018.0
733,Budhanoor Grama Panchayat,gram_panchayat,Alappuzha,7.719924642063161,3.2391650259400615,292.7,2018,3577.973748179509,0.8208252299158354,0.03318111602698228,43.0,0.0,12095.55,2075.0,18990.0,241.0,121.0,0.5653442000160468,Critical,Low,1.0,0.0,2018.0
734,Thiruvnavandoor Grama Panchayat,gram_panchayat,Alappuzha,8.391547568902693,2.671533611207783,292.7,2018,1299.0665879866165,0.8558240968772005,0.05487517759936681,43.0,0.0,12095.55,2075.0,18990.0,241.0,121.0,0.5653442000160468,Critical,Low,1.0,0.0,2018.0
735,Pandanad grama panchayat,gram_panchayat,Alappuzha,7.514711762178468,2.9602951656560283,292.7,2018,505.7435189616775,0.8134576410784101,0.027660256722047045,43.0,0.0,12095.55,2075.0,18990.0,241.0,121.0,0.5653442000160468,Critical,Low,1.0,0.0,2018.0
736,Chengannur,municipality,Alappuzha,16.376730498295768,3.921570962586695,335.3,2018,854.6749723503216,0.8128763553727021,0.12809512535566062,43.0,0.0,12095.55,2075.0,18990.0,241.0,121.0,0.5653442000160468,Critical,Low,1.0,0.0,2018.0
737,Mulakkuzha grama panchayat,gram_panchayat,Alappuzha,32.12653336522998,7.070458244248173,335.3,2018,4468.712224058207,0.929540096227653,0.038878121864059555,43.0,0.0,12095.55,2075.0,18990.0,241.0,121.0,0.5653442000160468,Critical,Low,1.0,0.0,2018.0
738,Ala Grama Panchayat,gram_panchayat,Alappuzha,15.631389316513607,4.619979619824082,335.3,2018,4236.814205356475,0.91864778923354,0.02692252960044133,43.0,0.0,12095.55,2075.0,18990.0,241.0,121.0,0.5653442000160468,Critical,Low,1.0,0.0,2018.0
739,Puliyoor panchayath,gram_panchayat,Alappuzha,10.272541807549569,3.3384792317214083,292.7,2018,2820.617794438758,0.8913310063469777,0.041298129369430135,43.0,0.0,12095.55,2075.0,18990.0,241.0,121.0,0.5653442000160468,Critical,Low,1.0,0.0,2018.0
740,Cheriyanadu panchayat,gram_panchayat,Alappuzha,13.961335954569558,3.5782122029684924,275.1,2018,5647.338267082215,0.8778429901342516,0.043682300465936186,43.0,0.0,12095.55,2075.0,18990.0,241.0,121.0,0.5653442000160468,Critical,Low,1.0,0.0,2018.0
741,Venmony gram panchayat,gram_panchayat,Alappuzha,18.683205417039776,4.111580560323603,305.0,2018,4690.329185082624,0.9127921789517209,0.03036415795271203,43.0,0.0,12095.55,2075.0,18990.0,241.0,121.0,0.5653442000160468,Critical,Low,1.0,0.0,2018.0
742,Chennithala Thripperumthura gram panchayat,gram_panchayat,Alappuzha,6.275015993517961,2.5374830550381238,307.6,2018,4147.722393072755,0.7198094970208281,0.03913525801355038,43.0,0.0,12095.55,2075.0,18990.0,241.0,121.0,0.5653442000160468,Critical,Low,1.0,0.0,2018.0
743,Chettikulangara Grama Panchayat,gram_panchayat,Alappuzha,11.22935183051265,2.69365010528278,307.6,2018,6049.529481479861,0.9112477577534874,0.038824957711991015,43.0,0.0,12095.55,2075.0,18990.0,241.0,121.0,0.5653442000160468,Critical,Low,1.0,0.0,2018.0
744,Mavelikkara,municipality,Alappuzha,12.400697390141465,3.0044262854692723,275.1,2018,7951.8547564642695,0.7741080810750983,0.16470194341444971,43.0,0.0,12095.55,2075.0,18990.0,241.0,121.0,0.5653442000160468,Critical,Low,1.0,0.0,2018.0
745,Thazhakkara grama panchayat,gram_panchayat,Alappuzha,17.12425124306421,4.053629413660446,275.1,2018,6805.66365959254,0.8431501497629322,0.050906798065895834,43.0,0.0,12095.55,2075.0,18990.0,241.0,121.0,0.5653442000160468,Critical,Low,1.0,0.0,2018.0
746,Mavelikkara Thekkakkara Grama Panchayat,gram_panchayat,Alappuzha,15.116407611080113,3.0836779493895965,275.1,2018,7745.814960092248,0.9510553933365338,0.03742830769044368,43.0,0.0,12095.55,2075.0,18990.0,241.0,121.0,0.5653442000160468,Critical,Low,1.0,0.0,2018.0
747,Bharanikkavu Gram Panchayat,gram_panchayat,Alappuzha,14.71353157903482,2.7149291918732064,288.6,2018,4977.559709207857,0.9448484734904944,0.04343927457035995,43.0,0.0,12095.55,2075.0,18990.0,241.0,121.0,0.5653442000160468,Critical,Low,1.0,0.0,2018.0
748,Vallikkunnam grama panchayat,gram_panchayat,Alappuzha,15.790358755270132,3.029120570461596,280.7,2018,1897.1036518052363,0.9275992269580745,0.02083360463919865,43.0,0.0,12095.55,2075.0,18990.0,241.0,121.0,0.5653442000160468,Critical,Low,1.0,0.0,2018.0
749,Thamarakkulam Grama Panchayath,gram_panchayat,Alappuzha,26.095387774155036,3.9714476395402296,288.6,2018,3888.8867540545275,0.9250248147967947,0.030373853069134055,43.0,0.0,12095.55,2075.0,18990.0,241.0,121.0,0.5653442000160468,Critical,Low,1.0,0.0,2018.0
750,Palamel gram panchayat,gram_panchayat,Alappuzha,33.82643530080697,5.564808600445793,291.7,2018,3587.53262112998,0.9164213875780112,0.023982357993399747,43.0,0.0,12095.55,2075.0,18990.0,241.0,121.0,0.5653442000160468,Critical,Low,1.0,0.0,2018.0
751,Nooranadu grama panchayat,gram_panchayat,Alappuzha,19.599500821938776,4.032407546334788,305.0,2018,2167.7781007317017,0.8054819468186752,0.025939197867004465,43.0,0.0,12095.55,2075.0,18990.0,241.0,121.0,0.5653442000160468,Critical,Low,1.0,0.0,2018.0
752,Chunakkara grama panchayat,gram_panchayat,Alappuzha,20.504583372430023,3.7815033184203037,288.6,2018,5346.874746786997,0.9458686787431674,0.02635044994419324,43.0,0.0,12095.55,2075.0,18990.0,241.0,121.0,0.5653442000160468,Critical,Low,1.0,0.0,2018.0
753,Velloor Grama Panchayat,gram_panchayat,Kottayam,19.153383379233603,6.066222050045114,393.8,2018,782.1673711876465,0.8672195507049154,0.0199827908975473,14.0,29.0,7170.71,76.0,656.0,291.0,6.0,0.1596735843685767,Moderate,Critical,0.0,1.0,2018.0
754,Mulakkulam Gramapanchayath,gram_panchayat,Kottayam,31.777111746277146,6.6602702883210005,393.8,2018,2901.7088452298835,0.9516809672521889,0.016775448180974643,14.0,29.0,7170.71,76.0,656.0,291.0,6.0,0.1596735843685767,Moderate,Critical,0.0,1.0,2018.0
755,Njeezhoor Gramapanchayat,gram_panchayat,Kottayam,47.67473206047776,8.117290274603546,427.8,2018,7924.6824264318175,0.9842847661408352,0.006522312892037884,14.0,29.0,7170.71,76.0,656.0,291.0,6.0,0.1596735843685767,Moderate,Critical,0.0,1.0,2018.0
756,Maravanthuruthu Grama Panchayat,gram_panchayat,Kottayam,6.559474780225921,2.545648499207564,402.70000000000005,2018,644.3976637736915,0.7748841503647468,0.011006493849565407,14.0,29.0,7170.71,76.0,656.0,291.0,6.0,0.1596735843685767,Moderate,Critical,0.0,1.0,2018.0
757,Udayanapuram Gramapanchayath,gram_panchayat,Kottayam,5.7382821569661315,2.5768105044184666,349.1,2018,1421.3295743628037,0.870411555147315,0.011273980515843999,14.0,29.0,7170.71,76.0,656.0,291.0,6.0,0.1596735843685767,Moderate,Critical,0.0,1.0,2018.0
758,Vaikom,municipality,Kottayam,6.347581496842164,1.9656163627165901,349.1,2018,806.2059938723082,0.6524151939237073,0.06646806362284434,14.0,29.0,7170.71,76.0,656.0,291.0,6.0,0.1596735843685767,Moderate,Critical,0.0,1.0,2018.0
759,Thalayolaparambu Gramapanchayath,gram_panchayat,Kottayam,10.779607792384429,3.876238923705055,393.8,2018,2136.636908308345,0.7741238406253295,0.03427092059524362,14.0,29.0,7170.71,76.0,656.0,291.0,6.0,0.1596735843685767,Moderate,Critical,0.0,1.0,2018.0
760,Kaduthuruthy Gramapanchayath,gram_panchayat,Kottayam,21.84925770337846,5.372137130702706,392.2,2018,5815.674795729086,0.8956203326812795,0.02155287379396129,14.0,29.0,7170.71,76.0,656.0,291.0,6.0,0.1596735843685767,Moderate,Critical,0.0,1.0,2018.0
761,Manjoor Gramapanchayath,gram_panchayat,Kottayam,26.043019673874124,5.468369171439798,392.2,2018,9647.43899268877,0.9191752343343622,0.02463445402654383,14.0,29.0,7170.71,76.0,656.0,291.0,6.0,0.1596735843685767,Moderate,Critical,0.0,1.0,2018.0
762,Kallara Grampanchayat,gram_panchayat,Kottayam,4.052008841991266,2.797884538096501,392.2,2018,5063.101264157084,0.7870699974499384,0.00949767947531801,14.0,29.0,7170.71,76.0,656.0,291.0,6.0,0.1596735843685767,Moderate,Critical,0.0,1.0,2018.0
763,TV Puram Grama Panchayat,gram_panchayat,Kottayam,5.247008241647223,1.5745033406483888,349.1,2018,455.19541261135527,0.5140545275005163,0.008124068388588477,14.0,29.0,7170.71,76.0,656.0,291.0,6.0,0.1596735843685767,Moderate,Critical,0.0,1.0,2018.0
764,Thalayazham Gramapanchayath,gram_panchayat,Kottayam,4.498939762214719,2.656769393367784,349.1,2018,1739.8013357633986,0.8326321561358253,0.008837670737943556,14.0,29.0,7170.71,76.0,656.0,291.0,6.0,0.1596735843685767,Moderate,Critical,0.0,1.0,2018.0
765,Vechoor Grampanchayat,gram_panchayat,Kottayam,3.932520212897822,2.22699652567358,333.4,2018,1817.6957612625104,0.7310436404392067,0.006052334002967072,14.0,29.0,7170.71,76.0,656.0,291.0,6.0,0.1596735843685767,Moderate,Critical,0.0,1.0,2018.0
766,Veliyannoor Grampanchayath,gram_panchayat,Kottayam,73.98563005787824,8.246751508161866,483.20000000000005,2018,12361.336511825828,0.9842270174267596,0.010418586907736723,14.0,29.0,7170.71,76.0,656.0,291.0,6.0,0.1596735843685767,Moderate,Critical,0.0,1.0,2018.0
767,Uzhavoor Gramapanchayath,gram_panchayat,Kottayam,95.0888196382144,8.284572361550069,427.8,2018,12822.860888406125,0.9794163206716687,0.015012788257257034,14.0,29.0,7170.71,76.0,656.0,291.0,6.0,0.1596735843685767,Moderate,Critical,0.0,1.0,2018.0
768,Ramapuram Gramapanchayath,gram_panchayat,Kottayam,89.02908169118786,9.262459109720554,483.20000000000005,2018,10905.30829138615,0.9842024140099533,0.008739414335013821,14.0,29.0,7170.71,76.0,656.0,291.0,6.0,0.1596735843685767,Moderate,Critical,0.0,1.0,2018.0
769,Kadanadu Gramapanchayath,gram_panchayat,Kottayam,137.90314320305492,11.817256984012351,564.1,2018,6802.092812597272,0.9837039229262659,0.007809278195632792,14.0,29.0,7170.71,76.0,656.0,291.0,6.0,0.1596735843685767,Moderate,Critical,0.0,1.0,2018.0
770,Melukavu Gramapanchayath,gram_panchayat,Kottayam,235.04184892300026,14.905119205700272,564.1,2018,5829.999714809843,0.9396477072718048,0.004406769702410623,14.0,29.0,7170.71,76.0,656.0,291.0,6.0,0.1596735843685767,Moderate,Critical,0.0,1.0,2018.0
771,Moonnilavu Gramapanchayath,gram_panchayat,Kottayam,425.0329528563625,19.69776789754048,681.9,2018,7018.794924548596,0.8826932117747275,0.0017621733033721717,14.0,29.0,7170.71,76.0,656.0,291.0,6.0,0.1596735843685767,Moderate,Critical,0.0,1.0,2018.0
772,Thalappalam Gramapanchayath,gram_panchayat,Kottayam,77.77822997150008,10.230129402012224,522.9,2018,12527.959129851182,0.9873476068863092,0.0064829624599024695,14.0,29.0,7170.71,76.0,656.0,291.0,6.0,0.1596735843685767,Moderate,Critical,0.0,1.0,2018.0
773,Bharananganam Gramapanchayath,gram_panchayat,Kottayam,90.59378276119597,8.787640317264247,522.9,2018,11353.151530911842,0.9789013054116299,0.015626847117901514,14.0,29.0,7170.71,76.0,656.0,291.0,6.0,0.1596735843685767,Moderate,Critical,0.0,1.0,2018.0
774,Pala,municipality,Kottayam,39.86975420621313,6.5371837329938,465.4,2018,15010.045349887123,0.8869251106135718,0.09507484438580895,14.0,29.0,7170.71,76.0,656.0,291.0,6.0,0.1596735843685767,Moderate,Critical,0.0,1.0,2018.0
775,Karoor Grampanchayath,gram_panchayat,Kottayam,67.30401565251013,8.697559560130268,465.4,2018,14172.316992570166,0.9796497396182451,0.011803105405592006,14.0,29.0,7170.71,76.0,656.0,291.0,6.0,0.1596735843685767,Moderate,Critical,0.0,1.0,2018.0
776,Marangattupally Gramapanchayath,gram_panchayat,Kottayam,72.5962599233063,7.952553112901407,466.4,2018,14445.981525215362,0.9845200872787241,0.008518064669727292,14.0,29.0,7170.71,76.0,656.0,291.0,6.0,0.1596735843685767,Moderate,Critical,0.0,1.0,2018.0
777,Kuravilangadu Gramapanchayath,gram_panchayat,Kottayam,49.79130988986214,7.087708974402099,466.4,2018,12245.820570046677,0.9609111108675443,0.025196240808845038,14.0,29.0,7170.71,76.0,656.0,291.0,6.0,0.1596735843685767,Moderate,Critical,0.0,1.0,2018.0
778,Kanakkary Gramapanchayath,gram_panchayat,Kottayam,35.95462542134748,6.109554998529822,466.4,2018,9661.58192237039,0.9547377520698348,0.021915974963844308,14.0,29.0,7170.71,76.0,656.0,291.0,6.0,0.1596735843685767,Moderate,Critical,0.0,1.0,2018.0
779,Kadaplamattom Gramapanchayath,gram_panchayat,Kottayam,60.064748612883605,7.19137984742589,466.4,2018,12657.729314286093,0.9834463143955232,0.0048135129249126775,14.0,29.0,7170.71,76.0,656.0,291.0,6.0,0.1596735843685767,Moderate,Critical,0.0,1.0,2018.0
780,Kidangoor Gramapanchayath,gram_panchayat,Kottayam,29.112327579720077,6.081425135386921,446.9,2018,9844.0322602913,0.9433843006134359,0.02163341307386147,14.0,29.0,7170.71,76.0,656.0,291.0,6.0,0.1596735843685767,Moderate,Critical,0.0,1.0,2018.0
781,Mutholy Gramapanchayath,gram_panchayat,Kottayam,35.67109648737753,6.939044115173348,378.8,2018,14242.031535883329,0.9620492647360612,0.019503468035523965,14.0,29.0,7170.71,76.0,656.0,291.0,6.0,0.1596735843685767,Moderate,Critical,0.0,1.0,2018.0
782,Kozhuvanal Gramapanchayath,gram_panchayat,Kottayam,70.47101873612412,7.972365358890987,378.8,2018,13250.070409902548,0.9829310537718071,0.00790353664267507,14.0,29.0,7170.71,76.0,656.0,291.0,6.0,0.1596735843685767,Moderate,Critical,0.0,1.0,2018.0
783,Meenachil gramapanchayath,gram_panchayat,Kottayam,48.85788145022763,6.852504689667847,470.5,2018,17147.358168612882,0.9817934468594721,0.010653849974381957,14.0,29.0,7170.71,76.0,656.0,291.0,6.0,0.1596735843685767,Moderate,Critical,0.0,1.0,2018.0
784,Thidanadu Gramapanchayath,gram_panchayat,Kottayam,74.09644184887739,8.536665657596815,470.5,2018,15949.475240662505,0.9879022879374101,0.004919829288845581,14.0,29.0,7170.71,76.0,656.0,291.0,6.0,0.1596735843685767,Moderate,Critical,0.0,1.0,2018.0
785,Poonjar Grampanchayath,gram_panchayat,Kottayam,105.81435282046942,12.204434755987434,733.6,2018,14985.89987765815,0.9885420895484155,0.00561894848383746,14.0,29.0,7170.71,76.0,656.0,291.0,6.0,0.1596735843685767,Moderate,Critical,0.0,1.0,2018.0
786,Poonjar Thekkekara Grama Panchayat,gram_panchayat,Kottayam,325.6216629758453,20.861622988677627,733.6,2018,10778.94532104202,0.9507430261944005,0.0024006539543270705,14.0,29.0,7170.71,76.0,656.0,291.0,6.0,0.1596735843685767,Moderate,Critical,0.0,1.0,2018.0
787,Erattupetta,municipality,Kottayam,49.07378023242908,7.619081059740307,470.5,2018,14675.678538236794,0.8513583448981734,0.12276895194782911,14.0,29.0,7170.71,76.0,656.0,291.0,6.0,0.1596735843685767,Moderate,Critical,0.0,1.0,2018.0
788,Teekoy Gramapanchayath,gram_panchayat,Kottayam,393.64108354811077,20.028650698312294,759.3000000000001,2018,9362.64238732703,0.8941483443810284,0.004148102615270209,14.0,29.0,7170.71,76.0,656.0,291.0,6.0,0.1596735843685767,Moderate,Critical,0.0,1.0,2018.0
789,Thalanadu Gramapanchayath,gram_panchayat,Kottayam,449.1712901782441,24.682218826996532,681.9,2018,8256.100574803908,0.8762172549679461,0.00047795778182318594,14.0,29.0,7170.71,76.0,656.0,291.0,6.0,0.1596735843685767,Moderate,Critical,0.0,1.0,2018.0
790,Arpookkara Gramapanchayath,gram_panchayat,Kottayam,5.829221273477538,2.8721201992059417,447.1,2018,4808.126736222528,0.7994651999693743,0.04452018890134829,14.0,29.0,7170.71,76.0,656.0,291.0,6.0,0.1596735843685767,Moderate,Critical,0.0,1.0,2018.0
791,Neendoor Gramapanchayat,gram_panchayat,Kottayam,6.81085619804003,3.2307514333270815,447.1,2018,7896.080697160804,0.7983736183139056,0.01681406844650423,14.0,29.0,7170.71,76.0,656.0,291.0,6.0,0.1596735843685767,Moderate,Critical,0.0,1.0,2018.0
792,Athirampuzha Gramapanchayath,gram_panchayat,Kottayam,25.731767372768996,5.581246925207991,447.1,2018,6012.190097464677,0.8703757401187149,0.10026804862268728,14.0,29.0,7170.71,76.0,656.0,291.0,6.0,0.1596735843685767,Moderate,Critical,0.0,1.0,2018.0
793,Ettumanoor,municipality,Kottayam,27.666231499654867,5.625012447021896,446.9,2018,5064.687100912146,0.8722841221703971,0.08462493263063942,14.0,29.0,7170.71,76.0,656.0,291.0,6.0,0.1596735843685767,Moderate,Critical,0.0,1.0,2018.0
794,Ayarkunnam Gramapanchayath,gram_panchayat,Kottayam,25.778502007914057,5.826152277208684,446.9,2018,4804.240859507156,0.9433521135561296,0.0230303942247468,14.0,29.0,7170.71,76.0,656.0,291.0,6.0,0.1596735843685767,Moderate,Critical,0.0,1.0,2018.0
795,Akalakkunnam Gramapanchayath,gram_panchayat,Kottayam,80.59037767923957,7.649688023058547,378.8,2018,11915.904661826346,0.9860183767007752,0.006492893237609799,14.0,29.0,7170.71,76.0,656.0,291.0,6.0,0.1596735843685767,Moderate,Critical,0.0,1.0,2018.0
796,Pallickathodu Gramapanchayath,gram_panchayat,Kottayam,103.11786843574254,7.41619644236146,321.5,2018,12444.512008428275,0.9817912068638379,0.009645672953398776,14.0,29.0,7170.71,76.0,656.0,291.0,6.0,0.1596735843685767,Moderate,Critical,0.0,1.0,2018.0
797,Kooroppada Gramapanchayath,gram_panchayat,Kottayam,74.26141133979543,7.297525246833114,321.5,2018,9953.101179337164,0.9816502703794051,0.011423801517655926,14.0,29.0,7170.71,76.0,656.0,291.0,6.0,0.1596735843685767,Moderate,Critical,0.0,1.0,2018.0
798,Manarcadu Gramapanchayath,gram_panchayat,Kottayam,30.613426080821426,6.33860568315679,400.4,2018,4534.106305124193,0.910071248347407,0.06393696010248773,14.0,29.0,7170.71,76.0,656.0,291.0,6.0,0.1596735843685767,Moderate,Critical,0.0,1.0,2018.0
799,Pampady Gramapanchayath,gram_panchayat,Kottayam,50.40478473724251,6.951345580627959,384.0,2018,9669.685183673624,0.9593283042032313,0.030581378012026168,14.0,29.0,7170.71,76.0,656.0,291.0,6.0,0.1596735843685767,Moderate,Critical,0.0,1.0,2018.0
800,Meenadom Gramapanchayath,gram_panchayat,Kottayam,41.177541993072296,7.093286780269879,384.0,2018,9131.737814367172,0.9734147145177116,0.019653639596774977,14.0,29.0,7170.71,76.0,656.0,291.0,6.0,0.1596735843685767,Moderate,Critical,0.0,1.0,2018.0
801,Puthuppally Gramapanchayath,gram_panchayat,Kottayam,29.67821878847287,6.200169210602148,384.0,2018,6510.291046721648,0.9016343757506463,0.05497831840856651,14.0,29.0,7170.71,76.0,656.0,291.0,6.0,0.1596735843685767,Moderate,Critical,0.0,1.0,2018.0
802,Panachikadu Gramapanchayath,gram_panchayat,Kottayam,18.41114912116058,5.678825490999952,468.90000000000003,2018,4767.645868171757,0.7960441201087048,0.07436289503681309,14.0,29.0,7170.71,76.0,656.0,291.0,6.0,0.1596735843685767,Moderate,Critical,0.0,1.0,2018.0
803,Vijayapuram Gramapanchayath,gram_panchayat,Kottayam,19.52988108840475,6.303811601535783,400.4,2018,2665.5756006828856,0.7912403135352133,0.12843269378866456,14.0,29.0,7170.71,76.0,656.0,291.0,6.0,0.1596735843685767,Moderate,Critical,0.0,1.0,2018.0
804,Aymanam Gramapanchayath,gram_panchayat,Kottayam,4.372882727447263,2.4825252335916512,350.2,2018,3751.919951858088,0.8012828895367176,0.027821227831369675,14.0,29.0,7170.71,76.0,656.0,291.0,6.0,0.1596735843685767,Moderate,Critical,0.0,1.0,2018.0
805,Kumarakom Gramapanchayath,gram_panchayat,Kottayam,1.785211741088852,1.2676977954995734,350.2,2018,561.0427449972616,0.39035733980347775,0.010715489363794241,14.0,29.0,7170.71,76.0,656.0,291.0,6.0,0.1596735843685767,Moderate,Critical,0.0,1.0,2018.0
806,Kottayam,municipality,Kottayam,11.477419656889948,3.9161972840440153,437.20000000000005,2018,2472.357928082326,0.6805603147572441,0.1863439058827756,14.0,29.0,7170.71,76.0,656.0,291.0,6.0,0.1596735843685767,Moderate,Critical,0.0,1.0,2018.0
807,Kurichy Gramapanchayath,gram_panchayat,Kottayam,14.63651171216788,3.8282278995284713,468.90000000000003,2018,4701.047957763971,0.8741149374236447,0.0756286255542995,14.0,29.0,7170.71,76.0,656.0,291.0,6.0,0.1596735843685767,Moderate,Critical,0.0,1.0,2018.0
808,Vazhapally gram panchayat,gram_panchayat,Kottayam,8.203670208924798,3.2073809591072457,453.5,2018,5662.111907587378,0.6746812143818164,0.06680408282719325,14.0,29.0,7170.71,76.0,656.0,291.0,6.0,0.1596735843685767,Moderate,Critical,0.0,1.0,2018.0
809,Changanassery,municipality,Kottayam,10.445157913715892,3.2540960648133517,453.5,2018,5585.996620312654,0.526633713657953,0.3268312380588608,14.0,29.0,7170.71,76.0,656.0,291.0,6.0,0.1596735843685767,Moderate,Critical,0.0,1.0,2018.0
810,Paippadu Gramapanchayath,gram_panchayat,Kottayam,7.872234789313602,2.984288769996215,453.5,2018,4084.5854594549896,0.5505791763188165,0.040772978087617526,14.0,29.0,7170.71,76.0,656.0,291.0,6.0,0.1596735843685767,Moderate,Critical,0.0,1.0,2018.0
811,Thrikkodithanam Gramapanchayath,gram_panchayat,Kottayam,24.87235159671068,4.565057585803736,453.5,2018,8010.453993665159,0.8455212548256028,0.109029011902924,14.0,29.0,7170.71,76.0,656.0,291.0,6.0,0.1596735843685767,Moderate,Critical,0.0,1.0,2018.0
812,Madappally Gramapanchayath,gram_panchayat,Kottayam,33.092282891661235,6.162134882026513,408.09999999999997,2018,11022.00064884087,0.9448468189815784,0.0361065588090327,14.0,29.0,7170.71,76.0,656.0,291.0,6.0,0.1596735843685767,Moderate,Critical,0.0,1.0,2018.0
813,Vakathanam Gramapanchayath,gram_panchayat,Kottayam,27.09190047216716,6.103074035221168,384.0,2018,9008.89797520891,0.9396106341375414,0.03246519325244895,14.0,29.0,7170.71,76.0,656.0,291.0,6.0,0.1596735843685767,Moderate,Critical,0.0,1.0,2018.0
814,Karukachal Gramapanchayath,gram_panchayat,Kottayam,52.40212508454375,6.589175999245276,384.0,2018,12216.90845288265,0.9574946938921622,0.025039502158306307,14.0,29.0,7170.71,76.0,656.0,291.0,6.0,0.1596735843685767,Moderate,Critical,0.0,1.0,2018.0
815,Nedumkunnam Grampanchayath,gram_panchayat,Kottayam,68.6038190825584,7.546783829807765,331.4,2018,9771.244283764561,0.9740125494602502,0.014854142858543268,14.0,29.0,7170.71,76.0,656.0,291.0,6.0,0.1596735843685767,Moderate,Critical,0.0,1.0,2018.0
816,Kangazha Gramapanchayath,gram_panchayat,Kottayam,87.6963172592539,7.602371585527798,331.4,2018,6745.864986275629,0.9784568433280639,0.011477404383990874,14.0,29.0,7170.71,76.0,656.0,291.0,6.0,0.1596735843685767,Moderate,Critical,0.0,1.0,2018.0
817,Vellavoor Gramapanchayat,gram_panchayat,Kottayam,64.57307953293333,8.015054269425008,357.2,2018,3346.4747799621928,0.9802379033321996,0.003974054520011399,14.0,29.0,7170.71,76.0,656.0,291.0,6.0,0.1596735843685767,Moderate,Critical,0.0,1.0,2018.0
818,Manimala Gramapanchayath,gram_panchayat,Kottayam,90.56448369812723,9.767030316791926,432.8,2018,3994.3517806847053,0.9796476472977358,0.006059428724822021,14.0,29.0,7170.71,76.0,656.0,291.0,6.0,0.1596735843685767,Moderate,Critical,0.0,1.0,2018.0
819,Erumely Gramapanchayath,gram_panchayat,Kottayam,159.12322387456513,12.753644072920567,470.1,2018,11808.781033888123,0.9822702712623593,0.00794462508348896,14.0,29.0,7170.71,76.0,656.0,291.0,6.0,0.1596735843685767,Moderate,Critical,0.0,1.0,2018.0
820,Koruthode Gramapanchayath,gram_panchayat,Kottayam,243.80527183254537,16.75869875803414,635.0,2018,14528.478491404432,0.9949291145892173,0.002388191025384793,14.0,29.0,7170.71,76.0,656.0,291.0,6.0,0.1596735843685767,Moderate,Critical,0.0,1.0,2018.0
821,Mundakayam Gramapanchayath,gram_panchayat,Kottayam,128.00665712124007,11.359797716672386,599.5,2018,12111.248868132567,0.9725676325107422,0.015663924548061307,14.0,29.0,7170.71,76.0,656.0,291.0,6.0,0.1596735843685767,Moderate,Critical,0.0,1.0,2018.0
822,Kanjirappally Grampanchayath,gram_panchayat,Kottayam,82.04726285175683,7.655168748064625,405.0,2018,9537.638781178668,0.9619729827899653,0.02368434759603251,14.0,29.0,7170.71,76.0,656.0,291.0,6.0,0.1596735843685767,Moderate,Critical,0.0,1.0,2018.0
823,Parathodu Gramapanchayath,gram_panchayat,Kottayam,159.81861895112255,12.418915131816904,699.9,2018,11657.724568597916,0.9742272606041389,0.01303046460064403,14.0,29.0,7170.71,76.0,656.0,291.0,6.0,0.1596735843685767,Moderate,Critical,0.0,1.0,2018.0
824,Koottickal Gramapanchayath,gram_panchayat,Kottayam,449.558739176776,21.895285272501383,699.9,2018,6628.899527579282,0.9039428389912234,0.004581400905037373,14.0,29.0,7170.71,76.0,656.0,291.0,6.0,0.1596735843685767,Moderate,Critical,0.0,1.0,2018.0
825,Chirakkadavu Gramapanchayath,gram_panchayat,Kottayam,80.96037026746286,7.625007904181716,405.0,2018,5846.996749529646,0.9753924212498022,0.018059802422260244,14.0,29.0,7170.71,76.0,656.0,291.0,6.0,0.1596735843685767,Moderate,Critical,0.0,1.0,2018.0
826,Elikkulam Gramapanchayath,gram_panchayat,Kottayam,93.29772827346265,7.696151193033818,420.6,2018,14230.035165443667,0.9850082336500661,0.00866095632169409,14.0,29.0,7170.71,76.0,656.0,291.0,6.0,0.1596735843685767,Moderate,Critical,0.0,1.0,2018.0
827,Vazhoor Grampanchayat,gram_panchayat,Kottayam,86.49393963362057,8.022035907945504,331.4,2018,8286.404634747,0.9743082914690087,0.01577694264539978,14.0,29.0,7170.71,76.0,656.0,291.0,6.0,0.1596735843685767,Moderate,Critical,0.0,1.0,2018.0
828,Thiruvarppu Gramapanchayat,gram_panchayat,Kottayam,3.0927628871053137,2.263895621840381,437.20000000000005,2018,2246.919937620252,0.7498581212201125,0.018172284905886675,14.0,29.0,7170.71,76.0,656.0,291.0,6.0,0.1596735843685767,Moderate,Critical,0.0,1.0,2018.0
829,Alappad Grama Panchayat,gram_panchayat,Alappuzha,7.179126785447893,2.7405085444897455,328.3,2018,106.85939098296426,0.5879573609910684,0.05590554638082019,43.0,0.0,12095.55,2075.0,18990.0,241.0,121.0,0.5653442000160468,Critical,Low,1.0,0.0,2018.0
830,Kulasekharapuram Grama Panchayat,gram_panchayat,Kollam,12.217353734274363,2.4236103245847684,328.3,2018,2334.664877028365,0.9386780511779448,0.05382251631472284,5.0,2.0,869.73,95.0,1338.0,340.0,48.0,0.0980183986355041,Moderate,Moderate,0.0,0.0,2018.0
831,Oachira Gramapanchayath,gram_panchayat,Kollam,14.385336888978914,2.5125208543979687,328.3,2018,3806.274985408913,0.9382009322387647,0.05305227505538791,5.0,2.0,869.73,95.0,1338.0,340.0,48.0,0.0980183986355041,Moderate,Moderate,0.0,0.0,2018.0
832,Clappana Gramapanchayat,gram_panchayat,Kollam,9.082014939451966,2.43107096560456,328.3,2018,1243.4094729656856,0.874852580689479,0.04541443721470059,5.0,2.0,869.73,95.0,1338.0,340.0,48.0,0.0980183986355041,Moderate,Moderate,0.0,0.0,2018.0
833,Karunagappally,municipality,Kollam,10.243061805887894,2.426257858248246,300.3,2018,1000.0875504434971,0.8424246100546815,0.09348689605362172,5.0,2.0,869.73,95.0,1338.0,340.0,48.0,0.0980183986355041,Moderate,Moderate,0.0,0.0,2018.0
834,Thodiyoor Grama Panchayat,gram_panchayat,Kollam,12.831667543652241,2.627722794847793,300.3,2018,1222.3999532385326,0.8587544194042729,0.05914912365919161,5.0,2.0,869.73,95.0,1338.0,340.0,48.0,0.0980183986355041,Moderate,Moderate,0.0,0.0,2018.0
835,Thazhava Grama Panchayat,gram_panchayat,Kollam,14.302985965489135,2.7436486583631394,280.7,2018,2256.799833930494,0.8844318686340185,0.02965051517050637,5.0,2.0,869.73,95.0,1338.0,340.0,48.0,0.0980183986355041,Moderate,Moderate,0.0,0.0,2018.0
836,Panmana Gramapanchayath,gram_panchayat,Kollam,11.637495450813782,2.4461979569170724,300.3,2018,1041.3415946236319,0.7908247396009165,0.08454080441885795,5.0,2.0,869.73,95.0,1338.0,340.0,48.0,0.0980183986355041,Moderate,Moderate,0.0,0.0,2018.0
837,Thevalakkara Gramapanchayat,gram_panchayat,Kollam,17.036165346737658,2.942583306114025,262.1,2018,1221.665477881803,0.8277807043189636,0.03681331968602504,5.0,2.0,869.73,95.0,1338.0,340.0,48.0,0.0980183986355041,Moderate,Moderate,0.0,0.0,2018.0
838,Chavara Gramapanchayath,gram_panchayat,Kollam,12.083208942660558,2.5227049663317724,300.3,2018,926.7913765809615,0.8677311521948579,0.07595073171819053,5.0,2.0,869.73,95.0,1338.0,340.0,48.0,0.0980183986355041,Moderate,Moderate,0.0,0.0,2018.0
839,Thekkumbhagam Gramapanchayath,gram_panchayat,Kollam,6.844667928142597,1.5488068727365671,238.1,2018,94.13766015543314,0.3498663656078428,0.01109402560527926,5.0,2.0,869.73,95.0,1338.0,340.0,48.0,0.0980183986355041,Moderate,Moderate,0.0,0.0,2018.0
840,Neendakara Gramapanchayat,gram_panchayat,Kollam,6.681834281474153,2.2131928196423956,238.1,2018,239.78561861455387,0.5816570318629313,0.15044803559486342,5.0,2.0,869.73,95.0,1338.0,340.0,48.0,0.0980183986355041,Moderate,Moderate,0.0,0.0,2018.0
841,Sooranad North Grama Panchayat,gram_panchayat,Kollam,19.805900791420743,3.6566837734002315,280.7,2018,1588.7838397646244,0.9281783519320126,0.014682367246809321,5.0,2.0,869.73,95.0,1338.0,340.0,48.0,0.0980183986355041,Moderate,Moderate,0.0,0.0,2018.0
842,Sooranad South Grama Panchayat,gram_panchayat,Kollam,18.613830704649548,3.1956790113182434,280.7,2018,1658.0666378155395,0.9242968833713595,0.017816963520850965,5.0,2.0,869.73,95.0,1338.0,340.0,48.0,0.0980183986355041,Moderate,Moderate,0.0,0.0,2018.0
843,Sasthamcotta Gramapanchayath,gram_panchayat,Kollam,22.793638205423115,4.175486154590777,262.1,2018,742.5898681261604,0.8023690964885368,0.03576926601760297,5.0,2.0,869.73,95.0,1338.0,340.0,48.0,0.0980183986355041,Moderate,Moderate,0.0,0.0,2018.0
844,Mynagappally Grama Panchayat,gram_panchayat,Kollam,16.602148351333536,3.2433343145452973,262.1,2018,1611.130692120142,0.897862794097648,0.03063403295832702,5.0,2.0,869.73,95.0,1338.0,340.0,48.0,0.0980183986355041,Moderate,Moderate,0.0,0.0,2018.0
845,West Kallada Gramapanchayat,gram_panchayat,Kollam,7.859344942077495,3.501833646920008,262.1,2018,315.47681104323965,0.7087179685589982,0.012562745932278909,5.0,2.0,869.73,95.0,1338.0,340.0,48.0,0.0980183986355041,Moderate,Moderate,0.0,0.0,2018.0
846,East Kallada Gramapanchayat,gram_panchayat,Kollam,13.346227509112586,3.83870998938894,277.9,2018,414.80122986117914,0.7866815952441756,0.02628551027490304,5.0,2.0,869.73,95.0,1338.0,340.0,48.0,0.0980183986355041,Moderate,Moderate,0.0,0.0,2018.0
847,Munroethuruth Grama Panchayat,gram_panchayat,Kollam,5.010074022080211,1.7853977168869763,238.1,2018,118.62354614069017,0.3938330466659859,0.007033894571605289,5.0,2.0,869.73,95.0,1338.0,340.0,48.0,0.0980183986355041,Moderate,Moderate,0.0,0.0,2018.0
848,Perayam Gramapanchayath,gram_panchayat,Kollam,16.23109978109299,4.107562665428435,238.1,2018,168.86914257718925,0.4934504078517405,0.01797466823386227,5.0,2.0,869.73,95.0,1338.0,340.0,48.0,0.0980183986355041,Moderate,Moderate,0.0,0.0,2018.0
849,Kundara Gramapanchayath,gram_panchayat,Kollam,37.24119616944799,5.476139384804575,282.3,2018,1647.576991146646,0.9188470368137364,0.045681439020838044,5.0,2.0,869.73,95.0,1338.0,340.0,48.0,0.0980183986355041,Moderate,Moderate,0.0,0.0,2018.0
850,Thrikkaruva Gramapanchayath,gram_panchayat,Kollam,7.862295254979281,1.8760818724651445,238.1,2018,124.64053531243287,0.35689150662489005,0.021823250323496877,5.0,2.0,869.73,95.0,1338.0,340.0,48.0,0.0980183986355041,Moderate,Moderate,0.0,0.0,2018.0
851,Panayam Gramapanchayath,gram_panchayat,Kollam,15.421665446424619,3.350791126544627,238.1,2018,429.08808858722716,0.7168827233844846,0.04615648548418284,5.0,2.0,869.73,95.0,1338.0,340.0,48.0,0.0980183986355041,Moderate,Moderate,0.0,0.0,2018.0
852,Perinad Gramapanchayath,gram_panchayat,Kollam,21.582184521035632,3.9307890460321304,238.1,2018,546.2057370854442,0.6443969699590965,0.05117136042904981,5.0,2.0,869.73,95.0,1338.0,340.0,48.0,0.0980183986355041,Moderate,Moderate,0.0,0.0,2018.0
853,Elampalloor Grama Panchayat,gram_panchayat,Kollam,38.75203135872982,4.081328851153714,282.3,2018,1430.9895576745764,0.8642954715776614,0.11892784858926818,5.0,2.0,869.73,95.0,1338.0,340.0,48.0,0.0980183986355041,Moderate,Moderate,0.0,0.0,2018.0
854,Kottamkara Grama Panchayat,gram_panchayat,Kollam,29.415825613275413,3.790728620525935,217.79999999999998,2018,2466.9870658985237,0.8256722708745263,0.1606270009148973,5.0,2.0,869.73,95.0,1338.0,340.0,48.0,0.0980183986355041,Moderate,Moderate,0.0,0.0,2018.0
855,Thrikkovilvattom Gramapanchayat,gram_panchayat,Kollam,24.972817475062527,3.5995794365201927,217.79999999999998,2018,2784.292390105369,0.8387459871407787,0.12545527528417597,5.0,2.0,869.73,95.0,1338.0,340.0,48.0,0.0980183986355041,Moderate,Moderate,0.0,0.0,2018.0
856,Nedumbana Gramapanchayath,gram_panchayat,Kollam,28.83695549348994,5.090813234938892,279.8,2018,1347.8054471348162,0.8864116553615522,0.039884790779322755,5.0,2.0,869.73,95.0,1338.0,340.0,48.0,0.0980183986355041,Moderate,Moderate,0.0,0.0,2018.0
857,Adichanalloor Gramapanchayat,gram_panchayat,Kollam,25.645078310798688,4.46254506119939,279.8,2018,1009.9886490398736,0.783594717659158,0.0717391065270937,5.0,2.0,869.73,95.0,1338.0,340.0,48.0,0.0980183986355041,Moderate,Moderate,0.0,0.0,2018.0
858,Mayyanad Grama Panchayat,gram_panchayat,Kollam,21.21191359743358,2.8321998695327903,217.79999999999998,2018,1254.8379202189383,0.7613585532621896,0.13196314313725246,5.0,2.0,869.73,95.0,1338.0,340.0,48.0,0.0980183986355041,Moderate,Moderate,0.0,0.0,2018.0
859,Paravoor,municipality,Kollam,19.395864864258396,3.1470219353227864,267.6,2018,422.327683907466,0.6646460365408484,0.061042807487656836,5.0,2.0,869.73,95.0,1338.0,340.0,48.0,0.0980183986355041,Moderate,Moderate,0.0,0.0,2018.0
860,Poothakkulam Gramapanchayath,gram_panchayat,Kollam,38.87112937162049,3.352314307920238,267.6,2018,1405.5923368812778,0.839728948234624,0.037172133199189605,5.0,2.0,869.73,95.0,1338.0,340.0,48.0,0.0980183986355041,Moderate,Moderate,0.0,0.0,2018.0
861,Chirakkara Gramapanchayath,gram_panchayat,Kollam,32.90027157433737,4.877706662456278,267.6,2018,3047.288089129519,0.8501319848551375,0.023503217189639783,5.0,2.0,869.73,95.0,1338.0,340.0,48.0,0.0980183986355041,Moderate,Moderate,0.0,0.0,2018.0
862,Chathanoor Grampanchayat,gram_panchayat,Kollam,27.933108646280154,4.3508287672759645,279.8,2018,2023.9511916971512,0.8806545252265748,0.057763710733451074,5.0,2.0,869.73,95.0,1338.0,340.0,48.0,0.0980183986355041,Moderate,Moderate,0.0,0.0,2018.0
863,Kalluvaathukkal Grama Panchayath,gram_panchayat,Kollam,49.62907350586665,6.042029811244273,267.6,2018,4065.9360877976565,0.9514325121227768,0.03469118126236622,5.0,2.0,869.73,95.0,1338.0,340.0,48.0,0.0980183986355041,Moderate,Moderate,0.0,0.0,2018.0
864,Kulakkada Gramapanchayath,gram_panchayat,Kollam,36.42976302319244,6.141417546341998,363.9,2018,2165.9291991709742,0.9253743845867344,0.02334338856314045,5.0,2.0,869.73,95.0,1338.0,340.0,48.0,0.0980183986355041,Moderate,Moderate,0.0,0.0,2018.0
865,Mylom Gramapanchayath,gram_panchayat,Kollam,44.994699717470255,7.6044943150293935,363.9,2018,5229.448614523338,0.9481833842492722,0.027196528963162353,5.0,2.0,869.73,95.0,1338.0,340.0,48.0,0.0980183986355041,Moderate,Moderate,0.0,0.0,2018.0
866,Neduvathoor Grama Panchayat,gram_panchayat,Kollam,57.15485524932602,6.888727227876118,363.9,2018,5329.644081331233,0.9571128910955846,0.025417415959852575,5.0,2.0,869.73,95.0,1338.0,340.0,48.0,0.0980183986355041,Moderate,Moderate,0.0,0.0,2018.0
867,Pavithreswaram Gramapanchayath,gram_panchayat,Kollam,27.17791530816868,5.869311067894582,277.9,2018,1407.3700444472054,0.9052153996712491,0.019043322673282643,5.0,2.0,869.73,95.0,1338.0,340.0,48.0,0.0980183986355041,Moderate,Moderate,0.0,0.0,2018.0
868,Ezhukone Gramapanchayath,gram_panchayat,Kollam,55.94956147514576,6.660123849019261,282.3,2018,4683.1657132751725,0.9455310211909673,0.04105520642802846,5.0,2.0,869.73,95.0,1338.0,340.0,48.0,0.0980183986355041,Moderate,Moderate,0.0,0.0,2018.0
869,Kottarakara,municipality,Kollam,55.14999791338748,7.246075108433033,346.8,2018,8940.6859821955,0.8653355099611919,0.11378846388839188,5.0,2.0,869.73,95.0,1338.0,340.0,48.0,0.0980183986355041,Moderate,Moderate,0.0,0.0,2018.0
870,Melila Gramapanchayath,gram_panchayat,Kollam,62.07477237621227,7.261835596871506,383.29999999999995,2018,10094.736735186876,0.9500767357672862,0.03423286630514797,5.0,2.0,869.73,95.0,1338.0,340.0,48.0,0.0980183986355041,Moderate,Moderate,0.0,0.0,2018.0
871,Vettikavala Gramapanchayath,gram_panchayat,Kollam,68.7122588473645,8.406199875587705,319.3,2018,12994.238908585803,0.969613305474718,0.017737161045989623,5.0,2.0,869.73,95.0,1338.0,340.0,48.0,0.0980183986355041,Moderate,Moderate,0.0,0.0,2018.0
872,Ummannoor Gramapanchayath,gram_panchayat,Kollam,75.72936232347375,8.216395027623992,319.3,2018,10149.193463639962,0.9651508865413323,0.02009009485863358,5.0,2.0,869.73,95.0,1338.0,340.0,48.0,0.0980183986355041,Moderate,Moderate,0.0,0.0,2018.0
873,Kareepra Gramapanchayath,gram_panchayat,Kollam,41.62648185885135,5.275371219231786,282.3,2018,4093.6872855156057,0.9620575533731844,0.02754475843365806,5.0,2.0,869.73,95.0,1338.0,340.0,48.0,0.0980183986355041,Moderate,Moderate,0.0,0.0,2018.0
874,Veliyam Gramapanchayath,gram_panchayat,Kollam,52.27690176408036,7.87466870588204,346.8,2018,5695.740026450744,0.9613382871741359,0.018692558735302508,5.0,2.0,869.73,95.0,1338.0,340.0,48.0,0.0980183986355041,Moderate,Moderate,0.0,0.0,2018.0
875,Elamadu Grama Panchayat,gram_panchayat,Kollam,77.91015301097495,7.8037520930163495,328.8,2018,6988.28633604627,0.9684088587454891,0.014943645116841176,5.0,2.0,869.73,95.0,1338.0,340.0,48.0,0.0980183986355041,Moderate,Moderate,0.0,0.0,2018.0
876,Pooyappally Grama Panchayath,gram_panchayat,Kollam,42.743553048126515,6.417622014514545,328.8,2018,3153.8858653642856,0.9525954654003992,0.024516832986459663,5.0,2.0,869.73,95.0,1338.0,340.0,48.0,0.0980183986355041,Moderate,Moderate,0.0,0.0,2018.0
877,Velinalloor Grama Panchayat,gram_panchayat,Kollam,63.526561623184406,7.0610481034793615,328.8,2018,3071.4012953658766,0.9626903817811481,0.02099433046867406,5.0,2.0,869.73,95.0,1338.0,340.0,48.0,0.0980183986355041,Moderate,Moderate,0.0,0.0,2018.0
878,Chadayamangalam Gramapanchayath,gram_panchayat,Kollam,63.0752358905637,7.999965759444009,267.9,2018,8482.132437387674,0.9579617970811886,0.01799512210250539,5.0,2.0,869.73,95.0,1338.0,340.0,48.0,0.0980183986355041,Moderate,Moderate,0.0,0.0,2018.0
879,Nilamel Gramapanchayat,gram_panchayat,Kollam,86.23153006215732,9.829297051383596,268.6,2018,10726.013770107782,0.958226356030539,0.024094873946590586,5.0,2.0,869.73,95.0,1338.0,340.0,48.0,0.0980183986355041,Moderate,Moderate,0.0,0.0,2018.0
880,Ittiva Gramapanchayath,gram_panchayat,Kollam,87.61963401935391,7.641741428622121,247.29999999999998,2018,14555.524118997737,0.970848753740442,0.008194551743510244,5.0,2.0,869.73,95.0,1338.0,340.0,48.0,0.0980183986355041,Moderate,Moderate,0.0,0.0,2018.0
881,Kadakkal Gramapanchayath,gram_panchayat,Kollam,128.02642989958966,7.9057085287653255,268.6,2018,14965.414952183266,0.957971445907909,0.028057528079466345,5.0,2.0,869.73,95.0,1338.0,340.0,48.0,0.0980183986355041,Moderate,Moderate,0.0,0.0,2018.0
882,Kummil Gramapanchayath,gram_panchayat,Kollam,115.23273023827473,7.548243577123312,263.2,2018,14899.911657594535,0.9703582294101578,0.013054965244611446,5.0,2.0,869.73,95.0,1338.0,340.0,48.0,0.0980183986355041,Moderate,Moderate,0.0,0.0,2018.0
883,Chithara Gramapanchayath,gram_panchayat,Kollam,154.38132800076326,8.693481665823397,464.4,2018,16229.279613488114,0.9541609564397974,0.014349207755925446,5.0,2.0,869.73,95.0,1338.0,340.0,48.0,0.0980183986355041,Moderate,Moderate,0.0,0.0,2018.0
884,Pattazhi Gramapanchayath,gram_panchayat,Kollam,51.09765013695577,7.8315763632542685,418.2,2018,3185.3293733498526,0.945844898621461,0.015196566271408161,5.0,2.0,869.73,95.0,1338.0,340.0,48.0,0.0980183986355041,Moderate,Moderate,0.0,0.0,2018.0
885,Talavoor Gramapanchayat,gram_panchayat,Kollam,53.309737716911194,7.847222351611667,383.29999999999995,2018,7790.636497998216,0.9593493703667573,0.01779313291306479,5.0,2.0,869.73,95.0,1338.0,340.0,48.0,0.0980183986355041,Moderate,Moderate,0.0,0.0,2018.0
886,Vilakkudy Grama Panchayat,gram_panchayat,Kollam,59.13663207160904,8.545036291981907,383.29999999999995,2018,12167.557734115746,0.930748772338789,0.0533281516140691,5.0,2.0,869.73,95.0,1338.0,340.0,48.0,0.0980183986355041,Moderate,Moderate,0.0,0.0,2018.0
887,Pathanapuram Gramapanchayath,gram_panchayat,Kollam,90.7838943295109,9.096946819906305,381.7,2018,11825.004679727528,0.9040560760654497,0.03500550202346454,5.0,2.0,869.73,95.0,1338.0,340.0,48.0,0.0980183986355041,Moderate,Moderate,0.0,0.0,2018.0
888,Piravanthur Gramapanchayat,gram_panchayat,Kollam,128.36745156675138,12.575650721396846,380.8,2018,15419.702810761526,0.9844330665134388,0.0031348696351871006,5.0,2.0,869.73,95.0,1338.0,340.0,48.0,0.0980183986355041,Moderate,Moderate,0.0,0.0,2018.0
889,Punalur,municipality,Kollam,62.05293460859859,9.478591613805072,344.4,2018,12025.499068974037,0.9085455550576415,0.06730761259105249,5.0,2.0,869.73,95.0,1338.0,340.0,48.0,0.0980183986355041,Moderate,Moderate,0.0,0.0,2018.0
890,Karavaloor Gramapanchayath,gram_panchayat,Kollam,68.92304015568271,10.157087229145963,293.6,2018,14074.900027906935,0.966919365003098,0.021415985668964025,5.0,2.0,869.73,95.0,1338.0,340.0,48.0,0.0980183986355041,Moderate,Moderate,0.0,0.0,2018.0
891,Edamulakkal Gramapanchayath,gram_panchayat,Kollam,83.67287196878554,8.33548901624913,319.3,2018,12953.795760509985,0.9633515351385261,0.02225298653306673,5.0,2.0,869.73,95.0,1338.0,340.0,48.0,0.0980183986355041,Moderate,Moderate,0.0,0.0,2018.0
892,Anchal Gramapanchayath,gram_panchayat,Kollam,87.10946682464943,7.877134525313001,293.6,2018,14532.709060583706,0.9437169236550627,0.04003246403506959,5.0,2.0,869.73,95.0,1338.0,340.0,48.0,0.0980183986355041,Moderate,Moderate,0.0,0.0,2018.0
893,Yeroor Gramapanchayath,gram_panchayat,Kollam,114.79535771418031,9.852650480070318,293.6,2018,9272.526309166844,0.9734250052794089,0.015276434947053727,5.0,2.0,869.73,95.0,1338.0,340.0,48.0,0.0980183986355041,Moderate,Moderate,0.0,0.0,2018.0
894,Alayaman Gramapanchayath,gram_panchayat,Kollam,140.0031198822078,9.651859784054516,247.29999999999998,2018,12069.107634012305,0.9630515461681745,0.01198891073676133,5.0,2.0,869.73,95.0,1338.0,340.0,48.0,0.0980183986355041,Moderate,Moderate,0.0,0.0,2018.0
895,Kulathupuzha Gramapanchayath,gram_panchayat,Kollam,434.79223025548436,15.220398480188829,522.9,2018,4571.071853855435,0.9431503781924124,0.0018196007882607345,5.0,2.0,869.73,95.0,1338.0,340.0,48.0,0.0980183986355041,Moderate,Moderate,0.0,0.0,2018.0
896,Thenmala Gramapanchayath,gram_panchayat,Kollam,226.0372023153719,16.10970999999301,419.6,2018,8077.351805362576,0.980321417105248,0.0024261681384098346,5.0,2.0,869.73,95.0,1338.0,340.0,48.0,0.0980183986355041,Moderate,Moderate,0.0,0.0,2018.0
897,Aryankavu Gramapanchayat,gram_panchayat,Kollam,422.7793450482043,20.7176861758974,365.7,2018,5878.197186981379,0.9475374603869651,0.0009987738795907586,5.0,2.0,869.73,95.0,1338.0,340.0,48.0,0.0980183986355041,Moderate,Moderate,0.0,0.0,2018.0
898,Poruvazhi Gramapanchayath,gram_panchayat,Kollam,32.742781678413,4.203905190861507,274.8,2018,2310.2312888845763,0.9602633761437559,0.01661908455647922,5.0,2.0,869.73,95.0,1338.0,340.0,48.0,0.0980183986355041,Moderate,Moderate,0.0,0.0,2018.0
899,Pattazhi Vadakkekara Gramapanchayath,gram_panchayat,Kollam,41.90731157290385,7.80938779956322,418.2,2018,3513.016961710687,0.9532045574677055,0.01512520837785873,5.0,2.0,869.73,95.0,1338.0,340.0,48.0,0.0980183986355041,Moderate,Moderate,0.0,0.0,2018.0
900,Kunnathoor Gramapanchayat,gram_panchayat,Kollam,25.48185369634062,4.955349595116692,277.9,2018,1371.1273438170965,0.9181172203039447,0.011319023234988798,5.0,2.0,869.73,95.0,1338.0,340.0,48.0,0.0980183986355041,Moderate,Moderate,0.0,0.0,2018.0
901,Pallikkal Grampanchayat,gram_panchayat,Thiruvananthapuram,49.55499275430717,7.065877392537793,310.7,2018,3504.64238023266,0.9638070975300878,0.01864165201709977,11.0,0.0,1356.96,111.0,2940.0,475.0,5.0,0.0782789327470029,Low,Low,0.0,0.0,2018.0
902,Madavoor Grampanchayat,gram_panchayat,Thiruvananthapuram,64.24863412504101,7.922994799473213,310.7,2018,7059.426166949116,0.9655785083592269,0.014109453992789185,11.0,0.0,1356.96,111.0,2940.0,475.0,5.0,0.0782789327470029,Low,Low,0.0,0.0,2018.0
903,Navaikulam Gramapanchayath,gram_panchayat,Thiruvananthapuram,59.23848600704844,5.900504648950222,310.7,2018,6739.339879743854,0.956627670217973,0.028000509303896814,11.0,0.0,1356.96,111.0,2940.0,475.0,5.0,0.0782789327470029,Low,Low,0.0,0.0,2018.0
904,Karavaram Gramapanchayath,gram_panchayat,Thiruvananthapuram,49.40053872741497,6.540963201731339,275.2,2018,4244.775406770597,0.9428949247715782,0.03880986661041227,11.0,0.0,1356.96,111.0,2940.0,475.0,5.0,0.0782789327470029,Low,Low,0.0,0.0,2018.0
905,Chemmaruthy Gramapanchayath,gram_panchayat,Thiruvananthapuram,42.20353859701558,4.799170040206413,256.8,2018,3385.677638178629,0.9554249977210892,0.03296764000285017,11.0,0.0,1356.96,111.0,2940.0,475.0,5.0,0.0782789327470029,Low,Low,0.0,0.0,2018.0
906,Elakamon Gramapanchayath,gram_panchayat,Thiruvananthapuram,33.703941702249146,4.327348211598018,256.8,2018,1738.7216622785486,0.8753179626958892,0.02624627787174145,11.0,0.0,1356.96,111.0,2940.0,475.0,5.0,0.0782789327470029,Low,Low,0.0,0.0,2018.0
907,Edava Gramapanchayath,gram_panchayat,Thiruvananthapuram,26.813202417889677,3.595253121837222,256.8,2018,594.7487063285063,0.8174601038099413,0.08556893044260158,11.0,0.0,1356.96,111.0,2940.0,475.0,5.0,0.0782789327470029,Low,Low,0.0,0.0,2018.0
908,Varkala,municipality,Thiruvananthapuram,39.14153873828077,4.878510146077633,256.8,2018,1275.2679637212802,0.8678322054315692,0.10863638770983781,11.0,0.0,1356.96,111.0,2940.0,475.0,5.0,0.0782789327470029,Low,Low,0.0,0.0,2018.0
909,Vettoor Gramapanchayath,gram_panchayat,Thiruvananthapuram,41.76562735074813,5.723968745542703,256.8,2018,961.1291999602705,0.9124172870273979,0.05895275884769203,11.0,0.0,1356.96,111.0,2940.0,475.0,5.0,0.0782789327470029,Low,Low,0.0,0.0,2018.0
910,Cherunniyoor Grampanchayat,gram_panchayat,Thiruvananthapuram,39.70650597840437,5.396670736188265,256.8,2018,1611.3133426606003,0.9078919245135999,0.053921180218888067,11.0,0.0,1356.96,111.0,2940.0,475.0,5.0,0.0782789327470029,Low,Low,0.0,0.0,2018.0
911,Ottoor Grampachayat,gram_panchayat,Thiruvananthapuram,40.52266671743145,5.159818908653572,275.2,2018,2809.439460927578,0.9414633083425296,0.04095485217129782,11.0,0.0,1356.96,111.0,2940.0,475.0,5.0,0.0782789327470029,Low,Low,0.0,0.0,2018.0
912,Manampoor Gramapanchayat,gram_panchayat,Thiruvananthapuram,28.273131082720585,5.039698936261834,275.2,2018,1813.1510177047699,0.8094171829694863,0.029883514617642517,11.0,0.0,1356.96,111.0,2940.0,475.0,5.0,0.0782789327470029,Low,Low,0.0,0.0,2018.0
913,Kilimanoor Grama Panchayath,gram_panchayat,Thiruvananthapuram,67.02868897242745,7.363065808606359,268.6,2018,9318.042239202534,0.9613695145074836,0.023877755711459694,11.0,0.0,1356.96,111.0,2940.0,475.0,5.0,0.0782789327470029,Low,Low,0.0,0.0,2018.0
914,Pazhayakunnummel Gramapanchayath,gram_panchayat,Thiruvananthapuram,68.90427919427937,10.093400722596886,220.20000000000002,2018,11216.754058092454,0.9675258711545464,0.02237091916205673,11.0,0.0,1356.96,111.0,2940.0,475.0,5.0,0.0782789327470029,Low,Low,0.0,0.0,2018.0
915,Pulimath Gramapanchayath,gram_panchayat,Thiruvananthapuram,61.45810681774033,7.540783358366394,220.20000000000002,2018,8477.392796181055,0.972171156776676,0.01540415177008662,11.0,0.0,1356.96,111.0,2940.0,475.0,5.0,0.0782789327470029,Low,Low,0.0,0.0,2018.0
916,Nagaroor Grampanchayat,gram_panchayat,Thiruvananthapuram,50.58498594823133,7.453919241229022,275.2,2018,5803.047571494797,0.9628484696531993,0.023050023519635882,11.0,0.0,1356.96,111.0,2940.0,475.0,5.0,0.0782789327470029,Low,Low,0.0,0.0,2018.0
917,Mudakkal Gramapanchayath,gram_panchayat,Thiruvananthapuram,45.07198715729326,7.085631101694121,208.1,2018,4299.20428273074,0.9566610028442816,0.02390007283011316,11.0,0.0,1356.96,111.0,2940.0,475.0,5.0,0.0782789327470029,Low,Low,0.0,0.0,2018.0
918,Attingal,municipality,Thiruvananthapuram,29.417987664653918,5.11028745909523,262.2,2018,1590.7343918089755,0.8286802874315458,0.15004506212006236,11.0,0.0,1356.96,111.0,2940.0,475.0,5.0,0.0782789327470029,Low,Low,0.0,0.0,2018.0
919,Kizhuvilam Gramapanchayat,gram_panchayat,Thiruvananthapuram,25.83999473858085,5.265932088566552,262.2,2018,2391.1659193748133,0.9298931416933532,0.04366743708301128,11.0,0.0,1356.96,111.0,2940.0,475.0,5.0,0.0782789327470029,Low,Low,0.0,0.0,2018.0
920,Vakkom Gramapanchayath,gram_panchayat,Thiruvananthapuram,18.511104864352667,2.8552692128057546,256.8,2018,444.3889656823054,0.8497554927935992,0.05268952366689636,11.0,0.0,1356.96,111.0,2940.0,475.0,5.0,0.0782789327470029,Low,Low,0.0,0.0,2018.0
921,Chirayinkeezhu Gramapanchayath,gram_panchayat,Thiruvananthapuram,14.774151189752937,3.2043384989524397,262.2,2018,600.3763085820987,0.7927118253398447,0.08126871822215968,11.0,0.0,1356.96,111.0,2940.0,475.0,5.0,0.0782789327470029,Low,Low,0.0,0.0,2018.0
922,Azhoor Grampanchayat,gram_panchayat,Thiruvananthapuram,27.152217601371174,4.700475313825304,237.5,2018,1269.2737306027338,0.9105373039521161,0.017796008365931062,11.0,0.0,1356.96,111.0,2940.0,475.0,5.0,0.0782789327470029,Low,Low,0.0,0.0,2018.0
923,Kadakkavoor Gramapanchayath,gram_panchayat,Thiruvananthapuram,25.722892261718798,4.960166269886079,262.2,2018,996.0695486952771,0.8907351829986893,0.06731530905707579,11.0,0.0,1356.96,111.0,2940.0,475.0,5.0,0.0782789327470029,Low,Low,0.0,0.0,2018.0
924,Anjuthengu Grampanchayat,gram_panchayat,Thiruvananthapuram,14.753050588272018,3.8818466410210193,256.8,2018,165.94780364265938,0.6222501860658358,0.10807492848794985,11.0,0.0,1356.96,111.0,2940.0,475.0,5.0,0.0782789327470029,Low,Low,0.0,0.0,2018.0
925,Mangalapuram Gramapanchayath,gram_panchayat,Thiruvananthapuram,38.37104209546203,4.787257343610925,237.5,2018,2915.1983550917453,0.9146689583816449,0.04028503015303462,11.0,0.0,1356.96,111.0,2940.0,475.0,5.0,0.0782789327470029,Low,Low,0.0,0.0,2018.0
926,Pothencode Gramapanchayath,gram_panchayat,Thiruvananthapuram,57.225269616328106,6.0503193212448485,203.3,2018,6133.472888790827,0.9471419283872605,0.03811650142226596,11.0,0.0,1356.96,111.0,2940.0,475.0,5.0,0.0782789327470029,Low,Low,0.0,0.0,2018.0
927,Andoorkonam Grampanchayat,gram_panchayat,Thiruvananthapuram,27.966698531491808,4.1102506601088304,237.5,2018,2717.983225832839,0.8891163588676955,0.0788546161079284,11.0,0.0,1356.96,111.0,2940.0,475.0,5.0,0.0782789327470029,Low,Low,0.0,0.0,2018.0
928,Kadinamkulam Gramapanchayath,gram_panchayat,Thiruvananthapuram,9.567064585579,3.273970689161208,237.5,2018,665.3226821223157,0.6497236797014165,0.13355895779667204,11.0,0.0,1356.96,111.0,2940.0,475.0,5.0,0.0782789327470029,Low,Low,0.0,0.0,2018.0
929,Pangode Gramapanchayath,gram_panchayat,Thiruvananthapuram,109.99608173089648,8.20968482191258,263.8,2018,17816.361965032953,0.984035669563914,0.009041651545632828,11.0,0.0,1356.96,111.0,2940.0,475.0,5.0,0.0782789327470029,Low,Low,0.0,0.0,2018.0
930,Peringamala Gramapanchayath,gram_panchayat,Thiruvananthapuram,386.64507174156853,15.820407055038265,473.90000000000003,2018,12279.795577004916,0.969067705811946,0.001133780015384177,11.0,0.0,1356.96,111.0,2940.0,475.0,5.0,0.0782789327470029,Low,Low,0.0,0.0,2018.0
931,Vithura Gramapanchayath,gram_panchayat,Thiruvananthapuram,345.61948643628904,13.919594496867653,423.2,2018,4169.103263695716,0.9449324747735077,0.004557780889623474,11.0,0.0,1356.96,111.0,2940.0,475.0,5.0,0.0782789327470029,Low,Low,0.0,0.0,2018.0
932,Aryanad Gramapanchayath,gram_panchayat,Thiruvananthapuram,106.0758439922751,8.420335462564548,352.6,2018,4310.972800415451,0.9758252359729859,0.00995812928398,11.0,0.0,1356.96,111.0,2940.0,475.0,5.0,0.0782789327470029,Low,Low,0.0,0.0,2018.0
933,Vellanad Gramapanchayat,gram_panchayat,Thiruvananthapuram,81.21539209138244,7.555940457530759,225.6,2018,3348.3300109443953,0.96086787433499,0.019381253251470065,11.0,0.0,1356.96,111.0,2940.0,475.0,5.0,0.0782789327470029,Low,Low,0.0,0.0,2018.0
934,Uzhamalakkal Gramapanchayath,gram_panchayat,Thiruvananthapuram,100.57367097892622,9.002924393337674,352.6,2018,4967.727979100351,0.96755286822065,0.017886356448157135,11.0,0.0,1356.96,111.0,2940.0,475.0,5.0,0.0782789327470029,Low,Low,0.0,0.0,2018.0
935,Tholicode Gramapanchayath,gram_panchayat,Thiruvananthapuram,143.50307136822093,9.436318284606465,423.2,2018,7930.859657352467,0.9794808769623176,0.01268126153216176,11.0,0.0,1356.96,111.0,2940.0,475.0,5.0,0.0782789327470029,Low,Low,0.0,0.0,2018.0
936,Nanniyode Gramapanchayath,gram_panchayat,Thiruvananthapuram,109.46112526488011,8.921374629403633,423.2,2018,13280.687919142982,0.9864003469717931,0.007147487860048176,11.0,0.0,1356.96,111.0,2940.0,475.0,5.0,0.0782789327470029,Low,Low,0.0,0.0,2018.0
937,Kallara Grampanchayat,gram_panchayat,Thiruvananthapuram,101.07869909674376,9.517795960614754,263.8,2018,14402.891007508859,0.9786892796389729,0.014217901320133567,11.0,0.0,1356.96,111.0,2940.0,475.0,5.0,0.0782789327470029,Low,Low,0.0,0.0,2018.0
938,Vamanapuram Gramapanchayath,gram_panchayat,Thiruvananthapuram,79.69102815083804,9.71246203741338,220.20000000000002,2018,10682.000814704852,0.9809766053257633,0.009646213579093564,11.0,0.0,1356.96,111.0,2940.0,475.0,5.0,0.0782789327470029,Low,Low,0.0,0.0,2018.0
939,Nellanad Gramapanchayath,gram_panchayat,Thiruvananthapuram,64.67358399772304,7.777215308356328,208.1,2018,8293.698146843633,0.9332759797339897,0.047935822963798266,11.0,0.0,1356.96,111.0,2940.0,475.0,5.0,0.0782789327470029,Low,Low,0.0,0.0,2018.0
940,Pullampara Gramapanchayath,gram_panchayat,Thiruvananthapuram,76.41386394986868,10.218310238629806,226.8,2018,12746.023454233933,0.9806288102741559,0.007864691555683263,11.0,0.0,1356.96,111.0,2940.0,475.0,5.0,0.0782789327470029,Low,Low,0.0,0.0,2018.0
941,Manickal Gramapanchayath,gram_panchayat,Thiruvananthapuram,73.97926908323355,7.829403765124196,208.1,2018,10095.193299000382,0.9578429916089225,0.02318331802271929,11.0,0.0,1356.96,111.0,2940.0,475.0,5.0,0.0782789327470029,Low,Low,0.0,0.0,2018.0
942,Vembayam Gramapanchayat,gram_panchayat,Thiruvananthapuram,102.10141768698271,9.698174477301993,203.3,2018,9794.78923226547,0.9528383582426204,0.027887411960873687,11.0,0.0,1356.96,111.0,2940.0,475.0,5.0,0.0782789327470029,Low,Low,0.0,0.0,2018.0
943,Panavoor Gramapanchayat,gram_panchayat,Thiruvananthapuram,93.76805945453468,9.874520607542278,226.8,2018,11539.60890816374,0.98095919037723,0.008065876855549502,11.0,0.0,1356.96,111.0,2940.0,475.0,5.0,0.0782789327470029,Low,Low,0.0,0.0,2018.0
944,Anad Gramapanchayath,gram_panchayat,Thiruvananthapuram,105.3743468961008,8.998186953457369,201.8,2018,7898.387252300575,0.9699442236375622,0.018056658658093867,11.0,0.0,1356.96,111.0,2940.0,475.0,5.0,0.0782789327470029,Low,Low,0.0,0.0,2018.0
945,Nedumangad,municipality,Thiruvananthapuram,89.95077933909114,8.847267666612067,201.8,2018,5469.697597908991,0.9238496665676829,0.06113824540562316,11.0,0.0,1356.96,111.0,2940.0,475.0,5.0,0.0782789327470029,Low,Low,0.0,0.0,2018.0
946,Karakulam Gramapanchayath,gram_panchayat,Thiruvananthapuram,77.89164317541392,8.511218439616528,201.8,2018,5984.221047247839,0.9121640489260114,0.0761628993125673,11.0,0.0,1356.96,111.0,2940.0,475.0,5.0,0.0782789327470029,Low,Low,0.0,0.0,2018.0
947,Aruvikkara Gramapanchayath,gram_panchayat,Thiruvananthapuram,73.32098135842838,9.33622421396892,176.2,2018,2062.2614573298333,0.9371532056682104,0.03814784198646288,11.0,0.0,1356.96,111.0,2940.0,475.0,5.0,0.0782789327470029,Low,Low,0.0,0.0,2018.0
948,Kuttichal Grampanchayat,gram_panchayat,Thiruvananthapuram,450.29937016051645,16.37278959846392,494.5,2018,3743.733915849767,0.9529077174492091,0.00194923223907157,11.0,0.0,1356.96,111.0,2940.0,475.0,5.0,0.0782789327470029,Low,Low,0.0,0.0,2018.0
949,Kallikkadu Gramapanchayath,gram_panchayat,Thiruvananthapuram,311.8150013321606,15.044201108608236,373.3,2018,2276.0252579442767,0.890843373301541,0.0024541822524188576,11.0,0.0,1356.96,111.0,2940.0,475.0,5.0,0.0782789327470029,Low,Low,0.0,0.0,2018.0
950,Amboori Gramapanchayath,gram_panchayat,Thiruvananthapuram,178.01998212465497,15.045135953622687,373.3,2018,1485.4040244227995,0.9200628901161911,0.0032221572072522494,11.0,0.0,1356.96,111.0,2940.0,475.0,5.0,0.0782789327470029,Low,Low,0.0,0.0,2018.0
951,Ottasekaramangalam Gramapanchayath,gram_panchayat,Thiruvananthapuram,80.25926352676983,8.212802875947355,277.3,2018,3916.263769548371,0.986678314085528,0.006704497720872202,11.0,0.0,1356.96,111.0,2940.0,475.0,5.0,0.0782789327470029,Low,Low,0.0,0.0,2018.0
952,Vellarada Gramapanchayath,gram_panchayat,Thiruvananthapuram,121.5552658017363,9.122988194798534,277.3,2018,4491.957478459251,0.9742294548889936,0.011825586445085943,11.0,0.0,1356.96,111.0,2940.0,475.0,5.0,0.0782789327470029,Low,Low,0.0,0.0,2018.0
953,Aryancode Gramapanchayath,gram_panchayat,Thiruvananthapuram,79.9825871599831,8.557190878176838,277.3,2018,7156.398322504542,0.9865029667320504,0.006354664973469948,11.0,0.0,1356.96,111.0,2940.0,475.0,5.0,0.0782789327470029,Low,Low,0.0,0.0,2018.0
954,Kattakada Gramapanchayath,gram_panchayat,Thiruvananthapuram,76.21842633488305,6.575112323457371,177.7,2018,7049.245440416941,0.9559094329372705,0.0362088162092,11.0,0.0,1356.96,111.0,2940.0,475.0,5.0,0.0782789327470029,Low,Low,0.0,0.0,2018.0
955,Poovachal Gramapanchayath,gram_panchayat,Thiruvananthapuram,94.3922002494352,7.672785586431997,225.6,2018,5262.755273092625,0.9778503139839816,0.016045524036357554,11.0,0.0,1356.96,111.0,2940.0,475.0,5.0,0.0782789327470029,Low,Low,0.0,0.0,2018.0
956,Vilappil Gramapanchayat,gram_panchayat,Thiruvananthapuram,65.62825454524206,8.298856262659923,176.2,2018,5164.733346690373,0.9486120589236617,0.04164994954329419,11.0,0.0,1356.96,111.0,2940.0,475.0,5.0,0.0782789327470029,Low,Low,0.0,0.0,2018.0
957,Vilavoorkkal Gramapanchayat,gram_panchayat,Thiruvananthapuram,35.148499501139035,5.857301084371245,168.3,2018,2652.9331739723266,0.8747469122777669,0.11743213560201336,11.0,0.0,1356.96,111.0,2940.0,475.0,5.0,0.0782789327470029,Low,Low,0.0,0.0,2018.0
958,Maranalloor Gramapanchayat,gram_panchayat,Thiruvananthapuram,67.07224428177284,6.420870470248907,177.7,2018,7608.319465314635,0.9640340069679477,0.023635167624125354,11.0,0.0,1356.96,111.0,2940.0,475.0,5.0,0.0782789327470029,Low,Low,0.0,0.0,2018.0
959,Malayinkeezhu Grampanchayat,gram_panchayat,Thiruvananthapuram,51.51839432849403,6.262539515317599,168.3,2018,4506.9339086323125,0.934426535461143,0.060228403437616304,11.0,0.0,1356.96,111.0,2940.0,475.0,5.0,0.0782789327470029,Low,Low,0.0,0.0,2018.0
960,Pallichal Gramapanchayat,gram_panchayat,Thiruvananthapuram,59.469715481819335,7.054462228589015,168.3,2018,2944.062298100923,0.9057925859881836,0.07321155096807332,11.0,0.0,1356.96,111.0,2940.0,475.0,5.0,0.0782789327470029,Low,Low,0.0,0.0,2018.0
961,Kalliyoor Gramapanchayath,gram_panchayat,Thiruvananthapuram,31.84951651658057,5.164063054366767,153.4,2018,1026.580728222318,0.8258114814309715,0.04520484186385386,11.0,0.0,1356.96,111.0,2940.0,475.0,5.0,0.0782789327470029,Low,Low,0.0,0.0,2018.0
962,Venganoor Gramapanchayat,gram_panchayat,Thiruvananthapuram,47.825272985518446,5.070643856390772,153.4,2018,1767.2944411853932,0.92465601984271,0.04158422389157807,11.0,0.0,1356.96,111.0,2940.0,475.0,5.0,0.0782789327470029,Low,Low,0.0,0.0,2018.0
963,Kottukal Gramapanchayat,gram_panchayat,Thiruvananthapuram,43.4210848349288,5.5539694594716735,153.4,2018,2745.2490984461983,0.9429356290753802,0.022892639532403974,11.0,0.0,1356.96,111.0,2940.0,475.0,5.0,0.0782789327470029,Low,Low,0.0,0.0,2018.0
964,Balaramapuram Gramapanchayath,gram_panchayat,Thiruvananthapuram,60.11751866952786,5.478900569253214,153.4,2018,5402.5504745969565,0.903655865566185,0.09495443011314954,11.0,0.0,1356.96,111.0,2940.0,475.0,5.0,0.0782789327470029,Low,Low,0.0,0.0,2018.0
965,Neyyattinkara,municipality,Thiruvananthapuram,40.56323586214455,6.0824875765335955,151.5,2018,4551.78117077991,0.9188246523821318,0.0731786528772644,11.0,0.0,1356.96,111.0,2940.0,475.0,5.0,0.0782789327470029,Low,Low,0.0,0.0,2018.0
966,"Athiyannur, Thiruvananthapuram",gram_panchayat,Thiruvananthapuram,49.67199740517393,4.791509463467237,151.5,2018,3496.1899329781627,0.9637242692677275,0.03380313692965905,11.0,0.0,1356.96,111.0,2940.0,475.0,5.0,0.0782789327470029,Low,Low,0.0,0.0,2018.0
967,Kanjiramkulam Gramapanchayath,gram_panchayat,Thiruvananthapuram,62.840339451639906,3.7960911454460775,153.4,2018,2356.0012516780585,0.9743874996726786,0.019007905408467484,11.0,0.0,1356.96,111.0,2940.0,475.0,5.0,0.0782789327470029,Low,Low,0.0,0.0,2018.0
968,Thirupuram Gramapanchayath,gram_panchayat,Thiruvananthapuram,44.05920587067856,3.9071956333254114,151.5,2018,1856.132816525106,0.9710167538487621,0.015624494715600856,11.0,0.0,1356.96,111.0,2940.0,475.0,5.0,0.0782789327470029,Low,Low,0.0,0.0,2018.0
969,Poovar Grampanchayat,gram_panchayat,Thiruvananthapuram,27.76252473766047,3.75665831313852,132.8,2018,1845.560277838537,0.9100006878411958,0.046446641445822806,11.0,0.0,1356.96,111.0,2940.0,475.0,5.0,0.0782789327470029,Low,Low,0.0,0.0,2018.0
970,Karumkulam Gramapanchayath,gram_panchayat,Thiruvananthapuram,35.020595915997504,4.337650163883044,132.8,2018,634.6152314491501,0.7639257649124256,0.11040814309786999,11.0,0.0,1356.96,111.0,2940.0,475.0,5.0,0.0782789327470029,Low,Low,0.0,0.0,2018.0
971,Kulathoor Grampanchayat,gram_panchayat,Thiruvananthapuram,25.388566944359987,4.567583828430945,132.8,2018,2010.93688285702,0.9074001034488072,0.043704855022204316,11.0,0.0,1356.96,111.0,2940.0,475.0,5.0,0.0782789327470029,Low,Low,0.0,0.0,2018.0
972,Karode Gramapanchayath,gram_panchayat,Thiruvananthapuram,43.1643080242634,4.978331834101573,132.8,2018,4032.378334005671,0.9511483240607022,0.038882958285595196,11.0,0.0,1356.96,111.0,2940.0,475.0,5.0,0.0782789327470029,Low,Low,0.0,0.0,2018.0
973,Parassala Gramapanchayath,gram_panchayat,Thiruvananthapuram,57.939934588973884,5.397933801856541,141.5,2018,5639.656552246979,0.9293883950578851,0.06537026393075875,11.0,0.0,1356.96,111.0,2940.0,475.0,5.0,0.0782789327470029,Low,Low,0.0,0.0,2018.0
974,Chenkal Gramapanchayat,gram_panchayat,Thiruvananthapuram,33.344765451578695,4.9953769399922185,132.8,2018,2503.7534971383525,0.9503202924030234,0.02613353577675148,11.0,0.0,1356.96,111.0,2940.0,475.0,5.0,0.0782789327470029,Low,Low,0.0,0.0,2018.0
975,Kollayil Gramapanchayath,gram_panchayat,Thiruvananthapuram,53.44076205529766,6.025827623344585,151.5,2018,5354.604031904965,0.9736918801347557,0.019849899023714732,11.0,0.0,1356.96,111.0,2940.0,475.0,5.0,0.0782789327470029,Low,Low,0.0,0.0,2018.0
976,Kunnathukal Gramapanchayat,gram_panchayat,Thiruvananthapuram,88.5476102328152,7.499166952395164,180.9,2018,7960.706479239163,0.9774607287842564,0.016567368519506916,11.0,0.0,1356.96,111.0,2940.0,475.0,5.0,0.0782789327470029,Low,Low,0.0,0.0,2018.0
977,Perumkadavila Gramapanchayath,gram_panchayat,Thiruvananthapuram,55.68760580181474,7.860054731297974,151.5,2018,7087.916368908614,0.9811864512373257,0.013686749336238042,11.0,0.0,1356.96,111.0,2940.0,475.0,5.0,0.0782789327470029,Low,Low,0.0,0.0,2018.0
978,Niranam Gramapanchayath,gram_panchayat,Pathanamthitta,4.736501678617204,2.7232183868066193,282.0,2018,1527.5514149618948,0.7599967690009986,0.017543885129569142,3.0,8.0,12085.05,741.0,32775.0,550.0,68.0,0.4433894315042411,Critical,Moderate,1.0,0.0,2018.0
979,Kadapra Gramapanchayath,gram_panchayat,Pathanamthitta,7.216841735722427,3.1625279281352836,292.7,2018,681.6356135029343,0.8102308648438364,0.04733803818432428,3.0,8.0,12085.05,741.0,32775.0,550.0,68.0,0.4433894315042411,Critical,Moderate,1.0,0.0,2018.0
980,Nedumpram Gramapanchayath,gram_panchayat,Pathanamthitta,7.820296544132213,2.8150596726633883,334.9,2018,922.1293623878508,0.8674768921842121,0.039895032145677085,3.0,8.0,12085.05,741.0,32775.0,550.0,68.0,0.4433894315042411,Critical,Moderate,1.0,0.0,2018.0
981,Peringara Gramapanchayath,gram_panchayat,Pathanamthitta,4.254207270626401,2.530384735568608,334.9,2018,3184.329241241318,0.7082472744398131,0.031065758680247784,3.0,8.0,12085.05,741.0,32775.0,550.0,68.0,0.4433894315042411,Critical,Moderate,1.0,0.0,2018.0
982,Thiruvalla,municipality,Pathanamthitta,14.0885796730254,3.966814514942922,334.9,2018,2817.319308463043,0.768422270667532,0.16498413729652964,3.0,8.0,12085.05,741.0,32775.0,550.0,68.0,0.4433894315042411,Critical,Moderate,1.0,0.0,2018.0
983,Kuttoor Gramapanchayath,gram_panchayat,Pathanamthitta,10.824140293917461,3.5672463070166347,368.3,2018,2066.966466485546,0.8828301247019608,0.04113085633421928,3.0,8.0,12085.05,741.0,32775.0,550.0,68.0,0.4433894315042411,Critical,Moderate,1.0,0.0,2018.0
984,Eraviperoor Gramapanchayath,gram_panchayat,Pathanamthitta,16.672596283874068,4.533513834306361,368.3,2018,2745.2023235485563,0.9057128767970065,0.03973417673275536,3.0,8.0,12085.05,741.0,32775.0,550.0,68.0,0.4433894315042411,Critical,Moderate,1.0,0.0,2018.0
985,Kaviyoor Gramapanchayath,gram_panchayat,Pathanamthitta,23.680622976891218,5.602552970350599,368.3,2018,3725.240192874753,0.911574228539232,0.03595342171664814,3.0,8.0,12085.05,741.0,32775.0,550.0,68.0,0.4433894315042411,Critical,Moderate,1.0,0.0,2018.0
986,Kunnanthanam Gramapanchayath,gram_panchayat,Pathanamthitta,33.85257029886043,6.0557220189558105,408.09999999999997,2018,7343.281137271184,0.9411153109817026,0.03534660687285235,3.0,8.0,12085.05,741.0,32775.0,550.0,68.0,0.4433894315042411,Critical,Moderate,1.0,0.0,2018.0
987,Kallooppara Gramapanchayath,gram_panchayat,Pathanamthitta,31.857359477789633,6.31593944816438,368.3,2018,6804.031176955877,0.9481768510629032,0.018059773749348244,3.0,8.0,12085.05,741.0,32775.0,550.0,68.0,0.4433894315042411,Critical,Moderate,1.0,0.0,2018.0
988,Anikkadu Gramapanchayath,gram_panchayat,Pathanamthitta,47.811279486577526,7.649086510269619,357.2,2018,8804.021226336836,0.9808391899717613,0.006107746856955694,3.0,8.0,12085.05,741.0,32775.0,550.0,68.0,0.4433894315042411,Critical,Moderate,1.0,0.0,2018.0
989,Mallappally Gramapanchayath,gram_panchayat,Pathanamthitta,40.46807060893139,6.616602805869705,357.2,2018,9249.212203269693,0.9498602175791936,0.02576425129609856,3.0,8.0,12085.05,741.0,32775.0,550.0,68.0,0.4433894315042411,Critical,Moderate,1.0,0.0,2018.0
990,Puramattam Gramapanchayath,gram_panchayat,Pathanamthitta,33.600038679250716,7.394606928714136,368.3,2018,6227.936673799792,0.9475163949681956,0.02176124838969846,3.0,8.0,12085.05,741.0,32775.0,550.0,68.0,0.4433894315042411,Critical,Moderate,1.0,0.0,2018.0
991,Ezhumattoor Gramapanchayath,gram_panchayat,Pathanamthitta,80.13686280637023,8.883782646720801,413.9,2018,5788.637797611848,0.9707598840911854,0.01259546399051503,3.0,8.0,12085.05,741.0,32775.0,550.0,68.0,0.4433894315042411,Critical,Moderate,1.0,0.0,2018.0
992,Kottangal Gramapanchayath,gram_panchayat,Pathanamthitta,66.42843169484429,9.347847971709513,357.2,2018,5711.460909252991,0.9718366729410874,0.007560689711795596,3.0,8.0,12085.05,741.0,32775.0,550.0,68.0,0.4433894315042411,Critical,Moderate,1.0,0.0,2018.0
993,Kottanad Gramapanchayath,gram_panchayat,Pathanamthitta,76.64247612588727,8.61013586140297,432.8,2018,5419.836760435411,0.9873108109669537,0.006091453966422442,3.0,8.0,12085.05,741.0,32775.0,550.0,68.0,0.4433894315042411,Critical,Moderate,1.0,0.0,2018.0
994,Koipram Gramapanchayath,gram_panchayat,Pathanamthitta,25.463723251770777,4.925885400888877,368.3,2018,2444.8795215614905,0.9132826122625948,0.04340779298674751,3.0,8.0,12085.05,741.0,32775.0,550.0,68.0,0.4433894315042411,Critical,Moderate,1.0,0.0,2018.0
995,Thottappuzhassery Gramapanchayath,gram_panchayat,Pathanamthitta,45.76095920717313,7.38738008557646,413.9,2018,1413.6515370583768,0.9131141618893363,0.020730429731461775,3.0,8.0,12085.05,741.0,32775.0,550.0,68.0,0.4433894315042411,Critical,Moderate,1.0,0.0,2018.0
996,Ayiroor Gramapanchayath,gram_panchayat,Pathanamthitta,61.65604988287285,8.652949100547069,413.9,2018,1978.8847847060924,0.9604710734640114,0.010621264162110748,3.0,8.0,12085.05,741.0,32775.0,550.0,68.0,0.4433894315042411,Critical,Moderate,1.0,0.0,2018.0
997,Cherukole Gramapanchayath,gram_panchayat,Pathanamthitta,59.73395943712168,9.884841228661273,460.0,2018,1430.8494053813017,0.9579304259235585,0.01049928389861062,3.0,8.0,12085.05,741.0,32775.0,550.0,68.0,0.4433894315042411,Critical,Moderate,1.0,0.0,2018.0
998,Ranni Gramapanchayath,gram_panchayat,Pathanamthitta,80.97258533484242,10.945094852013845,460.0,2018,1660.5269979555555,0.943433526069346,0.022410869166022963,3.0,8.0,12085.05,741.0,32775.0,550.0,68.0,0.4433894315042411,Critical,Moderate,1.0,0.0,2018.0
999,Ranni Angadi Gramapanchayath,gram_panchayat,Pathanamthitta,60.143519287359275,8.700756932933707,453.6,2018,3034.3105295233318,0.9673552935486034,0.014592889572941806,3.0,8.0,12085.05,741.0,32775.0,550.0,68.0,0.4433894315042411,Critical,Moderate,1.0,0.0,2018.0
1000,Ranni Pazhavangadi Gramapanchayath,gram_panchayat,Pathanamthitta,97.8384946974546,10.315698129858085,453.6,2018,4169.325440446718,0.9693531715009095,0.018075240996534146,3.0,8.0,12085.05,741.0,32775.0,550.0,68.0,0.4433894315042411,Critical,Moderate,1.0,0.0,2018.0
1001,Naranammuzhi Gramapanchayath,gram_panchayat,Pathanamthitta,95.17855051267681,11.223100293057549,376.2,2018,5990.280932340836,0.9609000204160952,0.004163536354042004,3.0,8.0,12085.05,741.0,32775.0,550.0,68.0,0.4433894315042411,Critical,Moderate,1.0,0.0,2018.0
1002,Vechoochira Gramapanchayath,gram_panchayat,Pathanamthitta,179.07637506504557,13.842580673629257,470.1,2018,9699.94303521868,0.9712353837296227,0.008021782329403279,3.0,8.0,12085.05,741.0,32775.0,550.0,68.0,0.4433894315042411,Critical,Moderate,1.0,0.0,2018.0
1003,Chittar Gramapanchayath,gram_panchayat,Pathanamthitta,291.2926233579384,17.04975949656849,412.9,2018,10228.847142244816,0.986237714536076,0.001811917997255129,3.0,8.0,12085.05,741.0,32775.0,550.0,68.0,0.4433894315042411,Critical,Moderate,1.0,0.0,2018.0
1004,Ranni Perunadu Grama Panchayat,gram_panchayat,Pathanamthitta,173.58358997752094,14.860988157088768,376.2,2018,4356.67045870125,0.9519218993249415,0.004318543647613827,3.0,8.0,12085.05,741.0,32775.0,550.0,68.0,0.4433894315042411,Critical,Moderate,1.0,0.0,2018.0
1005,Vadasserikkara Gramapanchayath,gram_panchayat,Pathanamthitta,114.69755985267888,12.847194563450572,358.7,2018,2961.4173962130017,0.9691117085863459,0.00635945549437393,3.0,8.0,12085.05,741.0,32775.0,550.0,68.0,0.4433894315042411,Critical,Moderate,1.0,0.0,2018.0
1006,Mylapra Gramapanchayath,gram_panchayat,Pathanamthitta,109.85960139205982,11.935968630953488,460.0,2018,5415.646605528098,0.966581032598316,0.023496079001793468,3.0,8.0,12085.05,741.0,32775.0,550.0,68.0,0.4433894315042411,Critical,Moderate,1.0,0.0,2018.0
1007,Malayalapuzha Gramapanchayath,gram_panchayat,Pathanamthitta,126.08182749565789,11.225230962936728,358.7,2018,6368.712008535717,0.9820181697988141,0.00695372822090819,3.0,8.0,12085.05,741.0,32775.0,550.0,68.0,0.4433894315042411,Critical,Moderate,1.0,0.0,2018.0
1008,Seethathodu Gramapanchayath,gram_panchayat,Pathanamthitta,862.1795610991701,19.413843195354655,715.5,2018,4195.406486909839,0.9439112890136472,0.0008327626558024098,3.0,8.0,12085.05,741.0,32775.0,550.0,68.0,0.4433894315042411,Critical,Moderate,1.0,0.0,2018.0
1009,Aruvappulam Gramapanchayath,gram_panchayat,Pathanamthitta,512.4826863811369,19.68438178738939,540.0,2018,11442.47155744354,0.9830349434034611,0.00024793814370494677,3.0,8.0,12085.05,741.0,32775.0,550.0,68.0,0.4433894315042411,Critical,Moderate,1.0,0.0,2018.0
1010,Thannithodu Gramapanchayath,gram_panchayat,Pathanamthitta,265.1797568911134,15.836952695450618,463.40000000000003,2018,9857.810333787149,0.9863300408305866,0.0014805561654309286,3.0,8.0,12085.05,741.0,32775.0,550.0,68.0,0.4433894315042411,Critical,Moderate,1.0,0.0,2018.0
1011,Kalanjoor Gramapanchayath,gram_panchayat,Pathanamthitta,115.49652011128433,11.716570127455395,359.0,2018,12923.862852920875,0.9596065502291625,0.011406917897611626,3.0,8.0,12085.05,741.0,32775.0,550.0,68.0,0.4433894315042411,Critical,Moderate,1.0,0.0,2018.0
1012,Pramadam Gramapanchayath,gram_panchayat,Pathanamthitta,77.66671449190996,10.564060512785813,406.6,2018,13018.934769180189,0.9620311156553711,0.017341740863800234,3.0,8.0,12085.05,741.0,32775.0,550.0,68.0,0.4433894315042411,Critical,Moderate,1.0,0.0,2018.0
1013,Konni Gramapanchayath,gram_panchayat,Pathanamthitta,92.64894775094194,10.240351481767844,377.6,2018,9748.493509086378,0.9535770158429888,0.028863596594939683,3.0,8.0,12085.05,741.0,32775.0,550.0,68.0,0.4433894315042411,Critical,Moderate,1.0,0.0,2018.0
1014,Vallikkodu Gramapanchayath,gram_panchayat,Pathanamthitta,33.22188716243181,5.246624125388063,405.09999999999997,2018,12404.415012321273,0.9412269547807767,0.021965440502456978,3.0,8.0,12085.05,741.0,32775.0,550.0,68.0,0.4433894315042411,Critical,Moderate,1.0,0.0,2018.0
1015,Omalloor Gramapanchayath,gram_panchayat,Pathanamthitta,46.329871713513164,6.858491796321082,405.09999999999997,2018,10586.006689734579,0.9373380000174502,0.04483330461268514,3.0,8.0,12085.05,741.0,32775.0,550.0,68.0,0.4433894315042411,Critical,Moderate,1.0,0.0,2018.0
1016,Pathanamthitta,municipality,Pathanamthitta,65.51530123665904,9.77063777858886,406.6,2018,8772.179165876682,0.8904748685204903,0.088116327857305,3.0,8.0,12085.05,741.0,32775.0,550.0,68.0,0.4433894315042411,Critical,Moderate,1.0,0.0,2018.0
1017,Naranganam Gramapanchayath,gram_panchayat,Pathanamthitta,90.21470969310177,11.528925863410361,460.0,2018,3693.7886614591243,0.970420585563755,0.011513456048861791,3.0,8.0,12085.05,741.0,32775.0,550.0,68.0,0.4433894315042411,Critical,Moderate,1.0,0.0,2018.0
1018,Elanthoor Gramapanchayath,gram_panchayat,Pathanamthitta,48.64080862811148,9.302002499768644,429.5,2018,5475.149841469084,0.9588697727480675,0.026368693663475797,3.0,8.0,12085.05,741.0,32775.0,550.0,68.0,0.4433894315042411,Critical,Moderate,1.0,0.0,2018.0
1019,Chenneerkara Gramapanchayath,gram_panchayat,Pathanamthitta,45.39757877238005,7.235470748371575,405.09999999999997,2018,8615.703479377118,0.9574928890116436,0.01948874199695732,3.0,8.0,12085.05,741.0,32775.0,550.0,68.0,0.4433894315042411,Critical,Moderate,1.0,0.0,2018.0
1020,Kulanada Gramapanchayath,gram_panchayat,Pathanamthitta,31.858847379052552,6.993990782689421,305.0,2018,5948.693050089192,0.9312135224159767,0.029880296478154232,3.0,8.0,12085.05,741.0,32775.0,550.0,68.0,0.4433894315042411,Critical,Moderate,1.0,0.0,2018.0
1021,Mezhuvely Gramapanchayath,gram_panchayat,Pathanamthitta,40.881018668202735,8.379891619008976,429.5,2018,5838.490520495923,0.9633310426104607,0.01763814329771136,3.0,8.0,12085.05,741.0,32775.0,550.0,68.0,0.4433894315042411,Critical,Moderate,1.0,0.0,2018.0
1022,Mallappuzhassery Gramapanchayath,gram_panchayat,Pathanamthitta,22.13767850002296,5.53097238579525,429.5,2018,2611.4493429569993,0.8411102374472311,0.028707971471885113,3.0,8.0,12085.05,741.0,32775.0,550.0,68.0,0.4433894315042411,Critical,Moderate,1.0,0.0,2018.0
1023,Kozhanchery Gramapanchayath,gram_panchayat,Pathanamthitta,24.655428465253472,5.829418574269569,429.5,2018,1079.5719110252198,0.8393681948600279,0.07263174217871499,3.0,8.0,12085.05,741.0,32775.0,550.0,68.0,0.4433894315042411,Critical,Moderate,1.0,0.0,2018.0
1024,Aranmula Gramapanchayath,gram_panchayat,Pathanamthitta,21.657261121346107,6.098437972748098,335.3,2018,1956.1227975913062,0.892474677806532,0.026447321027603256,3.0,8.0,12085.05,741.0,32775.0,550.0,68.0,0.4433894315042411,Critical,Moderate,1.0,0.0,2018.0
1025,Pandalam,municipality,Pathanamthitta,21.01947192856192,4.725693552857006,291.7,2018,3496.6919636822563,0.8413988493119271,0.05185060303826136,3.0,8.0,12085.05,741.0,32775.0,550.0,68.0,0.4433894315042411,Critical,Moderate,1.0,0.0,2018.0
1026,Thumpamon Grampanchayat,gram_panchayat,Pathanamthitta,23.080431257600015,4.6057006928499815,405.09999999999997,2018,7220.508639587323,0.9204030961741305,0.038161681309006636,3.0,8.0,12085.05,741.0,32775.0,550.0,68.0,0.4433894315042411,Critical,Moderate,1.0,0.0,2018.0
1027,Panthalam Thekkekkara Grampanchayat,gram_panchayat,Pathanamthitta,34.35083902631476,6.288770838755921,371.4,2018,9098.592697069895,0.9394814884481142,0.015621003256857892,3.0,8.0,12085.05,741.0,32775.0,550.0,68.0,0.4433894315042411,Critical,Moderate,1.0,0.0,2018.0
1028,Kodumon Gramapanchayath,gram_panchayat,Pathanamthitta,63.38081318399293,8.863133741523189,416.5,2018,11300.413099348621,0.970430130766942,0.011448107005312106,3.0,8.0,12085.05,741.0,32775.0,550.0,68.0,0.4433894315042411,Critical,Moderate,1.0,0.0,2018.0
1029,Adoor,municipality,Pathanamthitta,50.98168806591676,6.178409569050006,371.4,2018,8943.802137532693,0.9029137328578756,0.07220269006674505,3.0,8.0,12085.05,741.0,32775.0,550.0,68.0,0.4433894315042411,Critical,Moderate,1.0,0.0,2018.0
1030,Pallikkal Grampanchayat,gram_panchayat,Pathanamthitta,42.925351901274,6.896736568151297,291.7,2018,4505.681254969358,0.9616629173410125,0.008490610405740435,3.0,8.0,12085.05,741.0,32775.0,550.0,68.0,0.4433894315042411,Critical,Moderate,1.0,0.0,2018.0
1031,Kadambanad Gramapanchayath,gram_panchayat,Pathanamthitta,41.42910423827012,6.268082487135677,274.8,2018,4714.036789301555,0.9558430975693513,0.01984063309076094,3.0,8.0,12085.05,741.0,32775.0,550.0,68.0,0.4433894315042411,Critical,Moderate,1.0,0.0,2018.0
1032,Earathu Gramapanchayath,gram_panchayat,Pathanamthitta,42.69470924047874,6.553654281052108,369.2,2018,5443.5908065689455,0.9516907243337877,0.024056710067071226,3.0,8.0,12085.05,741.0,32775.0,550.0,68.0,0.4433894315042411,Critical,Moderate,1.0,0.0,2018.0
1033,Ezhamkulam Gramapanchayath,gram_panchayat,Pathanamthitta,59.267502292572324,7.4194164596039,369.2,2018,4806.159525934007,0.9532449493475071,0.02556501975640831,3.0,8.0,12085.05,741.0,32775.0,550.0,68.0,0.4433894315042411,Critical,Moderate,1.0,0.0,2018.0
1034,Enadimangalam Gramapanchayath,gram_panchayat,Pathanamthitta,79.23318292716169,9.492081693719237,418.2,2018,6532.383327793756,0.9553355216795064,0.017032380971799037,3.0,8.0,12085.05,741.0,32775.0,550.0,68.0,0.4433894315042411,Critical,Moderate,1.0,0.0,2018.0
