lsgd_id,lsgd_name,lsgd_type,district,elevation,slope,rainfall_7day_mm,event_year_x,dist_to_water_m,vegetation,builtup,fatalities,no_of_landslides,agri_crop_loss_ha,fully_damaged_houses,severely_damaged_houses,roads_damaged_km,bridges_damaged,severity_score,flood_risk_level,landslide_risk_level,flood_occurred,landslide_occurred,event_year_y,flood_area_pct,landslide_count_real,soil_texture_class,flow_accumulation,flood_occurred_real,landslide_occurred_real
1,Vorkady,gram_panchayat,Kasaragod,59.01123032785529,7.386920036335072,285.2,2018,4374.37438853404,0.9373671866490988,0.0120077780352804,,,,,,,,,,,,,,0.0466765045143912,0.0,6.0,31.22597563337573,0,0
2,Manjeswaram,gram_panchayat,Kasaragod,21.38061865331596,4.270907980949784,230.5,2018,1516.3654863938173,0.8009159869733693,0.0800759548458796,,,,,,,,,,,,,,0.0,0.0,4.0,22.96966647964591,0,0
3,Paivalike,gram_panchayat,Kasaragod,88.46524330941057,8.79888887782786,285.9,2018,7627.278746228448,0.8772753142662825,0.0132389161592969,,,,,,,,,,,,,,0.0489515873471619,0.0,6.0,45.74132286945988,0,0
4,Meenja,gram_panchayat,Kasaragod,52.72699181490389,6.329972347172848,252.0,2018,3464.459376285735,0.8502218946782496,0.0185893805031928,,,,,,,,,,,,,,0.0478335778179224,0.0,5.999999999999998,92.9983024782998,0,0
5,Mangalpaddy,gram_panchayat,Kasaragod,23.91382914072559,4.745512182350618,252.0,2018,1553.752486796696,0.8563073486120178,0.0498638137466552,,,,,,,,,,,,,,0.0823285061647822,0.0,6.000000000000003,181.9845309434641,1,0
6,Puthige,gram_panchayat,Kasaragod,63.35226039470457,7.067673175765277,313.0,2018,6559.025240488903,0.8331728019489135,0.0183546425927792,,,,,,,,,,,,,,0.0457247283767027,1.0,6.0,162.7385891617471,0,1
7,Kumbala,gram_panchayat,Kasaragod,34.247225687668774,4.896885749101608,313.0,2018,1745.5288005449825,0.7699289757683,0.0391074222932679,,,,,,,,,,,,,,0.0611032477523027,0.0,6.000000000000002,162.54515209933737,1,0
8,Enmakaje,gram_panchayat,Kasaragod,113.88652029480856,9.971823703980574,241.7,2018,13595.133291145126,0.9357836109140516,0.0067617597561695,,,,,,,,,,,,,,0.0353721391664083,1.0,6.0,71.34040101654037,0,1
9,Madhur,gram_panchayat,Kasaragod,35.767958343079094,5.175205893990116,325.7,2018,3782.342002091833,0.8758023718761023,0.0567147183086126,,,,,,,,,,,,,,0.0420872107861941,0.0,6.0,33.52963720211733,0,0
10,Mogral-Puthur,gram_panchayat,Kasaragod,22.77673297207847,3.890274769182036,325.7,2018,1067.5990571728148,0.8378297934016374,0.0401764812382319,,,,,,,,,,,,,,0.0305542294171259,0.0,6.0,19.688538058073075,0,0
11,Badiadka,gram_panchayat,Kasaragod,87.7972724270417,6.772908460949903,241.7,2018,9365.985645895977,0.8552262663008231,0.018667237525072,,,,,,,,,,,,,,0.027526277179518,0.0,6.0,28.76269616222558,0,0
12,Kumbadaje,gram_panchayat,Kasaragod,97.08632187038512,7.889728272268127,255.5,2018,8842.41492055683,0.9593801066789648,0.0049650558184043,,,,,,,,,,,,,,0.0235043735964776,1.0,6.000000000000002,21.727383630951174,0,1
13,Beloor,gram_panchayat,Kasaragod,118.9200978005273,9.23086128106539,211.6,2018,6940.782499537358,0.9794184791452896,0.0034615898676413,,,,,,,,,,,,,,0.0176778119912287,1.0,6.000000000000001,12.415113062849413,0,1
14,Chengala,gram_panchayat,Kasaragod,77.44442596953873,6.612489468759658,325.7,2018,4190.939984293186,0.8652530099476371,0.0545968584861149,,,,,,,,,,,,,,0.0563430132744972,0.0,5.9999999999999964,105.87827331244507,1,0
15,Karaduka,gram_panchayat,Kasaragod,139.5244599941391,8.35407487859702,267.9,2018,4024.11308748854,0.932251328577859,0.0092740092248831,,,,,,,,,,,,,,0.0619286632800461,1.0,6.000000000000007,100.55195414309642,1,1
16,Kasaragod,municipality,Kasaragod,23.993764175965502,4.534484795078041,325.4,2018,601.0616005928041,0.633718819137077,0.172566463276685,,,,,,,,,,,,,,0.1806766813436746,0.0,5.999999999999999,411.8065961880122,1,0
17,Chemnad,gram_panchayat,Kasaragod,46.3893854905655,6.0737188718644015,325.4,2018,1042.5674721721389,0.8195376063360975,0.0401572504343094,,,,,,,,,,,,,,0.0,0.0,6.000000000000007,621.6062123062571,0,0
18,Muliyar,gram_panchayat,Kasaragod,103.67224553424512,10.084571448236582,280.7,2018,3636.477893446525,0.9449081047560272,0.0112896947334363,,,,,,,,,,,,,,0.3644755482148334,0.0,6.0,324.075498847888,1,0
19,Bedadka,gram_panchayat,Kasaragod,128.91404121796538,10.452708567776746,280.7,2018,6103.411641314036,0.8920412564912247,0.0070654112127739,,,,,,,,,,,,,,0.0,0.0,5.999999999999993,217.91431865987204,0,0
20,Delampadi,gram_panchayat,Kasaragod,138.49746837966416,10.079704912090294,352.0,2018,3862.711452936502,0.9776414554380556,0.0018776241864105,,,,,,,,,,,,,,0.0823670574217455,0.0,5.999999999999992,189.90604244867933,1,0
21,Kuttikol,gram_panchayat,Kasaragod,180.16051658158972,11.809224076253946,354.9,2018,8086.078409489753,0.9768484541437972,0.0045342583419684,,,,,,,,,,,,,,0.0,1.0,6.000000000000003,14.666060192595308,0,1
22,Kallar,gram_panchayat,Kasaragod,163.31666044368458,13.599255797459008,356.9,2018,12646.86781838477,0.986484515761114,0.004461838332674,,,,,,,,,,,,,,0.0,0.0,6.000000000000002,75.18383050902587,0,0
23,Pananthadi,gram_panchayat,Kasaragod,289.9983029295479,16.906122405618344,379.2,2018,17573.604735604218,0.9872843396200032,0.0018325387240855,,,,,,,,,,,,,,0.0,1.0,6.000000000000003,40.87632232889831,0,1
24,Kodom-Belur,gram_panchayat,Kasaragod,132.6477798265493,11.219711746195692,356.9,2018,9339.670455544636,0.9408615191067046,0.0056190946741391,,,,,,,,,,,,,,0.0,0.0,6.000000000000001,18.793484188289867,0,0
25,Balal,gram_panchayat,Kasaragod,345.84075137475475,18.55172576193832,358.4,2018,15796.671946266766,0.9860244236020952,0.0026428167776517,,,,,,,,,,,,,,0.0,4.0,6.0,11.999591157689087,0,1
26,Kinanur-Karindalam,gram_panchayat,Kasaragod,109.01377421027918,9.723982487277912,311.0,2018,4722.18562154917,0.9000889460869592,0.0078764234767254,,,,,,,,,,,,,,0.0,2.0,6.0,119.18533667902254,0,1
27,East Eleri,gram_panchayat,Kasaragod,180.91533718222627,13.3875296973056,464.7,2018,14349.632428638246,0.9929183541638706,0.0041556367801891,,,,,,,,,,,,,,0.0,3.0,6.000000000000006,60.71373162121656,0,1
28,West Eleri,gram_panchayat,Kasaragod,152.3585207384427,14.315165776714604,395.1,2018,9830.959346201009,0.9938938860357296,0.0017765311205858,,,,,,,,,,,,,,0.0,4.0,6.0,84.72582985216982,0,1
29,Uduma,gram_panchayat,Kasaragod,33.529598304618936,4.251220941490392,325.4,2018,1975.2062016755704,0.9056453169012456,0.0380027808868928,,,,,,,,,,,,,,0.0,0.0,6.000000000000004,10.899239271774544,0,0
30,Pallikkara,gram_panchayat,Kasaragod,45.71772082000998,4.57548227109524,304.1,2018,2632.632352794133,0.816939422920951,0.0315476776487586,,,,,,,,,,,,,,0.0,1.0,6.000000000000003,29.359288397399112,0,1
31,Ajanur,gram_panchayat,Kasaragod,28.29348705202085,4.290520570719853,278.2,2018,1925.213570081952,0.8467166653347094,0.0512793020800645,,,,,,,,,,,,,,0.0,0.0,5.999999999999998,21.798333369501524,0,0
32,Pullur-Periya,gram_panchayat,Kasaragod,76.72737033609843,7.255602829739114,301.40000000000003,2018,6855.647200140271,0.8429791934313874,0.023329072111245,,,,,,,,,,,,,,0.0,0.0,6.0,60.33016856270737,0,0
33,Kanhangad,municipality,Kasaragod,20.063852695430704,3.713268839235318,278.2,2018,952.3895842324188,0.8295886209731966,0.0760560690537264,,,,,,,,,,,,,,0.0,0.0,6.000000000000002,53.231366762019846,0,0
34,Madikai,gram_panchayat,Kasaragod,63.293223623581,7.335321262114296,303.8,2018,3667.171442413015,0.848669420480035,0.0224392327266881,,,,,,,,,,,,,,0.0,1.0,6.000000000000002,53.8713478575384,0,1
35,Nileswaram,municipality,Kasaragod,23.764625732725325,4.035607384196763,313.9,2018,835.3329930724275,0.7973126625116682,0.0528223726594903,,,,,,,,,,,,,,0.0,0.0,5.9999999999999964,247.46058446783684,0,0
36,Kayyur-Chimeni,gram_panchayat,Kasaragod,66.75978257095046,7.28215707567993,295.8,2018,2495.2178277027524,0.839144948421025,0.0067498357691992,,,,,,,,,,,,,,0.0,0.0,5.999999999999998,113.49667413919784,0,0
37,Cheruvathur,gram_panchayat,Kasaragod,13.628719406204503,3.7140181936239225,323.2,2018,741.4960268997391,0.801533666689543,0.0457854459381883,,,,,,,,,,,,,,0.0,0.0,4.0,244.31143937289383,0,0
38,Pilicode,gram_panchayat,Kasaragod,27.716740215889697,4.000556541438793,323.2,2018,3262.494012778568,0.9464022927997202,0.0155632749942745,,,,,,,,,,,,,,0.0,0.0,6.000000000000002,7.250078488547115,0,0
39,Valiyaparampa,gram_panchayat,Kasaragod,5.818432307977568,3.082361995091407,332.5,2018,81.75139723521761,0.4285978371243079,0.0202421231865582,,,,,,,,,,,,,,0.0,0.0,4.0,5.91985750704988,0,0
40,Padanna,gram_panchayat,Kasaragod,8.402732323486534,2.6950760253574324,323.2,2018,698.9929673781571,0.6873578481349352,0.0885121827701391,,,,,,,,,,,,,,0.0,0.0,5.999999999999998,8.999006202440077,0,0
41,Thrikkarippur,gram_panchayat,Kasaragod,9.593240429870432,2.5491975448699757,332.5,2018,825.6679676091666,0.7895644669830891,0.0760364141224882,,,,,,,,,,,,,,0.0,0.0,4.0,39.40458683349826,0,0
42,Ramanthali,gram_panchayat,Kannur,45.83443793058508,7.024651867863906,327.8,2018,653.1857440795808,0.7856566771335686,0.049305059223579,6.0,17.0,926.53,121.0,3216.0,100.0,20.0,0.0738165066155542,Low,High,0.0,1.0,2018.0,0.0,0.0,4.0,59.31254238044027,0,0
43,Payyannur,municipality,Kannur,14.092184881284767,3.385683086817324,332.5,2018,1317.5401892778668,0.8238623227990516,0.047448423438355,6.0,17.0,926.53,121.0,3216.0,100.0,20.0,0.0738165066155542,Low,High,0.0,1.0,2018.0,0.0,0.0,6.0,127.0799366263162,0,0
44,Karvellur-Peralam,gram_panchayat,Kannur,21.072347930763264,3.74110847614916,323.2,2018,3914.55446554676,0.9565102881404844,0.0101534103087097,6.0,17.0,926.53,121.0,3216.0,100.0,20.0,0.0738165066155542,Low,High,0.0,1.0,2018.0,0.0,0.0,5.999999999999998,35.810226597271566,0,0
45,Kankol-Alappadamba,gram_panchayat,Kannur,58.11322726404352,5.270741299652915,258.0,2018,5646.1933767797855,0.8514853681168825,0.0127634523422055,6.0,17.0,926.53,121.0,3216.0,100.0,20.0,0.0738165066155542,Low,High,0.0,1.0,2018.0,0.0,0.0,6.04310485857841,12.157204870940095,0,0
46,Perongome Vayakkara,gram_panchayat,Kannur,118.0099777907112,8.806674991238388,334.9,2018,9434.814797347644,0.8737506978982468,0.0105325121945287,6.0,17.0,926.53,121.0,3216.0,100.0,20.0,0.0738165066155542,Low,High,0.0,1.0,2018.0,0.0,0.0,6.0,23.88110484881749,0,0
47,Cherupuzha,gram_panchayat,Kannur,247.8917678637185,15.49348450947981,464.7,2018,17869.02364810784,0.9878204932764244,0.0066659764107853,6.0,17.0,926.53,121.0,3216.0,100.0,20.0,0.0738165066155542,Low,High,0.0,1.0,2018.0,0.0,2.0,6.000000000000006,31.6416812959804,0,1
48,Eramam Kuttur,gram_panchayat,Kannur,84.22002786539922,7.78811483758188,306.7,2018,8329.425766193322,0.8862794163204587,0.0060462513668671,6.0,17.0,926.53,121.0,3216.0,100.0,20.0,0.0738165066155542,Low,High,0.0,1.0,2018.0,0.0,0.0,6.0,21.42921323770637,0,0
49,Kadannappally Panapuzha,gram_panchayat,Kannur,58.95034462225812,7.040088224912847,268.8,2018,4627.025200753734,0.8854179805483917,0.0102476075543234,6.0,17.0,926.53,121.0,3216.0,100.0,20.0,0.0738165066155542,Low,High,0.0,1.0,2018.0,0.0,0.0,5.999999999999999,45.68959757006533,0,0
50,Cheruthazham,gram_panchayat,Kannur,20.165511260583585,4.385223915745575,253.5,2018,1715.692605581242,0.8665058728694808,0.0370550373506122,6.0,17.0,926.53,121.0,3216.0,100.0,20.0,0.0738165066155542,Low,High,0.0,1.0,2018.0,0.0,0.0,5.999999999999998,39.76745007040717,0,0
51,Kunhimangalam,gram_panchayat,Kannur,10.209742239947854,2.933041509228065,327.8,2018,673.5241157066525,0.7548700628833938,0.038830504625844,6.0,17.0,926.53,121.0,3216.0,100.0,20.0,0.0738165066155542,Low,High,0.0,1.0,2018.0,0.0,0.0,5.999999999999998,25.703020073542707,0,0
52,Madayi,gram_panchayat,Kannur,12.81165149662451,2.808936674221842,253.5,2018,651.5303106647971,0.7010765810222461,0.1243558395975399,6.0,17.0,926.53,121.0,3216.0,100.0,20.0,0.0738165066155542,Low,High,0.0,1.0,2018.0,0.0,0.0,4.0,58.15698114175093,0,0
53,Ezhome,gram_panchayat,Kannur,15.906178330531484,4.259278922954837,253.5,2018,547.9858238947149,0.6308283005208157,0.0445840668982573,6.0,17.0,926.53,121.0,3216.0,100.0,20.0,0.0738165066155542,Low,High,0.0,1.0,2018.0,0.0,0.0,6.274527492492873,215.73606718809043,0,0
54,Udayagiri,gram_panchayat,Kannur,335.03302763686776,18.848156454454504,410.4,2018,21306.77688643836,0.9954851064674866,0.0021574764468958,6.0,17.0,926.53,121.0,3216.0,100.0,20.0,0.0738165066155542,Low,High,0.0,1.0,2018.0,0.0,1.0,6.000000000000004,37.32779811950551,0,1
55,Alakode,gram_panchayat,Kannur,185.94865066560612,14.27905174811116,410.4,2018,14554.611990602532,0.9871951425477484,0.0040491847274757,6.0,17.0,926.53,121.0,3216.0,100.0,20.0,0.0738165066155542,Low,High,0.0,1.0,2018.0,0.0,1.0,6.0,42.16502335723885,0,1
56,Chapparapadavu,gram_panchayat,Kannur,86.66332952411238,9.355050031563657,349.7,2018,6196.254922823798,0.938990479672966,0.0130246185311076,6.0,17.0,926.53,121.0,3216.0,100.0,20.0,0.0738165066155542,Low,High,0.0,1.0,2018.0,0.0,0.0,6.000000000000004,121.32190274234364,0,0
57,Thaliparambu,municipality,Kannur,44.74897672146933,5.422651055490476,232.9,2018,1272.5507509463305,0.7178012945960912,0.2054381986414956,6.0,17.0,926.53,121.0,3216.0,100.0,20.0,0.0738165066155542,Low,High,0.0,1.0,2018.0,0.0,0.0,6.000000000000006,77.87367543755212,0,0
58,Pariyaram,gram_panchayat,Kannur,56.3561842446225,6.924282901982052,232.9,2018,1676.272159050624,0.8361482880605376,0.0268111185845072,6.0,17.0,926.53,121.0,3216.0,100.0,20.0,0.0738165066155542,Low,High,0.0,1.0,2018.0,0.0,0.0,4.0,97.15097577331926,0,0
59,Pattuvam,gram_panchayat,Kannur,26.811953219906087,5.304986420224556,249.7,2018,611.1634866187521,0.7569792171042683,0.0213655531135523,6.0,17.0,926.53,121.0,3216.0,100.0,20.0,0.0738165066155542,Low,High,0.0,1.0,2018.0,0.0,0.0,5.999999999999999,75.46553330083287,0,0
60,Cherukunnu,gram_panchayat,Kannur,6.211832468178899,2.819014675968228,249.7,2018,266.41812659205954,0.5307716432278805,0.0264195689816948,6.0,17.0,926.53,121.0,3216.0,100.0,20.0,0.0738165066155542,Low,High,0.0,1.0,2018.0,0.0,0.0,4.0,177.9461817118536,0,0
61,Mattool,gram_panchayat,Kannur,6.987513916927695,2.5378347486204715,249.7,2018,215.0987113342554,0.5262221723230462,0.1113337542128557,6.0,17.0,926.53,121.0,3216.0,100.0,20.0,0.0738165066155542,Low,High,0.0,1.0,2018.0,0.0,0.0,4.0,79.76088678454073,0,0
62,Kurumathur,gram_panchayat,Kannur,62.30438952243287,6.928981441102835,317.3,2018,3593.6485670769657,0.8828073752542722,0.0291588972219315,6.0,17.0,926.53,121.0,3216.0,100.0,20.0,0.0738165066155542,Low,High,0.0,1.0,2018.0,0.0,0.0,4.0,76.76486875794319,0,0
63,Chengalayi,gram_panchayat,Kannur,81.69266794265255,7.48252655807164,317.3,2018,5083.338662267098,0.8968824558892837,0.0063430553572869,6.0,17.0,926.53,121.0,3216.0,100.0,20.0,0.0738165066155542,Low,High,0.0,1.0,2018.0,0.0,0.0,4.0,132.8176546287455,0,0
64,Naduvil,gram_panchayat,Kannur,348.1980531705424,16.7543799495438,455.5,2018,14827.721631715922,0.9769019190147836,0.0045046121514213,6.0,17.0,926.53,121.0,3216.0,100.0,20.0,0.0738165066155542,Low,High,0.0,1.0,2018.0,0.0,2.0,5.999999999999998,6.865070560482452,0,1
65,Eruvessy,gram_panchayat,Kannur,230.10671545574425,12.797887375677202,405.5,2018,13195.431188789837,0.98585151649313,0.0040938043719477,6.0,17.0,926.53,121.0,3216.0,100.0,20.0,0.0738165066155542,Low,High,0.0,1.0,2018.0,0.0,4.0,5.999999999999996,25.030414449474883,0,1
66,Payyavoor,gram_panchayat,Kannur,262.5606890876257,14.964292453512474,267.5,2018,11272.996397313238,0.983448032120666,0.0055860021725571,6.0,17.0,926.53,121.0,3216.0,100.0,20.0,0.0738165066155542,Low,High,0.0,1.0,2018.0,0.0,6.0,6.000000000000007,43.034133184362446,0,1
67,Sreekandapuram,municipality,Kannur,91.53913428140368,9.807806290197012,361.2,2018,6633.752192811465,0.9502473257470656,0.0086964938349478,6.0,17.0,926.53,121.0,3216.0,100.0,20.0,0.0738165066155542,Low,High,0.0,1.0,2018.0,0.0,0.0,4.0,104.06002768251058,0,0
68,Irikkur,gram_panchayat,Kannur,58.181309342587326,8.121972968747976,254.2,2018,1179.7806921544252,0.8914605320852799,0.0518561757479832,6.0,17.0,926.53,121.0,3216.0,100.0,20.0,0.0738165066155542,Low,High,0.0,1.0,2018.0,0.0,0.0,4.0,662.6143887781369,0,0
69,Malappattam,gram_panchayat,Kannur,44.00700631966377,7.857872960462439,335.0,2018,1571.1573324994283,0.9242361714411802,0.0052638168167337,6.0,17.0,926.53,121.0,3216.0,100.0,20.0,0.0738165066155542,Low,High,0.0,1.0,2018.0,0.0,0.0,4.0,387.7373770834215,0,0
70,Kuttiatoor,gram_panchayat,Kannur,43.80650952759246,6.259187871287348,335.0,2018,2676.727881617645,0.9559090971587072,0.0125411642352136,6.0,17.0,926.53,121.0,3216.0,100.0,20.0,0.0738165066155542,Low,High,0.0,1.0,2018.0,0.0,0.0,4.0,136.98150605792247,0,0
71,Mayyil,gram_panchayat,Kannur,29.003762850367668,5.874179675058945,335.0,2018,1574.6024555312613,0.8892207437044249,0.0146731980468268,6.0,17.0,926.53,121.0,3216.0,100.0,20.0,0.0738165066155542,Low,High,0.0,1.0,2018.0,0.0,0.0,4.0,896.6604219999201,0,0
72,Kolacherry,gram_panchayat,Kannur,23.84097672773556,4.97170341205283,277.7,2018,1166.5297710461869,0.7734440670402688,0.0396865384177572,6.0,17.0,926.53,121.0,3216.0,100.0,20.0,0.0738165066155542,Low,High,0.0,1.0,2018.0,0.0,0.0,6.338968221605508,419.5658266974832,0,0
73,Anthoor,municipality,Kannur,26.10854330545629,5.387295410641532,277.7,2018,1203.141094124136,0.8405117736560611,0.0468234610382224,6.0,17.0,926.53,121.0,3216.0,100.0,20.0,0.0738165066155542,Low,High,0.0,1.0,2018.0,0.0,0.0,6.0,148.45532589870152,0,0
74,Kannapuram,gram_panchayat,Kannur,14.807360357972316,3.96704881384034,249.7,2018,970.344721489252,0.7830441860667525,0.0215860548115153,6.0,17.0,926.53,121.0,3216.0,100.0,20.0,0.0738165066155542,Low,High,0.0,1.0,2018.0,0.0,0.0,4.0,37.310754392579454,0,0
75,Kalliasseri,gram_panchayat,Kannur,15.784686366780967,3.0195293877304263,277.7,2018,1693.4980626692934,0.8603351831444236,0.0477442468108096,6.0,17.0,926.53,121.0,3216.0,100.0,20.0,0.0738165066155542,Low,High,0.0,1.0,2018.0,0.0,0.0,4.0,3.3745297584099867,0,0
76,Azhikode,gram_panchayat,Kannur,13.675285108160798,2.7941566340014856,317.4,2018,654.7838794345291,0.7729693863969164,0.0640278528554628,6.0,17.0,926.53,121.0,3216.0,100.0,20.0,0.0738165066155542,Low,High,0.0,1.0,2018.0,0.0,0.0,4.0,1.977819334479277,0,0
77,Valapattanam,gram_panchayat,Kannur,8.230292470360602,2.897216335720953,317.4,2018,229.77731741295864,0.3292651141276413,0.2769087914135472,6.0,17.0,926.53,121.0,3216.0,100.0,20.0,0.0738165066155542,Low,High,0.0,1.0,2018.0,0.0,0.0,4.0,1163.4020596002692,0,0
78,Pappinisseri,gram_panchayat,Kannur,11.332740152160916,2.997093371435515,277.7,2018,618.3825438228259,0.6791592080667114,0.0720590343606762,6.0,17.0,926.53,121.0,3216.0,100.0,20.0,0.0738165066155542,Low,High,0.0,1.0,2018.0,0.0,0.0,4.0,664.1847990077468,0,0
79,Chirakkal,gram_panchayat,Kannur,18.052347653799732,3.7279632804508,317.4,2018,958.0522286840472,0.658407446407517,0.164486041577871,6.0,17.0,926.53,121.0,3216.0,100.0,20.0,0.0738165066155542,Low,High,0.0,1.0,2018.0,0.0,0.0,4.0,108.85728128585768,0,0
80,Narath,gram_panchayat,Kannur,12.662552086386606,3.783824893371736,317.4,2018,805.4342668673,0.6910537239479476,0.0444389016549158,6.0,17.0,926.53,121.0,3216.0,100.0,20.0,0.0738165066155542,Low,High,0.0,1.0,2018.0,0.0,0.0,5.999999999999997,248.9217356221016,0,0
81,Munderi,gram_panchayat,Kannur,24.754565359464955,4.694298189944968,356.9,2018,2598.9000907749837,0.8926022726266449,0.0344579652999668,6.0,17.0,926.53,121.0,3216.0,100.0,20.0,0.0738165066155542,Low,High,0.0,1.0,2018.0,0.0191686764267409,0.0,4.0,20.94010679509361,0,0
82,Anjarakandy,gram_panchayat,Kannur,43.228406154684,5.358604698872631,356.9,2018,6897.613319211537,0.9717417103645298,0.0147792505821567,6.0,17.0,926.53,121.0,3216.0,100.0,20.0,0.0738165066155542,Low,High,0.0,1.0,2018.0,0.0104583914594801,0.0,4.0,9.663142809428196,0,0
83,Peralassery,gram_panchayat,Kannur,24.948527280174144,4.965158757727763,333.2,2018,2414.2094142121177,0.9674797716454846,0.0120757146642724,6.0,17.0,926.53,121.0,3216.0,100.0,20.0,0.0738165066155542,Low,High,0.0,1.0,2018.0,0.0260315098638857,0.0,4.0,146.8830846554423,0,0
84,Chembilode,gram_panchayat,Kannur,38.50313639392167,5.153916833467737,333.2,2018,5021.612491400831,0.9626787807564156,0.0257730161122659,6.0,17.0,926.53,121.0,3216.0,100.0,20.0,0.0738165066155542,Low,High,0.0,1.0,2018.0,0.0189217146327186,0.0,4.0,5.666436814245443,0,0
85,Kadambur,gram_panchayat,Kannur,29.102167569635363,5.161395896534491,333.2,2018,2399.833685265461,0.9668699282518084,0.0229955081210982,6.0,17.0,926.53,121.0,3216.0,100.0,20.0,0.0738165066155542,Low,High,0.0,1.0,2018.0,0.0230084592142333,0.0,5.999999999999997,2.9108491677684523,0,0
86,Muzhappilangad,gram_panchayat,Kannur,14.50575042794182,3.800987269200196,309.2,2018,529.1675045406153,0.8395108562679672,0.0579174398723057,6.0,17.0,926.53,121.0,3216.0,100.0,20.0,0.0738165066155542,Low,High,0.0,1.0,2018.0,0.0301962376365299,0.0,5.999999999999998,102.85669975186109,0,0
87,Kannur,municipal_corporation,Kannur,22.728555351213057,4.444283092696032,286.7,2018,1736.98090996524,0.7538020441483051,0.1617418350517472,6.0,17.0,926.53,121.0,3216.0,100.0,20.0,0.0738165066155542,Low,High,0.0,1.0,2018.0,0.0225390173775716,0.0,4.0,11.82924273605045,0,0
88,Ulikkal,gram_panchayat,Kannur,145.26178707772866,11.044743351270736,302.4,2018,6963.497214992407,0.9758408710696715,0.0075852349700993,6.0,17.0,926.53,121.0,3216.0,100.0,20.0,0.0738165066155542,Low,High,0.0,1.0,2018.0,0.0,5.0,6.0,53.57077533104634,0,1
89,Padiyoor,gram_panchayat,Thrissur,110.22075867648718,8.796835233045176,267.5,2018,2944.3772612267444,0.888980723963418,0.0033894718631298,72.0,26.0,3569.25,2889.0,18241.0,598.0,41.0,0.5109015589882728,Critical,High,1.0,1.0,2018.0,0.0,0.0,4.0,164.83551441853,0,0
90,Payam,gram_panchayat,Kannur,79.0773127964404,9.565980066251612,421.7,2018,1881.8917775028,0.940914543440683,0.0107207952811278,6.0,17.0,926.53,121.0,3216.0,100.0,20.0,0.0738165066155542,Low,High,0.0,1.0,2018.0,0.0,1.0,4.0,290.8384545520258,0,1
91,Iritty,municipality,Kannur,73.14739494250652,7.668688267830836,232.9,2018,2200.505036827551,0.919497166814783,0.0179080905270294,6.0,17.0,926.53,121.0,3216.0,100.0,20.0,0.0738165066155542,Low,High,0.0,1.0,2018.0,0.0147239239932529,1.0,4.0,196.8252853759922,0,1
92,Thillankery,gram_panchayat,Kannur,118.64564596370684,9.563754651530145,286.40000000000003,2018,5748.476629859127,0.9896789950773542,0.0029462179765673,6.0,17.0,926.53,121.0,3216.0,100.0,20.0,0.0738165066155542,Low,High,0.0,1.0,2018.0,0.0155481343782185,0.0,5.999999999999996,11.969268791879763,0,0
93,Muzhakkunnu,gram_panchayat,Kannur,98.4870626201407,9.035413576306496,536.9,2018,5416.257854010088,0.9729952741562072,0.0060113483356689,6.0,17.0,926.53,121.0,3216.0,100.0,20.0,0.0738165066155542,Low,High,0.0,1.0,2018.0,0.0181694920517956,0.0,6.000000000000001,79.33265235059805,0,0
94,Peravoor,gram_panchayat,Kannur,109.32789575576165,9.08750072503383,536.9,2018,10048.692810514454,0.9832691923116302,0.0095115900063236,6.0,17.0,926.53,121.0,3216.0,100.0,20.0,0.0738165066155542,Low,High,0.0,1.0,2018.0,0.0158276156749724,0.0,4.0,19.1468608569528,0,0
95,Kanichar,gram_panchayat,Kannur,244.2237855479644,13.308760382732212,536.9,2018,14656.93280899064,0.982626488769563,0.0027333068585884,6.0,17.0,926.53,121.0,3216.0,100.0,20.0,0.0738165066155542,Low,High,0.0,1.0,2018.0,0.0315601436013997,0.0,4.0,34.26610044181565,0,0
96,Ayyankunnu,gram_panchayat,Kannur,281.6868815078768,16.426885352543835,436.0,2018,6270.545900566265,0.9808684361101444,0.003127286470881,6.0,17.0,926.53,121.0,3216.0,100.0,20.0,0.0738165066155542,Low,High,0.0,1.0,2018.0,0.0,16.0,4.0,74.96821112880706,0,1
97,Aralam,gram_panchayat,Kannur,214.97513885991611,12.259408921599796,633.8,2018,10943.657185485405,0.986733603933314,0.0019279330697652,6.0,17.0,926.53,121.0,3216.0,100.0,20.0,0.0738165066155542,Low,High,0.0,1.0,2018.0,0.0240071446767413,9.0,4.0,52.98042202287,0,1
98,Kottiyoor,gram_panchayat,Kannur,651.1388372075438,22.32400573370484,566.7,2018,20841.03278298393,0.9874792595559572,0.0007699874422139,6.0,17.0,926.53,121.0,3216.0,100.0,20.0,0.0738165066155542,Low,High,0.0,1.0,2018.0,0.0600086394970352,83.0,4.0,15.65688481298758,1,1
99,Kelakam,gram_panchayat,Kannur,274.3418766130989,13.634282646830894,694.6,2018,18419.0069402399,0.9787655751882882,0.0056370505089248,6.0,17.0,926.53,121.0,3216.0,100.0,20.0,0.0738165066155542,Low,High,0.0,1.0,2018.0,0.0508660269298126,5.0,4.0,47.01444919963371,1,1
100,Koodali,gram_panchayat,Kannur,53.63952463226601,6.98696641506593,254.2,2018,3198.868890778299,0.948278272740756,0.015027844113715,6.0,17.0,926.53,121.0,3216.0,100.0,20.0,0.0738165066155542,Low,High,0.0,1.0,2018.0,0.0184532215853018,0.0,4.0,252.1163833844954,0,0
101,Keezhallur,gram_panchayat,Kannur,66.01123584727932,6.943759542365148,258.0,2018,5879.641505585194,0.868023284127267,0.0391887869016189,6.0,17.0,926.53,121.0,3216.0,100.0,20.0,0.0738165066155542,Low,High,0.0,1.0,2018.0,0.0301738184017083,0.0,4.0,23.31763114270365,0,0
102,Mattannur,municipality,Kannur,58.068162137769285,7.61705483525259,258.0,2018,5162.038914442326,0.9481477753556458,0.020099904819192,6.0,17.0,926.53,121.0,3216.0,100.0,20.0,0.0738165066155542,Low,High,0.0,1.0,2018.0,0.0201426931930363,0.0,4.0,195.247148744796,0,0
103,Malur,gram_panchayat,Kannur,104.5533198435174,10.426200463114627,286.40000000000003,2018,9356.577114367848,0.984196736055428,0.0046641096922596,6.0,17.0,926.53,121.0,3216.0,100.0,20.0,0.0738165066155542,Low,High,0.0,1.0,2018.0,0.0162220710532987,0.0,4.0,25.22467836547989,0,0
104,Kolayad,gram_panchayat,Kannur,268.61319379490294,14.60301631470848,575.0,2018,16126.455382747188,0.9948526532931384,0.0012873246693877,6.0,17.0,926.53,121.0,3216.0,100.0,20.0,0.0738165066155542,Low,High,0.0,1.0,2018.0,0.0429217270269573,3.0,6.0,13.952012075458256,0,1
105,Triprangottoor,gram_panchayat,Kannur,140.6509160115848,10.201461641067617,391.4,2018,10668.915078755164,0.9752998361741542,0.0120697455605818,6.0,17.0,926.53,121.0,3216.0,100.0,20.0,0.0738165066155542,Low,High,0.0,1.0,2018.0,0.0194228888107739,0.0,4.0,44.71725977699323,0,0
106,Kunnothuparamba,gram_panchayat,Kannur,56.27270363650351,6.869395751647847,297.8,2018,9824.944442966727,0.9680937254623612,0.0166828000248573,6.0,17.0,926.53,121.0,3216.0,100.0,20.0,0.0738165066155542,Low,High,0.0,1.0,2018.0,0.0202670772220828,0.0,4.0,9.091459380178748,0,0
107,Pattiam,gram_panchayat,Kannur,87.26572262243364,7.905506281564301,360.5,2018,11704.378178280624,0.9472755875869208,0.0093984460378648,6.0,17.0,926.53,121.0,3216.0,100.0,20.0,0.0738165066155542,Low,High,0.0,1.0,2018.0,0.0158337097287335,0.0,5.999999999999999,15.830990903220354,0,0
108,Chittariparamba,gram_panchayat,Kannur,74.52608060177447,8.06615091853601,360.5,2018,12755.129908391791,0.9590585464990647,0.009782958325292,6.0,17.0,926.53,121.0,3216.0,100.0,20.0,0.0738165066155542,Low,High,0.0,1.0,2018.0,0.0212792518356562,0.0,4.0,42.617769101944624,0,0
109,Koothuparamba,municipality,Kannur,52.69428616493889,5.302936954219672,287.4,2018,7721.722766716701,0.9477964948369064,0.0420080621308736,6.0,17.0,926.53,121.0,3216.0,100.0,20.0,0.0738165066155542,Low,High,0.0,1.0,2018.0,0.0153916600332881,0.0,4.0,4.82762625749246,0,0
110,Mangattidam,gram_panchayat,Kannur,44.5291821284977,5.945283957741509,287.4,2018,8319.145367922887,0.9809529588620728,0.0094150003911982,6.0,17.0,926.53,121.0,3216.0,100.0,20.0,0.0738165066155542,Low,High,0.0,1.0,2018.0,0.0161819238871639,0.0,4.0,79.50665693221451,0,0
111,Vengad,gram_panchayat,Kannur,28.557321630407028,4.8980483358807145,333.2,2018,4466.444421403071,0.9712383982827476,0.0153532748054441,6.0,17.0,926.53,121.0,3216.0,100.0,20.0,0.0738165066155542,Low,High,0.0,1.0,2018.0,0.018892836316344,0.0,4.0,179.695179046956,0,0
112,Pinarayi,gram_panchayat,Kannur,22.983700731651364,3.9665112256261184,309.2,2018,1396.140319814342,0.9079770489734574,0.0158765925463879,6.0,17.0,926.53,121.0,3216.0,100.0,20.0,0.0738165066155542,Low,High,0.0,1.0,2018.0,0.027017300937873,0.0,4.0,62.63683110815347,0,0
113,Kottayam,gram_panchayat,Kannur,32.78990938272127,4.112920301122931,287.4,2018,4459.658869417476,0.948228311403953,0.0340711709349568,6.0,17.0,926.53,121.0,3216.0,100.0,20.0,0.0738165066155542,Low,High,0.0,1.0,2018.0,0.0150228932062863,0.0,4.0,8.564679423028647,0,0
114,Mokeri,gram_panchayat,Kannur,35.126395516361974,4.85887452773217,297.8,2018,7440.181671407852,0.9741294087356642,0.0142897097310717,6.0,17.0,926.53,121.0,3216.0,100.0,20.0,0.0738165066155542,Low,High,0.0,1.0,2018.0,0.0143396824617143,0.0,4.0,36.31291432323157,0,0
115,Kadirur,gram_panchayat,Kannur,23.4372666453152,4.050929760483457,309.2,2018,2938.6977312660374,0.9488830554502968,0.0404296033784243,6.0,17.0,926.53,121.0,3216.0,100.0,20.0,0.0738165066155542,Low,High,0.0,1.0,2018.0,0.0162648086395608,0.0,4.0,51.824798178233344,0,0
116,Eranholi,gram_panchayat,Kannur,21.96219352042921,4.370478359829997,309.2,2018,898.435524911986,0.8492070747297409,0.0269257443528641,6.0,17.0,926.53,121.0,3216.0,100.0,20.0,0.0738165066155542,Low,High,0.0,1.0,2018.0,0.0425293999710122,0.0,7.0,31.630316898700137,0,0
117,Dharmadam,gram_panchayat,Kannur,13.81701712177971,3.470024724351436,309.2,2018,348.00010262049153,0.7328495237330858,0.0403681648499582,6.0,17.0,926.53,121.0,3216.0,100.0,20.0,0.0738165066155542,Low,High,0.0,1.0,2018.0,0.0556115782613533,0.0,4.0,234.2493015000571,1,0
118,Thalassery,municipality,Kannur,17.104165067987218,3.967439136259436,309.2,2018,1005.0486153318188,0.7527999141684937,0.1376923196288519,6.0,17.0,926.53,121.0,3216.0,100.0,20.0,0.0738165066155542,Low,High,0.0,1.0,2018.0,0.0392953757143809,0.0,4.0,39.03616955593093,0,0
119,Panniyannur,gram_panchayat,Kannur,22.447827390682217,3.399576015918304,297.8,2018,4746.589055365259,0.9793470767045156,0.0183928419374617,6.0,17.0,926.53,121.0,3216.0,100.0,20.0,0.0738165066155542,Low,High,0.0,1.0,2018.0,0.0160120488538695,0.0,4.0,11.908027989250696,0,0
120,Chokli,gram_panchayat,Kannur,24.43793512254978,4.06156177775768,285.4,2018,2062.0722343543084,0.9359314508500822,0.0317250296440903,6.0,17.0,926.53,121.0,3216.0,100.0,20.0,0.0738165066155542,Low,High,0.0,1.0,2018.0,0.0262888536282396,0.0,4.0,96.27901113766762,0,0
121,Panoor,municipality,Kannur,25.332411048972872,4.206239192010303,285.4,2018,3857.6026978618665,0.9560971577894588,0.0227517579786494,6.0,17.0,926.53,121.0,3216.0,100.0,20.0,0.0738165066155542,Low,High,0.0,1.0,2018.0,0.024283397880167,0.0,4.0,83.55503114175185,0,0
122,New Mahe,gram_panchayat,Kannur,18.49559485556442,4.880186911267512,285.4,2018,460.4276303205564,0.7854666038801255,0.1171974070936203,6.0,17.0,926.53,121.0,3216.0,100.0,20.0,0.0738165066155542,Low,High,0.0,1.0,2018.0,0.0431895675061314,0.0,4.0,326.969477859325,0,0
123,Thondernad,gram_panchayat,Wayanad,817.8283564033461,15.83067222569762,579.1,2018,14128.697576019924,0.947145302578421,0.0041151705461192,6.0,47.0,1876.8,702.0,9250.0,565.0,9.0,0.1894941412261612,Moderate,Critical,0.0,1.0,2018.0,0.0487470156665473,17.0,6.000000000000009,13.04647800995511,0,1
124,Thavinhal,gram_panchayat,Wayanad,809.6968891666988,12.284118797762542,578.7,2018,16828.02979039175,0.9356461464524648,0.0041493750840444,6.0,47.0,1876.8,702.0,9250.0,565.0,9.0,0.1894941412261612,Moderate,Critical,0.0,1.0,2018.0,0.0390316097096695,42.0,4.0,26.28836256642031,0,1
125,Thirunelly,gram_panchayat,Wayanad,882.8534806679554,10.710238268331754,188.2,2018,8439.020772039476,0.9333086428871724,0.0018077568731558,6.0,47.0,1876.8,702.0,9250.0,565.0,9.0,0.1894941412261612,Moderate,Critical,0.0,1.0,2018.0,0.0317549759668801,62.0,4.0,50.28751866037511,0,1
126,Mananthavady,municipality,Wayanad,802.7442537021063,10.08350030893172,194.1,2018,7553.307581478309,0.8945211324517058,0.0190303070951922,6.0,47.0,1876.8,702.0,9250.0,565.0,9.0,0.1894941412261612,Moderate,Critical,0.0,1.0,2018.0,0.0346006047767662,41.0,4.0,161.92952443421507,0,1
127,Edavaka,gram_panchayat,Wayanad,750.868211942471,8.66709674494545,330.1,2018,8951.86769319107,0.9427113369147796,0.0167632622531129,6.0,47.0,1876.8,702.0,9250.0,565.0,9.0,0.1894941412261612,Moderate,Critical,0.0,1.0,2018.0,0.0267632881221876,1.0,4.0,85.36498837412395,0,1
128,Vellamunda,gram_panchayat,Wayanad,835.8821325112776,10.909248813965746,335.7,2018,6346.937591238253,0.9121330967144212,0.0136403211064044,6.0,47.0,1876.8,702.0,9250.0,565.0,9.0,0.1894941412261612,Moderate,Critical,0.0,1.0,2018.0,0.0790201166309164,7.0,4.0,37.493596324557856,1,1
129,Panamaram,gram_panchayat,Wayanad,746.6845753624691,6.985461722547703,197.0,2018,5529.701234296134,0.9346657584524902,0.0105367534861549,6.0,47.0,1876.8,702.0,9250.0,565.0,9.0,0.1894941412261612,Moderate,Critical,0.0,1.0,2018.0,0.0635703196624858,0.0,4.0,239.15865453231052,1,0
130,Padinharathara,gram_panchayat,Wayanad,905.0934036174764,14.07265816003963,536.3,2018,1883.906989430396,0.7109505444446811,0.0095622239909677,6.0,47.0,1876.8,702.0,9250.0,565.0,9.0,0.1894941412261612,Moderate,Critical,0.0,1.0,2018.0,0.1056467868108425,5.0,4.0,18.46851712386202,1,1
131,Thariode,gram_panchayat,Wayanad,877.8288830944566,14.407517700681613,536.3,2018,1640.2995256466295,0.8056389646433582,0.0029458620680865,6.0,47.0,1876.8,702.0,9250.0,565.0,9.0,0.1894941412261612,Moderate,Critical,0.0,1.0,2018.0,0.0893502314122105,22.0,4.0,14.268963599957974,1,1
132,Pozhuthana,gram_panchayat,Wayanad,956.9221893310764,14.618937850628177,381.5,2018,4620.409265271773,0.8785624899105989,0.0046676142682196,6.0,47.0,1876.8,702.0,9250.0,565.0,9.0,0.1894941412261612,Moderate,Critical,0.0,1.0,2018.0,0.0638437712139601,67.0,4.0,20.94951006236852,1,1
133,Kottathara,gram_panchayat,Wayanad,750.0310145869399,7.807258505790488,181.2,2018,7015.032765453208,0.948997183285346,0.0064850061757343,6.0,47.0,1876.8,702.0,9250.0,565.0,9.0,0.1894941412261612,Moderate,Critical,0.0,1.0,2018.0,0.0589348919308855,0.0,4.0,81.99530288285001,1,0
134,Vengappally,gram_panchayat,Wayanad,754.2173946457608,8.035293233368133,365.0,2018,7369.140392467023,0.966868755661381,0.0084890660624869,6.0,47.0,1876.8,702.0,9250.0,565.0,9.0,0.1894941412261612,Moderate,Critical,0.0,1.0,2018.0,0.0171497095783889,0.0,4.0,49.7995259796396,0,0
135,Kaniyambetta,gram_panchayat,Wayanad,746.6073425938043,6.323159221454607,181.2,2018,9122.754442678654,0.9323668206569028,0.0212961283474878,6.0,47.0,1876.8,702.0,9250.0,565.0,9.0,0.1894941412261612,Moderate,Critical,0.0,1.0,2018.0,0.0330196855051064,0.0,4.0,75.28084621451106,0,0
136,Poothadi,gram_panchayat,Wayanad,801.6501579237998,7.82960296816528,185.3,2018,10121.44800214304,0.9685500110420894,0.0052475180962899,6.0,47.0,1876.8,702.0,9250.0,565.0,9.0,0.1894941412261612,Moderate,Critical,0.0,1.0,2018.0,0.0115816133467757,0.0,4.0,30.30780752485728,0,0
137,Pulpally,gram_panchayat,Wayanad,771.1096385082917,6.083318820916345,189.9,2018,5153.237345114619,0.966096397016627,0.00893380402431,6.0,47.0,1876.8,702.0,9250.0,565.0,9.0,0.1894941412261612,Moderate,Critical,0.0,1.0,2018.0,0.0081543511571366,0.0,4.0,112.55174670830198,0,0
138,Mullankolly,gram_panchayat,Wayanad,750.197297506539,6.009782108024453,180.0,2018,2233.488344909849,0.9510173791908756,0.0039051336343311,6.0,47.0,1876.8,702.0,9250.0,565.0,9.0,0.1894941412261612,Moderate,Critical,0.0,1.0,2018.0,0.0021313602188475,0.0,4.0,377.214616719524,0,0
139,Sulthan Bathery,municipality,Wayanad,892.7029138121197,7.140438021082537,221.8,2018,14207.162806909586,0.9595577051425735,0.0116338766259273,6.0,47.0,1876.8,702.0,9250.0,565.0,9.0,0.1894941412261612,Moderate,Critical,0.0,1.0,2018.0,0.0029206159886823,0.0,4.0,29.169502133633543,0,0
140,Meenangadi,gram_panchayat,Wayanad,781.5062455350279,7.630462547303298,219.5,2018,6055.284591001004,0.9488035970398584,0.0142487697884891,6.0,47.0,1876.8,702.0,9250.0,565.0,9.0,0.1894941412261612,Moderate,Critical,0.0,1.0,2018.0,0.0121915292190934,0.0,4.0,29.7127940669374,0,0
141,Ambalavayal,gram_panchayat,Wayanad,843.3405359647662,10.260649865505608,219.5,2018,2986.6780118511774,0.8994792394256246,0.0152878379221006,6.0,47.0,1876.8,702.0,9250.0,565.0,9.0,0.1894941412261612,Moderate,Critical,0.0,1.0,2018.0,0.024890364327291,0.0,4.0,11.419391332913202,0,0
142,Nenmeni,gram_panchayat,Wayanad,903.2180484210304,8.707426225998482,286.6,2018,9766.608865988872,0.9391379901028716,0.0119740404461326,6.0,47.0,1876.8,702.0,9250.0,565.0,9.0,0.1894941412261612,Moderate,Critical,0.0,1.0,2018.0,0.0143697691688832,0.0,4.0,13.349084015424426,0,0
143,Noolpuzha,gram_panchayat,Wayanad,893.0452477958678,6.68515959591435,309.4,2018,15273.266860910931,0.9190719818199584,0.001308119928383,6.0,47.0,1876.8,702.0,9250.0,565.0,9.0,0.1894941412261612,Moderate,Critical,0.0,1.0,2018.0,0.002969870819616,0.0,4.0,85.41177731193733,0,0
144,Vythiri,gram_panchayat,Wayanad,915.8830628787586,14.9419612362216,381.5,2018,3136.5448150042066,0.9317401752785596,0.0161282898566393,6.0,47.0,1876.8,702.0,9250.0,565.0,9.0,0.1894941412261612,Moderate,Critical,0.0,1.0,2018.0,0.0044807808724688,33.0,5.999999999999998,10.67269780759907,0,1
145,Kalpetta,municipality,Wayanad,809.8823407820253,9.859861554985551,246.5,2018,7731.701719323734,0.8874554812316184,0.057688988668297,6.0,47.0,1876.8,702.0,9250.0,565.0,9.0,0.1894941412261612,Moderate,Critical,0.0,1.0,2018.0,0.0012403511855521,12.0,4.0,26.00620206381505,0,1
146,Meppadi,gram_panchayat,Wayanad,1054.296670795536,17.63312935060548,528.6,2018,7802.8021183736355,0.9002396199612491,0.006720132233618,6.0,47.0,1876.8,702.0,9250.0,565.0,9.0,0.1894941412261612,Moderate,Critical,0.0,1.0,2018.0,0.0042640472878511,18.0,6.000000000000002,11.702371219079852,0,1
147,Muttil,gram_panchayat,Wayanad,770.034634153535,7.619710834792693,219.5,2018,4779.840614604905,0.8959771451054079,0.0193301602774044,6.0,47.0,1876.8,702.0,9250.0,565.0,9.0,0.1894941412261612,Moderate,Critical,0.0,1.0,2018.0,0.0209596049398926,2.0,4.0,33.66370993831429,0,1
148,Mupainad,gram_panchayat,Wayanad,781.5529704503898,14.857639680335806,378.5,2018,5224.608296589508,0.9564812970784566,0.0070136068790742,6.0,47.0,1876.8,702.0,9250.0,565.0,9.0,0.1894941412261612,Moderate,Critical,0.0,1.0,2018.0,0.0121246918534032,2.0,4.0,21.055308865550497,0,1
149,Kozhikode,municipal_corporation,Kozhikode,19.884503994621543,3.818810123890774,244.4,2018,2424.276213704185,0.7698541457004526,0.1841352414821629,16.0,9.0,627.04,107.0,1338.0,332.0,8.0,0.0749997741248576,Low,Moderate,0.0,0.0,2018.0,0.026221694675197,0.0,5.999999999999999,163.1671746605218,0,0
150,Azhiyur,gram_panchayat,Kozhikode,17.387963547908424,3.375826000537528,285.4,2018,540.2700115714764,0.8700959062845607,0.0539446373573371,16.0,9.0,627.04,107.0,1338.0,332.0,8.0,0.0749997741248576,Low,Moderate,0.0,0.0,2018.0,0.0304780713333316,0.0,4.0,51.88510932829952,0,0
151,Eramala,gram_panchayat,Kozhikode,18.801470690718368,3.729241784365497,260.9,2018,2664.963026616109,0.968742445433007,0.0097783092435421,16.0,9.0,627.04,107.0,1338.0,332.0,8.0,0.0749997741248576,Low,Moderate,0.0,0.0,2018.0,0.0250174369724137,0.0,4.0,174.04924525228384,0,0
152,Onchiyam,gram_panchayat,Kozhikode,21.89012276158918,3.8364356688166894,260.9,2018,1494.2983347111615,0.9680286106064808,0.0193394653701369,16.0,9.0,627.04,107.0,1338.0,332.0,8.0,0.0749997741248576,Low,Moderate,0.0,0.0,2018.0,0.0203513319834565,0.0,4.0,2.371259893077041,0,0
153,Chorode,gram_panchayat,Kozhikode,21.73075815270011,4.106181700965468,260.9,2018,2288.9735164883477,0.9688280170528336,0.0207404386654819,16.0,9.0,627.04,107.0,1338.0,332.0,8.0,0.0749997741248576,Low,Moderate,0.0,0.0,2018.0,0.019415840097501,0.0,4.0,10.724728760850727,0,0
154,Edacheri,gram_panchayat,Kozhikode,18.574697042595798,3.6459875476211705,285.4,2018,2296.799404494496,0.9602669581140808,0.0062878502478587,16.0,9.0,627.04,107.0,1338.0,332.0,8.0,0.0749997741248576,Low,Moderate,0.0,0.0,2018.0,0.0222356280100992,0.0,7.0,245.4298149698284,0,0
155,Tuneri,gram_panchayat,Kozhikode,24.37526240475021,4.143467310587993,379.0,2018,4121.779383526373,0.9852438559315688,0.0082353611735458,16.0,9.0,627.04,107.0,1338.0,332.0,8.0,0.0749997741248576,Low,Moderate,0.0,0.0,2018.0,0.0195973740759276,0.0,4.0,44.6797413446863,0,0
156,Nadapuram,gram_panchayat,Kozhikode,31.163971375443733,4.936733575691927,379.0,2018,7408.851277667053,0.972913498835858,0.0239101737836553,16.0,9.0,627.04,107.0,1338.0,332.0,8.0,0.0749997741248576,Low,Moderate,0.0,0.0,2018.0,0.0191003388686165,0.0,4.0,28.762884888983265,0,0
157,Chekkiad,gram_panchayat,Kozhikode,95.19077499627208,8.409017956279472,391.4,2018,9553.752426529796,0.97987005348471,0.011075120180148,16.0,9.0,627.04,107.0,1338.0,332.0,8.0,0.0749997741248576,Low,Moderate,0.0,0.0,2018.0,0.0257883735376278,0.0,4.0,68.57330880105341,0,0
158,Valayam,gram_panchayat,Kozhikode,60.37305487232565,6.1660111251003,379.0,2018,11293.24568075382,0.9928225548305074,0.004767356835372,16.0,9.0,627.04,107.0,1338.0,332.0,8.0,0.0749997741248576,Low,Moderate,0.0,0.0,2018.0,0.0151686476858672,0.0,4.0,13.188598276250897,0,0
159,Vanimal,gram_panchayat,Kozhikode,297.06730404172055,16.477659088655866,530.9,2018,17232.34725421325,0.9865194795928788,0.0025911427061282,16.0,9.0,627.04,107.0,1338.0,332.0,8.0,0.0749997741248576,Low,Moderate,0.0,0.0,2018.0,0.0414897322511468,2.0,4.0,39.47711391450343,0,1
160,Narippatta,gram_panchayat,Kozhikode,263.0355148241337,15.520765390480042,530.9,2018,15128.315977119011,0.9930056736063824,0.0005552018851989,16.0,9.0,627.04,107.0,1338.0,332.0,8.0,0.0749997741248576,Low,Moderate,0.0,0.0,2018.0,0.0287376569085147,1.0,5.9999999999999964,29.09573852937798,0,1
161,Kavilumpara,gram_panchayat,Kozhikode,594.6454471762473,21.85872660368776,533.8,2018,10412.36712056587,0.9863613360405136,0.0013100693277128,16.0,9.0,627.04,107.0,1338.0,332.0,8.0,0.0749997741248576,Low,Moderate,0.0,0.0,2018.0,0.0514301801071808,0.0,4.0,10.93647623305439,1,0
162,Maruthonkara,gram_panchayat,Kozhikode,62.08738297783502,8.697878401681093,532.7,2018,6564.93850407755,0.9877649094278164,0.0047183468727858,16.0,9.0,627.04,107.0,1338.0,332.0,8.0,0.0749997741248576,Low,Moderate,0.0,0.0,2018.0,0.0289010709170282,0.0,4.0,63.92211714597559,0,0
163,Kayakkody,gram_panchayat,Kozhikode,112.74857786536136,10.566043130410868,517.1,2018,10805.849274405902,0.992631473801624,0.0039404074618091,16.0,9.0,627.04,107.0,1338.0,332.0,8.0,0.0749997741248576,Low,Moderate,0.0,0.0,2018.0,0.0270815725327938,0.0,4.0,12.26313281429447,0,0
164,Kuttiadi,gram_panchayat,Kozhikode,36.08130125442295,6.21812973439143,299.8,2018,6411.476362323947,0.9707793174588084,0.0172052544019596,16.0,9.0,627.04,107.0,1338.0,332.0,8.0,0.0749997741248576,Low,Moderate,0.0,0.0,2018.0,0.0304779598889974,0.0,4.0,61.86107576609884,0,0
165,Kunnummal,gram_panchayat,Kozhikode,45.33353489208037,6.097695067991177,379.0,2018,8653.70931264601,0.9856293997784512,0.0126171982700254,16.0,9.0,627.04,107.0,1338.0,332.0,8.0,0.0749997741248576,Low,Moderate,0.0,0.0,2018.0,0.0208543505163632,0.0,4.0,4.265463767116386,0,0
166,Purameri,gram_panchayat,Kozhikode,33.95552524479003,5.1802386779582985,299.8,2018,5672.439220506085,0.9879257379551668,0.0044325728537983,16.0,9.0,627.04,107.0,1338.0,332.0,8.0,0.0749997741248576,Low,Moderate,0.0,0.0,2018.0,0.0165153554190807,0.0,4.0,9.972262522106645,0,0
167,Velom,gram_panchayat,Kozhikode,30.309534542348636,6.399525999765923,299.8,2018,3159.814133730505,0.9691264008580316,0.0016071544995258,16.0,9.0,627.04,107.0,1338.0,332.0,8.0,0.0749997741248576,Low,Moderate,0.0,0.0,2018.0,0.0340261391770055,0.0,4.0,143.97307057507635,0,0
168,Ayancheri,gram_panchayat,Kozhikode,25.518590294760564,4.5983059019463255,299.8,2018,5045.538213422407,0.9445578678728656,0.0067133962330959,16.0,9.0,627.04,107.0,1338.0,332.0,8.0,0.0749997741248576,Low,Moderate,0.0,0.0,2018.0,0.0258128370437877,0.0,4.0,13.396942556581196,0,0
169,Thiruvallur,gram_panchayat,Kozhikode,27.27922913310256,5.684802425791209,299.8,2018,2433.5147292838337,0.9525522748948272,0.0039952962204345,16.0,9.0,627.04,107.0,1338.0,332.0,8.0,0.0749997741248576,Low,Moderate,0.0,0.0,2018.0,0.0266073267942968,0.0,4.0,50.97704915919261,0,0
170,Maniyur,gram_panchayat,Kozhikode,25.168363865967176,5.795594391295838,240.1,2018,903.3861274968768,0.9029792331515132,0.0053757371582124,16.0,9.0,627.04,107.0,1338.0,332.0,8.0,0.0749997741248576,Low,Moderate,0.0,0.0,2018.0,0.0466156985453626,0.0,4.0,256.8899474411198,0,0
171,Villiappally,gram_panchayat,Kozhikode,35.51159382369791,5.867197314878801,260.9,2018,4266.61501295436,0.9787183343373244,0.0134082088357823,16.0,9.0,627.04,107.0,1338.0,332.0,8.0,0.0749997741248576,Low,Moderate,0.0,0.0,2018.0,0.023602729682477,0.0,4.0,2.77074610354147,0,0
172,Vatakara,municipality,Kozhikode,20.354054549614087,3.81127670415793,240.1,2018,1486.5612824173256,0.8642592683829617,0.080197140018973,16.0,9.0,627.04,107.0,1338.0,332.0,8.0,0.0749997741248576,Low,Moderate,0.0,0.0,2018.0,0.0363761103536588,0.0,4.0,92.74048886854278,0,0
173,Payyoli,municipality,Kozhikode,12.867723752011385,3.107160468463164,240.1,2018,622.8019194446337,0.8375725420686472,0.0192939543528263,16.0,9.0,627.04,107.0,1338.0,332.0,8.0,0.0749997741248576,Low,Moderate,0.0,0.0,2018.0,0.0517443862972721,0.0,4.0,274.45412850542147,1,0
174,Thikkodi,gram_panchayat,Kozhikode,13.130848228309103,2.9747705332265664,229.1,2018,990.2295399745964,0.8492303813115029,0.0170997258140461,16.0,9.0,627.04,107.0,1338.0,332.0,8.0,0.0749997741248576,Low,Moderate,0.0,0.0,2018.0,0.0316410756618193,0.0,4.0,5.031197447587727,0,0
175,Moodadi,gram_panchayat,Kozhikode,19.083469900015608,4.0566158339215885,229.1,2018,936.4124719535724,0.9240767127587408,0.0140948897625246,16.0,9.0,627.04,107.0,1338.0,332.0,8.0,0.0749997741248576,Low,Moderate,0.0,0.0,2018.0,0.0216089923549614,0.0,4.0,3.6824415035550007,0,0
176,Thurayur,gram_panchayat,Kozhikode,15.300933597916876,4.224078795003431,229.1,2018,796.0347241531451,0.8335945008461196,0.0054387125625968,16.0,9.0,627.04,107.0,1338.0,332.0,8.0,0.0749997741248576,Low,Moderate,0.0,0.0,2018.0,0.0419030201568337,0.0,4.0,330.450780434026,0,0
177,Keezhariyur,gram_panchayat,Kozhikode,25.582027735864035,5.976584139415774,259.5,2018,1045.1842939694734,0.8632117445640679,0.0025558403045911,16.0,9.0,627.04,107.0,1338.0,332.0,8.0,0.0749997741248576,Low,Moderate,0.0,0.0,2018.0,0.050271479420775,0.0,4.0,21.770809946706173,1,0
178,Cheruvannur,gram_panchayat,Kozhikode,22.62024901742456,5.416267664130794,269.7,2018,1728.656030196936,0.9516099108240368,0.0026023294551524,16.0,9.0,627.04,107.0,1338.0,332.0,8.0,0.0749997741248576,Low,Moderate,0.0,0.0,2018.0,0.0357629264827877,0.0,4.0,260.65193577931564,0,0
179,Meppayur,gram_panchayat,Kozhikode,32.854414221163594,6.22498669080546,269.7,2018,3184.8894571381547,0.9653650956561152,0.0071957933807204,16.0,9.0,627.04,107.0,1338.0,332.0,8.0,0.0749997741248576,Low,Moderate,0.0,0.0,2018.0,0.0285691670272491,0.0,4.0,4.871385004098506,0,0
180,Arikkulam,gram_panchayat,Kozhikode,28.407241342365616,6.20697632809612,259.5,2018,3893.0663445387368,0.9709430463394134,0.0019309298736169,16.0,9.0,627.04,107.0,1338.0,332.0,8.0,0.0749997741248576,Low,Moderate,0.0,0.0,2018.0,0.0175933063776497,0.0,4.0,7.066297444175833,0,0
181,Nochad,gram_panchayat,Kozhikode,39.60189149706367,6.717256820158736,454.7,2018,6699.222723786224,0.9907617643917984,0.0045826705641022,16.0,9.0,627.04,107.0,1338.0,332.0,8.0,0.0749997741248576,Low,Moderate,0.0,0.0,2018.0,0.0205059730575007,0.0,4.0,4.8879712058277205,0,0
182,Perambra,gram_panchayat,Kozhikode,32.32760476955862,6.690469084700418,454.7,2018,5428.277253986723,0.9649972271694808,0.013716071758288,16.0,9.0,627.04,107.0,1338.0,332.0,8.0,0.0749997741248576,Low,Moderate,0.0,0.0,2018.0,0.0398950136749653,0.0,4.0,54.19847492518291,0,0
183,Changaroth,gram_panchayat,Kozhikode,29.674656771607705,6.372435048518918,532.7,2018,5430.815382515172,0.9727180419219716,0.0052173706629761,16.0,9.0,627.04,107.0,1338.0,332.0,8.0,0.0749997741248576,Low,Moderate,0.0,0.0,2018.0,0.0269062241064082,0.0,4.0,166.7259440313676,0,0
184,Koothali,gram_panchayat,Kozhikode,38.6099378061819,8.10952496689685,454.7,2018,4430.0001871374725,0.9898879735061208,0.0020431986135112,16.0,9.0,627.04,107.0,1338.0,332.0,8.0,0.0749997741248576,Low,Moderate,0.0,0.0,2018.0,0.0254491250774387,0.0,4.0,38.87703712628325,0,0
185,Chakkittapara,gram_panchayat,Kozhikode,292.007365799949,15.51174496645822,454.7,2018,2707.786454574953,0.9451819906056288,0.0009099523115912,16.0,9.0,627.04,107.0,1338.0,332.0,8.0,0.0749997741248576,Low,Moderate,0.0,0.0,2018.0,0.0433081519828097,3.0,4.0,39.27323201542307,0,1
186,Koorachundu,gram_panchayat,Kozhikode,545.6528386511128,19.22427339119325,440.2,2018,1977.5950950910956,0.9455116530700126,0.0009040480513332,16.0,9.0,627.04,107.0,1338.0,332.0,8.0,0.0749997741248576,Low,Moderate,0.0,0.0,2018.0,0.0691695150387124,45.0,4.0,13.713746266484096,1,1
187,Kayanna,gram_panchayat,Kozhikode,107.4936515741998,12.048152659657962,368.7,2018,5108.288833598616,0.9936856851294416,0.0012607970241845,16.0,9.0,627.04,107.0,1338.0,332.0,8.0,0.0749997741248576,Low,Moderate,0.0,0.0,2018.0,0.0344571331127999,0.0,4.0,10.42853032948568,0,0
188,Panangad,gram_panchayat,Kozhikode,99.93653059077522,10.285793546342813,440.2,2018,7047.504665376476,0.979988774947572,0.0087585169008187,16.0,9.0,627.04,107.0,1338.0,332.0,8.0,0.0749997741248576,Low,Moderate,0.0,0.0,2018.0,0.0511633602852945,0.0,6.000000000000005,24.290672342597084,1,0
189,Kottur,gram_panchayat,Kozhikode,69.6145220233459,8.750516580856171,368.7,2018,6794.897295267857,0.9924495560566928,0.0020441019750395,16.0,9.0,627.04,107.0,1338.0,332.0,8.0,0.0749997741248576,Low,Moderate,0.0,0.0,2018.0,0.0284928263151508,0.0,6.000000000000009,8.09694127468489,0,0
190,Naduvannur,gram_panchayat,Kozhikode,30.483005933629165,6.325170751105873,368.7,2018,3402.49657467568,0.971655897009228,0.006875263608379,16.0,9.0,627.04,107.0,1338.0,332.0,8.0,0.0749997741248576,Low,Moderate,0.0,0.0,2018.0,0.0206115761528756,0.0,4.0,23.063838264193627,0,0
191,Balussery,gram_panchayat,Kozhikode,49.30235486079249,6.798869328350723,279.0,2018,5699.8607041909845,0.9859375963322292,0.0098712041086075,16.0,9.0,627.04,107.0,1338.0,332.0,8.0,0.0749997741248576,Low,Moderate,0.0,0.0,2018.0,0.0172207244682545,0.0,5.999999999999999,17.531360518868148,0,0
192,Ulliyeri,gram_panchayat,Kozhikode,29.1733336463693,7.455896088063405,261.9,2018,1566.594167737108,0.9345670843939844,0.0055837742403787,16.0,9.0,627.04,107.0,1338.0,332.0,8.0,0.0749997741248576,Low,Moderate,0.0,0.0,2018.0,0.0316838485988377,0.0,4.0,88.20081192372233,0,0
193,Atholi,gram_panchayat,Kozhikode,33.56146298711486,7.267124290877807,279.0,2018,1401.004092790477,0.9045559906425024,0.0079103679533484,16.0,9.0,627.04,107.0,1338.0,332.0,8.0,0.0749997741248576,Low,Moderate,0.0,0.0,2018.0,0.0403707448484302,0.0,4.0,88.6044653836214,0,0
194,Chemanchery,gram_panchayat,Kozhikode,16.47287380364377,3.4358652933994493,261.9,2018,592.1404804787137,0.8672707217309025,0.0169215548735811,16.0,9.0,627.04,107.0,1338.0,332.0,8.0,0.0749997741248576,Low,Moderate,0.0,0.0,2018.0,0.044033494479198,0.0,4.0,56.00143304248007,0,0
195,Chengottukavu,gram_panchayat,Kozhikode,18.49295169557734,4.1136458208486735,261.9,2018,875.8749350511339,0.9101906984525998,0.0075202999887474,16.0,9.0,627.04,107.0,1338.0,332.0,8.0,0.0749997741248576,Low,Moderate,0.0,0.0,2018.0,0.0324936525150199,0.0,6.276326419324217,50.22002138097961,0,0
196,Koyilandy,municipality,Kozhikode,18.044884255306396,4.140163088312008,259.5,2018,1051.2148858061546,0.9023539482377408,0.0271892429587238,16.0,9.0,627.04,107.0,1338.0,332.0,8.0,0.0749997741248576,Low,Moderate,0.0,0.0,2018.0,0.0299132824879595,0.0,4.0,21.946256751941004,0,0
197,Thalakulathur,gram_panchayat,Kozhikode,25.60260708592185,5.654899485176401,242.7,2018,1370.3495201387875,0.8550823461322344,0.0116056200529753,16.0,9.0,627.04,107.0,1338.0,332.0,8.0,0.0749997741248576,Low,Moderate,0.0,0.0,2018.0,0.0495427413571092,0.0,6.0,70.44744783137916,0,0
198,Nanminda,gram_panchayat,Kozhikode,53.48345688144126,8.19254232009194,279.0,2018,6360.7558766263455,0.9912469358921452,0.004615639731218,16.0,9.0,627.04,107.0,1338.0,332.0,8.0,0.0749997741248576,Low,Moderate,0.0,0.0,2018.0,0.0197028588212257,0.0,6.000000000000001,6.872031962631919,0,0
199,Kakkur,gram_panchayat,Kozhikode,53.09772512828292,8.904061674459316,242.7,2018,6144.141352332662,0.966649536409901,0.0029300328620097,16.0,9.0,627.04,107.0,1338.0,332.0,8.0,0.0749997741248576,Low,Moderate,0.0,0.0,2018.0,0.0304560410237527,0.0,5.999999999999997,13.494910841449888,0,0
200,Chelannur,gram_panchayat,Kozhikode,31.44465199658532,6.723863468359522,242.7,2018,2267.233559352889,0.9528293276360026,0.0051186981116211,16.0,9.0,627.04,107.0,1338.0,332.0,8.0,0.0749997741248576,Low,Moderate,0.0,0.0,2018.0,0.029198464243508,0.0,6.0,31.258885346403638,0,0
201,Kakkodi,gram_panchayat,Kozhikode,21.77636839742126,4.675811992816656,242.7,2018,1861.0907446447125,0.9124538548041746,0.0081068720213924,16.0,9.0,627.04,107.0,1338.0,332.0,8.0,0.0749997741248576,Low,Moderate,0.0,0.0,2018.0,0.0409187338571695,0.0,5.999999999999995,57.39105709282197,0,0
202,Kuruvattoor,gram_panchayat,Kozhikode,35.7730246409165,6.3531533920567815,244.4,2018,6078.613763155578,0.9861636042371248,0.0085266448992526,16.0,9.0,627.04,107.0,1338.0,332.0,8.0,0.0749997741248576,Low,Moderate,0.0,0.0,2018.0,0.0303741775811119,0.0,6.0,68.3707354634965,0,0
203,Madavoor,gram_panchayat,Kozhikode,50.6332488565216,8.323353540158573,242.7,2018,7692.860327544909,0.9921179703025912,0.0068755766518934,16.0,9.0,627.04,107.0,1338.0,332.0,8.0,0.0749997741248576,Low,Moderate,0.0,0.0,2018.0,0.033693144650746,0.0,6.0,24.629900727841893,0,0
204,Kunnamangalam,gram_panchayat,Kozhikode,40.90593266035755,7.398527300235029,242.5,2018,7538.225573121479,0.9645725373757564,0.0287362074232414,16.0,9.0,627.04,107.0,1338.0,332.0,8.0,0.0749997741248576,Low,Moderate,0.0,0.0,2018.0,0.0373415463573894,0.0,6.0,82.87649122429431,0,0
205,Peruvayal,gram_panchayat,Kozhikode,28.59497178856161,6.270933508417495,242.5,2018,3504.045597641171,0.9443614907539304,0.0282478841659287,16.0,9.0,627.04,107.0,1338.0,332.0,8.0,0.0749997741248576,Low,Moderate,0.0,0.0,2018.0,0.0307125037015926,0.0,6.0,339.2785043521394,0,0
206,Perumanna,gram_panchayat,Kozhikode,27.51447501707286,6.441915234795751,269.90000000000003,2018,1657.840870370457,0.9275120213908122,0.0189964871381806,16.0,9.0,627.04,107.0,1338.0,332.0,8.0,0.0749997741248576,Low,Moderate,0.0,0.0,2018.0,0.043157974942086,0.0,6.0,546.1997629448878,0,0
207,Mavoor,gram_panchayat,Kozhikode,26.87849206540629,7.151204427052432,242.5,2018,1650.5897980364205,0.8993209564929825,0.009093529330431,16.0,9.0,627.04,107.0,1338.0,332.0,8.0,0.0749997741248576,Low,Moderate,0.0,0.0,2018.0,0.0746387046876872,0.0,6.0,1142.0535266756897,1,0
208,Chathamangalam,gram_panchayat,Kozhikode,39.76007862357197,6.376507817420516,242.5,2018,5244.058517945466,0.9656731119370412,0.0193804965419027,16.0,9.0,627.04,107.0,1338.0,332.0,8.0,0.0749997741248576,Low,Moderate,0.0,0.0,2018.0,0.0296628908479207,0.0,6.000000000000004,150.4048576070485,0,0
209,Mukkam,municipality,Kozhikode,45.6055306598932,8.181763709813174,424.6,2018,7614.259012300077,0.9623008134654925,0.0253532196954203,16.0,9.0,627.04,107.0,1338.0,332.0,8.0,0.0749997741248576,Low,Moderate,0.0,0.0,2018.0,0.0264689219953442,0.0,6.000000000000002,59.03601512924023,0,0
210,Karassery,gram_panchayat,Kozhikode,69.79275024623517,10.379450444547686,341.9,2018,6485.226356941032,0.9621639592952994,0.0161987078066448,16.0,9.0,627.04,107.0,1338.0,332.0,8.0,0.0749997741248576,Low,Moderate,0.0,0.0,2018.0,0.0036283030624956,7.0,4.0,80.21867172428067,0,1
211,Kodiyathur,gram_panchayat,Kozhikode,88.69648813598165,10.2879481383366,341.9,2018,3394.32377440949,0.9433080126163228,0.0194887365052688,16.0,9.0,627.04,107.0,1338.0,332.0,8.0,0.0749997741248576,Low,Moderate,0.0,0.0,2018.0,0.0126450168241012,0.0,5.999999999999994,206.1812739271448,0,0
212,Olavanna,gram_panchayat,Kozhikode,20.174578945163237,5.413675394701197,269.90000000000003,2018,1974.0899468394616,0.8956435740217263,0.0423607650207103,16.0,9.0,627.04,107.0,1338.0,332.0,8.0,0.0749997741248576,Low,Moderate,0.0,0.0,2018.0,0.0385195756474293,0.0,5.999999999999999,846.589351232204,0,0
213,Ramanattukara,municipality,Kozhikode,18.07605167802309,4.339847462489638,269.90000000000003,2018,1606.5252958943252,0.7738687245208778,0.0953704819630549,16.0,9.0,627.04,107.0,1338.0,332.0,8.0,0.0749997741248576,Low,Moderate,0.0,0.0,2018.0,0.0377077906180283,0.0,5.999999999999999,1032.1467763381063,0,0
214,Feroke,municipality,Kozhikode,13.489075292118594,3.3071324486522,284.1,2018,635.2642766891278,0.7243920699458266,0.0803459543673091,16.0,9.0,627.04,107.0,1338.0,332.0,8.0,0.0749997741248576,Low,Moderate,0.0,0.0,2018.0,0.0638502268519214,0.0,6.000000000000003,1045.7867258798035,1,0
215,Kadalundi,gram_panchayat,Kozhikode,14.386906474492251,3.844676150227311,284.1,2018,459.8427160975462,0.853210857887294,0.0423879451902175,16.0,9.0,627.04,107.0,1338.0,332.0,8.0,0.0749997741248576,Low,Moderate,0.0,0.0,2018.0,0.0375240551634608,0.0,4.0,7.830607815690459,0,0
216,Unnikulam,gram_panchayat,Kozhikode,54.595027502355606,6.3272630368388825,344.4,2018,10323.437320692334,0.9866714539897656,0.007544246498969,16.0,9.0,627.04,107.0,1338.0,332.0,8.0,0.0749997741248576,Low,Moderate,0.0,0.0,2018.0,0.0258676196767507,0.0,4.0,15.057014825342158,0,0
217,Kattippara,gram_panchayat,Kozhikode,252.82626803909525,17.601830398659516,413.2,2018,7397.389032090598,0.9690478792004582,0.0028307257274036,16.0,9.0,627.04,107.0,1338.0,332.0,8.0,0.0749997741248576,Low,Moderate,0.0,0.0,2018.0,0.0733296096274777,3.0,4.0,8.81340990234598,1,1
218,Puthuppadi,gram_panchayat,Kozhikode,251.25406964625736,15.444757490502576,496.2,2018,7084.354353378381,0.9700653951174686,0.0094082589823052,16.0,9.0,627.04,107.0,1338.0,332.0,8.0,0.0749997741248576,Low,Moderate,0.0,0.0,2018.0,0.0424191069420856,36.0,4.0,18.512162305137583,0,1
219,Kodanchery,gram_panchayat,Kozhikode,445.9354967993888,16.596348794901726,496.2,2018,10684.075986072428,0.9838178172247805,0.0039919963623971,16.0,9.0,627.04,107.0,1338.0,332.0,8.0,0.0749997741248576,Low,Moderate,0.0,0.0,2018.0,0.0073718487536371,20.0,4.0,30.909915420849455,0,1
220,Thiruvambadi,gram_panchayat,Kozhikode,580.4854268638871,18.1828967930982,496.5,2018,13561.603606211787,0.9742331974120056,0.0056947344841032,16.0,9.0,627.04,107.0,1338.0,332.0,8.0,0.0749997741248576,Low,Moderate,0.0,0.0,2018.0,0.0031908613375478,52.0,4.0,40.28093544813553,0,1
221,Koodaranhi,gram_panchayat,Kozhikode,461.5285211104391,18.813655151480184,488.1,2018,12301.611756104949,0.9715283590894483,0.0030819647905166,16.0,9.0,627.04,107.0,1338.0,332.0,8.0,0.0749997741248576,Low,Moderate,0.0,0.0,2018.0,0.0011089019153185,59.0,4.0,9.930886712218276,0,1
222,Omassery,gram_panchayat,Kozhikode,52.84305337237098,8.662166919123136,424.6,2018,11628.07100039758,0.9828198710043988,0.0127862763357113,16.0,9.0,627.04,107.0,1338.0,332.0,8.0,0.0749997741248576,Low,Moderate,0.0,0.0,2018.0,0.0350197215170104,0.0,6.000000000000001,63.588496834765486,0,0
223,Koduvally,municipality,Kozhikode,51.37163652906431,8.300969426792985,424.6,2018,12191.413163607029,0.9653590750429496,0.0329221184319023,16.0,9.0,627.04,107.0,1338.0,332.0,8.0,0.0749997741248576,Low,Moderate,0.0,0.0,2018.0,0.0386468199764,0.0,5.999999999999998,82.41849111179755,0,0
224,Kizhakkoth,gram_panchayat,Kozhikode,55.48407682129805,7.791155726672406,344.4,2018,12080.48135913979,0.9870133934438756,0.0119723750300873,16.0,9.0,627.04,107.0,1338.0,332.0,8.0,0.0749997741248576,Low,Moderate,0.0,0.0,2018.0,0.0420859026943763,0.0,5.999999999999998,31.37416462879284,0,0
225,Narikunni,gram_panchayat,Kozhikode,59.44986265649317,8.081275435642244,344.4,2018,8769.542199126516,0.9910411382947476,0.008002273021577,16.0,9.0,627.04,107.0,1338.0,332.0,8.0,0.0749997741248576,Low,Moderate,0.0,0.0,2018.0,0.0331235961486187,0.0,6.0,4.611852429238081,0,0
226,Thamarassery,gram_panchayat,Kozhikode,52.96564631054713,7.57408538958877,496.2,2018,13249.200188823716,0.962801077952218,0.030465333491297,16.0,9.0,627.04,107.0,1338.0,332.0,8.0,0.0749997741248576,Low,Moderate,0.0,0.0,2018.0,0.0275280160727785,0.0,6.000000000000001,30.26403490385994,0,0
227,Pothukal,gram_panchayat,Malappuram,444.02802986022647,17.497528356199286,405.7,2018,13248.744317554276,0.968717723051798,0.0012410329483366,30.0,30.0,5275.4,500.0,3731.0,1231.0,18.0,0.2854561174246522,High,Critical,1.0,1.0,2018.0,0.0050122538996526,10.0,4.0,85.62239505206344,0,1
228,Chungathara,gram_panchayat,Malappuram,549.3807836893071,15.437950251275922,281.9,2018,8805.574215430492,0.9520942942307354,0.00401708907215,30.0,30.0,5275.4,500.0,3731.0,1231.0,18.0,0.2854561174246522,High,Critical,1.0,1.0,2018.0,0.0061347499627797,29.0,4.0,123.05202629654936,0,1
229,Chaliyar,gram_panchayat,Malappuram,295.43763127279794,14.25962296625506,333.9,2018,6246.861334013853,0.9587042714147344,0.0020715411871365,30.0,30.0,5275.4,500.0,3731.0,1231.0,18.0,0.2854561174246522,High,Critical,1.0,1.0,2018.0,0.0045221265346507,41.0,5.999999999999993,157.80196308800606,0,1
230,Mampad,gram_panchayat,Malappuram,56.59474513351577,7.492271564128225,215.6,2018,2610.040668299812,0.9308275659860198,0.0164371435303972,30.0,30.0,5275.4,500.0,3731.0,1231.0,18.0,0.2854561174246522,High,Critical,1.0,1.0,2018.0,0.0101746768520464,6.0,4.0,381.3425277399097,0,1
231,Nilambur,municipality,Malappuram,35.003279723989515,5.274877541485775,222.0,2018,2177.2574386321085,0.8801519785694224,0.0602090916416225,30.0,30.0,5275.4,500.0,3731.0,1231.0,18.0,0.2854561174246522,High,Critical,1.0,1.0,2018.0,0.017406459792902,0.0,4.0,541.6801941885491,0,0
232,Kollam,municipal_corporation,Kollam,14.619779416443542,2.5460799598373254,217.8,2018,878.1856571061525,0.4958845724281013,0.3520451885301554,5.0,2.0,869.73,95.0,1338.0,340.0,48.0,0.0980183986355041,Moderate,Moderate,0.0,0.0,2018.0,0.0069276301791759,0.0,4.0,28.92145365660173,0,0
233,Kochi,municipal_corporation,Ernakulam,6.106576731955272,2.328656767473697,292.5,2018,917.9415060233288,0.2042273868649608,0.5503049658614378,58.0,0.0,1296.66,615.0,1684.0,2105.0,13.0,0.3161434694016022,High,Low,1.0,0.0,2018.0,0.0117887807801024,0.0,4.0,4.9159219001086125,0,0
234,Thrissur,municipal_corporation,Thrissur,15.420545693142676,3.751692908809357,346.6,2018,4729.347891771568,0.633988851757624,0.2877708307828109,72.0,26.0,3569.25,2889.0,18241.0,598.0,41.0,0.5109015589882728,Critical,High,1.0,1.0,2018.0,0.1013467983210589,0.0,6.129491638350328,21.433013940791614,1,0
235,Thiruvananthapuram,municipal_corporation,Thiruvananthapuram,33.62491157530417,4.94655863231283,189.2,2018,3199.897470821296,0.625533039745256,0.3403868749079705,11.0,0.0,1356.96,111.0,2940.0,475.0,5.0,0.0782789327470029,Low,Low,0.0,0.0,2018.0,0.0078970750639992,0.0,4.0,81.35893161610036,0,0
236,Edakkara,gram_panchayat,Malappuram,82.40183404033236,7.5460593082939456,341.2,2018,9677.119613137504,0.9595774972324048,0.0175479047803065,30.0,30.0,5275.4,500.0,3731.0,1231.0,18.0,0.2854561174246522,High,Critical,1.0,1.0,2018.0,0.0010263896949186,0.0,4.0,52.65952126738725,0,0
237,Vazhikkadavu,gram_panchayat,Malappuram,366.7292746848085,15.947165251129992,381.3,2018,15084.535282154451,0.9877554346718292,0.003150770852775,30.0,30.0,5275.4,500.0,3731.0,1231.0,18.0,0.2854561174246522,High,Critical,1.0,1.0,2018.0,0.0012873524030458,17.0,4.0,51.14107143349492,0,1
238,Karulai,gram_panchayat,Malappuram,704.8663162381056,18.395274994758186,511.6,2018,9660.866836045025,0.9419157350035838,0.0016019582888862,30.0,30.0,5275.4,500.0,3731.0,1231.0,18.0,0.2854561174246522,High,Critical,1.0,1.0,2018.0,0.0036448146680637,43.0,6.0,49.660432985579554,0,1
239,Moothedam,gram_panchayat,Malappuram,52.72495621964435,5.913977249336784,341.2,2018,9545.668046331804,0.9803938067584522,0.0065896082344286,30.0,30.0,5275.4,500.0,3731.0,1231.0,18.0,0.2854561174246522,High,Critical,1.0,1.0,2018.0,0.0038682615468426,1.0,4.0,151.73952976685533,0,1
240,Amarambalam,gram_panchayat,Malappuram,709.0287197375478,20.4258746209859,743.5,2018,10311.85520903513,0.9580677772105162,0.0030454253083539,30.0,30.0,5275.4,500.0,3731.0,1231.0,18.0,0.2854561174246522,High,Critical,1.0,1.0,2018.0,0.0070635496180064,19.0,6.000000000000002,27.388060496413736,0,1
241,Chokkad,gram_panchayat,Malappuram,490.8222816040549,18.820619875144327,628.6,2018,13635.792544306256,0.9670981333125408,0.0025856531148212,30.0,30.0,5275.4,500.0,3731.0,1231.0,18.0,0.2854561174246522,High,Critical,1.0,1.0,2018.0,0.0039722732767998,34.0,4.0,24.28962271507928,0,1
242,Wandoor,gram_panchayat,Malappuram,45.59309378792348,5.395282165882386,237.0,2018,7971.280850795672,0.9505103467243572,0.025445952976988,30.0,30.0,5275.4,500.0,3731.0,1231.0,18.0,0.2854561174246522,High,Critical,1.0,1.0,2018.0,0.0016845108878859,0.0,4.0,48.38390347713387,0,0
243,Thiruvali,gram_panchayat,Malappuram,42.455028586502,5.951269425891482,215.6,2018,5526.1853134513,0.9690163218845352,0.0099898204385184,30.0,30.0,5275.4,500.0,3731.0,1231.0,18.0,0.2854561174246522,High,Critical,1.0,1.0,2018.0,0.0016748422380089,0.0,4.0,12.737402845085343,0,0
244,Porur,gram_panchayat,Malappuram,58.54221239596511,6.119108756649145,314.3,2018,11505.020756640535,0.978318727710906,0.0077132648701358,30.0,30.0,5275.4,500.0,3731.0,1231.0,18.0,0.2854561174246522,High,Critical,1.0,1.0,2018.0,0.000783408935598,0.0,5.9999999999999964,13.822025465318768,0,0
245,Kalikavu,gram_panchayat,Malappuram,205.37268305517668,12.359693192406317,628.6,2018,15870.131634237832,0.9837210009593944,0.0067199931443067,30.0,30.0,5275.4,500.0,3731.0,1231.0,18.0,0.2854561174246522,High,Critical,1.0,1.0,2018.0,0.0005718733573701,19.0,4.0,20.65155753638991,0,1
246,Thuvoor,gram_panchayat,Malappuram,72.62001764780621,6.652922449863609,314.3,2018,18872.364609758217,0.98494212551642,0.0071263792545846,30.0,30.0,5275.4,500.0,3731.0,1231.0,18.0,0.2854561174246522,High,Critical,1.0,1.0,2018.0,0.000500446782194,0.0,6.000000000000008,20.896355423935475,0,0
247,Karuvarakundu,gram_panchayat,Malappuram,303.51744100309645,15.901527906398414,531.4,2018,18932.99091603341,0.9753722318229338,0.0069844881103938,30.0,30.0,5275.4,500.0,3731.0,1231.0,18.0,0.2854561174246522,High,Critical,1.0,1.0,2018.0,0.0009479899463497,88.0,4.0,13.122806129250884,0,1
248,Urangattiri,gram_panchayat,Malappuram,253.80620699832104,15.590939112028211,279.8,2018,4927.97651169971,0.9606856895440856,0.004365346833802,30.0,30.0,5275.4,500.0,3731.0,1231.0,18.0,0.2854561174246522,High,Critical,1.0,1.0,2018.0,0.004135498105676,72.0,6.000000000000001,295.2977557838346,0,1
249,Edavanna,gram_panchayat,Malappuram,81.57177235249073,11.14150864964271,215.6,2018,2225.7678592568345,0.9254398023693357,0.0217777834854677,30.0,30.0,5275.4,500.0,3731.0,1231.0,18.0,0.2854561174246522,High,Critical,1.0,1.0,2018.0,0.0112244208528898,43.0,6.051744696618806,466.3165059748375,0,1
250,Thrikkalangode,gram_panchayat,Malappuram,59.79771514815033,7.844482438356255,209.3,2018,7355.8856886307985,0.9730889196850714,0.0138176145214275,30.0,30.0,5275.4,500.0,3731.0,1231.0,18.0,0.2854561174246522,High,Critical,1.0,1.0,2018.0,0.0012345613610134,0.0,6.000000000000001,9.110624876038804,0,0
251,Pandikkad,gram_panchayat,Malappuram,58.82425617715972,6.32532211567248,314.3,2018,15838.62986532848,0.9772598387953808,0.013457410409777,30.0,30.0,5275.4,500.0,3731.0,1231.0,18.0,0.2854561174246522,High,Critical,1.0,1.0,2018.0,0.0011487384165916,0.0,5.999999999999994,48.43640637609886,0,0
252,Anakayam,gram_panchayat,Malappuram,73.1992006371465,8.552266914753796,247.9,2018,15537.83550703953,0.957383222740634,0.0187021522221386,30.0,30.0,5275.4,500.0,3731.0,1231.0,18.0,0.2854561174246522,High,Critical,1.0,1.0,2018.0,0.0049211239212052,0.0,6.0,170.29238664006346,0,0
253,Manjeri,municipality,Malappuram,60.59751626232812,7.184201441349273,234.8,2018,11519.712324708336,0.9155287121163596,0.0701856670006927,30.0,30.0,5275.4,500.0,3731.0,1231.0,18.0,0.2854561174246522,High,Critical,1.0,1.0,2018.0,0.0019122358581578,0.0,6.0,45.3824942398707,0,0
254,Malappuram,municipality,Malappuram,68.52657359438753,8.031144458411294,247.9,2018,17077.336475376214,0.8677699787757962,0.0775339932750497,30.0,30.0,5275.4,500.0,3731.0,1231.0,18.0,0.2854561174246522,High,Critical,1.0,1.0,2018.0,0.0078837598471907,0.0,6.0,317.98735373845585,0,0
255,Pookkottur,gram_panchayat,Malappuram,65.42327831076952,7.121412479237728,234.8,2018,11959.390194318985,0.945907934301557,0.0399492362437264,30.0,30.0,5275.4,500.0,3731.0,1231.0,18.0,0.2854561174246522,High,Critical,1.0,1.0,2018.0,0.002296243921257,0.0,6.0,10.203030190043435,0,0
256,Pulpatta,gram_panchayat,Malappuram,51.69830196474175,7.616069391465401,234.8,2018,7386.413353434624,0.9695174631534964,0.0200593821583155,30.0,30.0,5275.4,500.0,3731.0,1231.0,18.0,0.2854561174246522,High,Critical,1.0,1.0,2018.0,0.0045787595030096,0.0,6.0,17.30250037265541,0,0
257,Kavanur,gram_panchayat,Malappuram,45.14656873957705,8.21869967036626,279.8,2018,2819.9394946570565,0.954830086442378,0.023842274517391,30.0,30.0,5275.4,500.0,3731.0,1231.0,18.0,0.2854561174246522,High,Critical,1.0,1.0,2018.0,0.0050739717839016,0.0,6.0,152.91101282508154,0,0
258,Areacode,gram_panchayat,Malappuram,39.6506228275179,7.278831704091675,282.2,2018,1374.4676113877676,0.8872470578766332,0.0681785850371473,30.0,30.0,5275.4,500.0,3731.0,1231.0,18.0,0.2854561174246522,High,Critical,1.0,1.0,2018.0,0.0103617833501155,0.0,5.999999999999997,447.4113877341307,0,0
259,Keezhuparamba,gram_panchayat,Malappuram,38.80439402327812,8.027317620615417,341.9,2018,1096.3093516508218,0.9189112496512576,0.0212603432675832,30.0,30.0,5275.4,500.0,3731.0,1231.0,18.0,0.2854561174246522,High,Critical,1.0,1.0,2018.0,0.026966772928577,1.0,6.000000000000005,1112.638546696889,0,1
260,Vazhakkad,gram_panchayat,Malappuram,35.9004563003062,8.681860088110497,250.4,2018,1124.79718725725,0.8854415276351865,0.0178663960903724,30.0,30.0,5275.4,500.0,3731.0,1231.0,18.0,0.2854561174246522,High,Critical,1.0,1.0,2018.0,0.0718133257063122,0.0,5.999999999999997,846.4025096773196,1,0
261,Cheekkode,gram_panchayat,Malappuram,50.21055035453582,9.626853182684036,282.2,2018,2459.2694585624567,0.955612121492237,0.0137352086016689,30.0,30.0,5275.4,500.0,3731.0,1231.0,18.0,0.2854561174246522,High,Critical,1.0,1.0,2018.0,0.0106633804448401,0.0,6.0,128.36440996277832,0,0
262,Kuzhimanna,gram_panchayat,Malappuram,53.21912841142456,7.435033925637812,270.6,2018,6497.42843544854,0.9593359354492496,0.0309474540161291,30.0,30.0,5275.4,500.0,3731.0,1231.0,18.0,0.2854561174246522,High,Critical,1.0,1.0,2018.0,0.0038870985549887,0.0,6.0,41.8065667531792,0,0
263,Muthuvallur,gram_panchayat,Malappuram,75.73524050099823,9.371403351361328,282.2,2018,5769.887282494598,0.9675449435452896,0.0120155337804916,30.0,30.0,5275.4,500.0,3731.0,1231.0,18.0,0.2854561174246522,High,Critical,1.0,1.0,2018.0,0.0032643647940487,0.0,6.0,3.213648001108669,0,0
264,Pulikkal,gram_panchayat,Malappuram,66.58085955427794,9.846765763379237,250.4,2018,5365.906554416829,0.9443362835404776,0.0244995223407913,30.0,30.0,5275.4,500.0,3731.0,1231.0,18.0,0.2854561174246522,High,Critical,1.0,1.0,2018.0,0.044962095598276,0.0,6.0,7.522782255593186,0,0
265,Vazhayoor,gram_panchayat,Malappuram,34.20026012822428,9.621031726846256,250.4,2018,1040.4543103498384,0.8739246426267027,0.0178304665920564,30.0,30.0,5275.4,500.0,3731.0,1231.0,18.0,0.2854561174246522,High,Critical,1.0,1.0,2018.0,0.0740454731806397,0.0,6.000000000000002,1016.128681780141,1,0
266,Cherukavu,gram_panchayat,Malappuram,41.11695090842444,8.178705522565847,250.4,2018,3956.438672941939,0.9225230919408268,0.0314353448770793,30.0,30.0,5275.4,500.0,3731.0,1231.0,18.0,0.2854561174246522,High,Critical,1.0,1.0,2018.0,0.037685759359476,0.0,6.0,7.360975764477727,0,0
267,Chelembra,gram_panchayat,Malappuram,34.55887192722371,5.927700693867717,284.1,2018,2785.7489827258337,0.9380581933165272,0.046120771224816,30.0,30.0,5275.4,500.0,3731.0,1231.0,18.0,0.2854561174246522,High,Critical,1.0,1.0,2018.0,0.024180764544073,0.0,5.999999999999999,5.660185374419995,0,0
268,Pallikkal,gram_panchayat,Malappuram,51.54356741555052,5.743947374812815,289.1,2018,6716.717829399324,0.9169082580144629,0.0537068619865097,30.0,30.0,5275.4,500.0,3731.0,1231.0,18.0,0.2854561174246522,High,Critical,1.0,1.0,2018.0,0.0227121494555822,0.0,6.0,24.17575303757105,0,0
269,Kondotty,municipality,Malappuram,76.69077023900859,8.63986234689691,270.6,2018,11021.850887702947,0.9268793902696436,0.0598399072724722,30.0,30.0,5275.4,500.0,3731.0,1231.0,18.0,0.2854561174246522,High,Critical,1.0,1.0,2018.0,0.0040236433556473,0.0,6.0,16.137018596331014,0,0
270,Morayur,gram_panchayat,Malappuram,78.83122726626904,9.116256640698408,270.6,2018,11477.6545385973,0.9627345407359398,0.0236114103725429,30.0,30.0,5275.4,500.0,3731.0,1231.0,18.0,0.2854561174246522,High,Critical,1.0,1.0,2018.0,0.0032263330443169,0.0,6.0,5.621466412775019,0,0
271,Vallikkunnu,gram_panchayat,Malappuram,18.258221261129385,3.970424311622737,284.1,2018,756.9484932906017,0.8645475272959391,0.0175988277258933,30.0,30.0,5275.4,500.0,3731.0,1231.0,18.0,0.2854561174246522,High,Critical,1.0,1.0,2018.0,0.0608554848309861,0.0,4.0,21.68747488245608,1,0
272,Thenhippalam,gram_panchayat,Malappuram,38.93537049044885,4.477787455111688,284.1,2018,2087.0851354587157,0.9180873419439772,0.0396987145608623,30.0,30.0,5275.4,500.0,3731.0,1231.0,18.0,0.2854561174246522,High,Critical,1.0,1.0,2018.0,0.0254550695117514,0.0,6.0,9.282008352423238,0,0
273,Peruvalloor,gram_panchayat,Malappuram,43.51259380593849,4.992072000045259,302.7,2018,6737.447259539124,0.9379726712936746,0.048274105888751,30.0,30.0,5275.4,500.0,3731.0,1231.0,18.0,0.2854561174246522,High,Critical,1.0,1.0,2018.0,0.0193065690031753,0.0,6.0,43.342790130437066,0,0
274,Moonniyur,gram_panchayat,Malappuram,23.110856629460933,4.195810771425184,269.9,2018,2737.9183359358544,0.8743746927445222,0.0442700106439919,30.0,30.0,5275.4,500.0,3731.0,1231.0,18.0,0.2854561174246522,High,Critical,1.0,1.0,2018.0,0.1190111921292593,0.0,6.000000000000003,389.4007905754283,1,0
275,Parappanangadi,municipality,Malappuram,14.011176928898262,2.934951957060342,269.9,2018,1137.9372231474106,0.937088126175666,0.0318954096136486,30.0,30.0,5275.4,500.0,3731.0,1231.0,18.0,0.2854561174246522,High,Critical,1.0,1.0,2018.0,0.0766845399785962,0.0,4.0,113.56540946627663,1,0
276,Tirurangadi,municipality,Malappuram,20.17301327156514,4.176627167627088,302.7,2018,4101.321850504649,0.8643881702690756,0.0815384028882329,30.0,30.0,5275.4,500.0,3731.0,1231.0,18.0,0.2854561174246522,High,Critical,1.0,1.0,2018.0,0.1206759366596434,0.0,6.0,395.1833019270964,1,0
277,Abdurahiman Nagar,gram_panchayat,Malappuram,34.96907016948207,4.346338972570124,302.7,2018,6261.187545495031,0.908691107092344,0.0731685119886744,30.0,30.0,5275.4,500.0,3731.0,1231.0,18.0,0.2854561174246522,High,Critical,1.0,1.0,2018.0,0.087540892280057,0.0,6.000000000000001,348.3632316404369,1,0
278,Kannamangalam,gram_panchayat,Malappuram,99.6942794377366,8.688064650226273,302.7,2018,11955.50075788286,0.9210398427490326,0.0484680261487882,30.0,30.0,5275.4,500.0,3731.0,1231.0,18.0,0.2854561174246522,High,Critical,1.0,1.0,2018.0,0.0019477305803449,0.0,6.0,6.155503003962672,0,0
279,Oorakam,gram_panchayat,Malappuram,107.8229625953134,10.452505276404285,282.5,2018,14818.172401745294,0.929667009607164,0.0363596990959817,30.0,30.0,5275.4,500.0,3731.0,1231.0,18.0,0.2854561174246522,High,Critical,1.0,1.0,2018.0,0.0054248287391313,0.0,6.0,125.91282886974592,0,0
280,Othukkungal,gram_panchayat,Malappuram,44.60652484394387,5.915351240685769,305.3,2018,15577.710158475897,0.9334034596081624,0.0487799644944555,30.0,30.0,5275.4,500.0,3731.0,1231.0,18.0,0.2854561174246522,High,Critical,1.0,1.0,2018.0,0.0282362239537991,0.0,6.0,368.21619984540064,0,0
281,Parappoor,gram_panchayat,Malappuram,34.18302178305462,5.218401823670971,287.2,2018,12166.80203576996,0.9187044000781708,0.0440480319991093,30.0,30.0,5275.4,500.0,3731.0,1231.0,18.0,0.2854561174246522,High,Critical,1.0,1.0,2018.0,0.0431254225381807,0.0,6.0,643.321257786611,0,0
282,Vengara,gram_panchayat,Malappuram,35.644310792093705,4.93909785706679,302.7,2018,8780.481342995965,0.909535550208811,0.0743312706700914,30.0,30.0,5275.4,500.0,3731.0,1231.0,18.0,0.2854561174246522,High,Critical,1.0,1.0,2018.0,0.101595150325485,0.0,6.0,392.1317578092508,1,0
283,Edarikkode,gram_panchayat,Malappuram,43.66693657982446,5.18973887341244,287.2,2018,11352.036422103478,0.8993999031326873,0.0881737915971709,30.0,30.0,5275.4,500.0,3731.0,1231.0,18.0,0.2854561174246522,High,Critical,1.0,1.0,2018.0,0.0276118880188463,0.0,6.0,155.21209062716122,0,0
284,Thennela,gram_panchayat,Malappuram,37.73891631904248,5.1314199083324885,287.2,2018,7769.116254685877,0.9598310306074856,0.028902168422335,30.0,30.0,5275.4,500.0,3731.0,1231.0,18.0,0.2854561174246522,High,Critical,1.0,1.0,2018.0,0.0671940646245512,0.0,6.0,15.76722124968843,1,0
285,Nannambra,gram_panchayat,Malappuram,16.069737875331878,4.136404215035411,245.9,2018,3733.730016729222,0.9542489415887856,0.0125570571735394,30.0,30.0,5275.4,500.0,3731.0,1231.0,18.0,0.2854561174246522,High,Critical,1.0,1.0,2018.0,0.2071445864006921,0.0,4.0,316.61687071533413,1,0
286,Tanur,municipality,Malappuram,15.470904110943684,3.4126432397041726,245.9,2018,1221.730393249323,0.8861951904593893,0.0395721677008477,30.0,30.0,5275.4,500.0,3731.0,1231.0,18.0,0.2854561174246522,High,Critical,1.0,1.0,2018.0,0.0394075447879818,0.0,4.0,309.8803883553513,0,0
287,Ozhoor,gram_panchayat,Malappuram,23.8815648708433,4.880986766969064,287.2,2018,5342.098608583842,0.9750301065440984,0.0104924820169155,30.0,30.0,5275.4,500.0,3731.0,1231.0,18.0,0.2854561174246522,High,Critical,1.0,1.0,2018.0,0.017380087794311,0.0,5.999999999999999,10.98886550476817,0,0
288,Perumanna Klari,gram_panchayat,Malappuram,47.094254551283406,5.487403551485904,287.2,2018,10054.876335152789,0.9598639922730394,0.0376760495088094,30.0,30.0,5275.4,500.0,3731.0,1231.0,18.0,0.2854561174246522,High,Critical,1.0,1.0,2018.0,0.0025324953172353,0.0,6.0,6.783001544864288,0,0
289,Ponmundam,gram_panchayat,Malappuram,42.72487199349664,5.472937888752295,287.2,2018,8191.577059600301,0.9695678861116968,0.0281150353906839,30.0,30.0,5275.4,500.0,3731.0,1231.0,18.0,0.2854561174246522,High,Critical,1.0,1.0,2018.0,0.0040047579118721,0.0,6.0,6.11835275968988,0,0
290,Thanalur,gram_panchayat,Malappuram,18.77116427378369,3.196945325477,232.4,2018,3228.2556399504706,0.9538036023276684,0.0354522222180279,30.0,30.0,5275.4,500.0,3731.0,1231.0,18.0,0.2854561174246522,High,Critical,1.0,1.0,2018.0,0.0143280633452552,0.0,4.0,3.556412075861181,0,0
291,Niramarutur,gram_panchayat,Malappuram,11.619129934308445,2.3467757679280874,232.4,2018,1410.1133767093772,0.9723717649410294,0.0134817121703009,30.0,30.0,5275.4,500.0,3731.0,1231.0,18.0,0.2854561174246522,High,Critical,1.0,1.0,2018.0,0.0149280184580487,0.0,4.0,3.966852427392563,0,0
292,Tirur,municipality,Malappuram,14.779532558183233,3.722071232565939,232.4,2018,3950.483138814127,0.8887316633600528,0.0820868324046781,30.0,30.0,5275.4,500.0,3731.0,1231.0,18.0,0.2854561174246522,High,Critical,1.0,1.0,2018.0,0.0567505688137045,0.0,4.0,41.92812103379052,1,0
293,Cheriyamundam,gram_panchayat,Malappuram,32.67029144498834,5.4384773755801525,265.1,2018,6963.411472905047,0.969154674802487,0.0220392024067969,30.0,30.0,5275.4,500.0,3731.0,1231.0,18.0,0.2854561174246522,High,Critical,1.0,1.0,2018.0,0.0223623292177942,0.0,6.0,14.426254453981583,0,0
294,Valavannur,gram_panchayat,Malappuram,34.9567128958909,5.089506622015144,265.1,2018,6908.301660456505,0.9727187345641092,0.0220664455606902,30.0,30.0,5275.4,500.0,3731.0,1231.0,18.0,0.2854561174246522,High,Critical,1.0,1.0,2018.0,0.0182238898606607,0.0,6.000000000000002,5.798784646728635,0,0
295,Kalpakancheri,gram_panchayat,Malappuram,60.64833239928981,6.003297847389317,265.1,2018,9182.101667791312,0.9659562071916462,0.0307619423269429,30.0,30.0,5275.4,500.0,3731.0,1231.0,18.0,0.2854561174246522,High,Critical,1.0,1.0,2018.0,0.0026552220549742,0.0,6.0,4.7285503283367625,0,0
296,Kottakkal,municipality,Malappuram,55.064624771739126,5.799777648819103,305.3,2018,13534.407955075152,0.8994681347764554,0.0793258162885341,30.0,30.0,5275.4,500.0,3731.0,1231.0,18.0,0.2854561174246522,High,Critical,1.0,1.0,2018.0,0.0089461339372371,0.0,6.0,25.19117659907212,0,0
297,Ponmala,gram_panchayat,Malappuram,62.54901307630869,7.046597264059414,305.3,2018,14786.990496665843,0.9384791709877,0.0376475988609947,30.0,30.0,5275.4,500.0,3731.0,1231.0,18.0,0.2854561174246522,High,Critical,1.0,1.0,2018.0,0.0063438003790925,0.0,6.0,26.71389478766572,0,0
298,Marakkara,gram_panchayat,Malappuram,77.09081996961602,6.74780952509669,288.4,2018,10133.92344892253,0.9502316931852692,0.0332859210066061,30.0,30.0,5275.4,500.0,3731.0,1231.0,18.0,0.2854561174246522,High,Critical,1.0,1.0,2018.0,0.0053780779171141,0.0,6.0,8.0225613824319,0,0
299,Edayur,gram_panchayat,Malappuram,59.53151054015212,7.170818398884105,279.1,2018,6379.192150962814,0.9415997946367076,0.0181492472205726,30.0,30.0,5275.4,500.0,3731.0,1231.0,18.0,0.2854561174246522,High,Critical,1.0,1.0,2018.0,0.0069281842675284,0.0,6.0,9.23073989789012,0,0
300,Irumbiliyum,gram_panchayat,Malappuram,25.514007739079265,5.9943739788060215,263.0,2018,2326.360383978328,0.8972215812376056,0.0162906335882343,30.0,30.0,5275.4,500.0,3731.0,1231.0,18.0,0.2854561174246522,High,Critical,1.0,1.0,2018.0,0.0957587511843255,0.0,5.999999999999996,1041.122932905444,1,0
301,Valanchery,municipality,Malappuram,55.42062407921998,6.926927903530821,263.0,2018,5617.438435705752,0.921779070060804,0.0599120402674435,30.0,30.0,5275.4,500.0,3731.0,1231.0,18.0,0.2854561174246522,High,Critical,1.0,1.0,2018.0,0.0115925570880123,0.0,6.0,15.1596167807915,0,0
302,Kuttippuram,gram_panchayat,Malappuram,31.328796495390176,6.435138287825271,263.0,2018,1576.001742329188,0.8457164491911945,0.0304036298807461,30.0,30.0,5275.4,500.0,3731.0,1231.0,18.0,0.2854561174246522,High,Critical,1.0,1.0,2018.0,0.0888334214260816,0.0,6.000000000000003,2071.4695436049165,1,0
303,Athavanad,gram_panchayat,Malappuram,73.74014198506805,6.243804187259215,288.4,2018,5663.424244154802,0.9396616455305754,0.04490317016334,30.0,30.0,5275.4,500.0,3731.0,1231.0,18.0,0.2854561174246522,High,Critical,1.0,1.0,2018.0,0.002196983326762,0.0,6.0,5.165347087278291,0,0
304,Thirunavaya,gram_panchayat,Malappuram,19.047676898416867,4.368921245454679,257.5,2018,2446.1667742295804,0.9086054198999944,0.0309273551478657,30.0,30.0,5275.4,500.0,3731.0,1231.0,18.0,0.2854561174246522,High,Critical,1.0,1.0,2018.0,0.0714207652297615,0.0,5.999999999999999,1126.944238531835,1,0
305,Thrippengode,gram_panchayat,Malappuram,10.511896307071645,3.168252543250706,257.5,2018,1349.104352483085,0.8912013187351222,0.0192890905486802,30.0,30.0,5275.4,500.0,3731.0,1231.0,18.0,0.2854561174246522,High,Critical,1.0,1.0,2018.0,0.066528935655605,0.0,4.0,642.5861177726204,1,0
306,Thalakkad,gram_panchayat,Malappuram,12.73868023320892,3.369393894411421,265.1,2018,3093.184426684891,0.9567814501617018,0.0221106170621989,30.0,30.0,5275.4,500.0,3731.0,1231.0,18.0,0.2854561174246522,High,Critical,1.0,1.0,2018.0,0.0202390009770033,0.0,4.0,24.146708519402985,0,0
307,Vettom,gram_panchayat,Malappuram,11.498848131054883,2.938103793390089,233.2,2018,1007.7384412520825,0.9401380249006428,0.0185341763331268,30.0,30.0,5275.4,500.0,3731.0,1231.0,18.0,0.2854561174246522,High,Critical,1.0,1.0,2018.0,0.0100345412933846,0.0,4.0,31.47882136279925,0,0
308,Mangalam,gram_panchayat,Malappuram,8.901523919447827,3.060340683292849,233.2,2018,855.2014055111356,0.8735433966572707,0.0184218429720463,30.0,30.0,5275.4,500.0,3731.0,1231.0,18.0,0.2854561174246522,High,Critical,1.0,1.0,2018.0,0.0223780938564555,0.0,4.0,56.955846295181765,0,0
309,Purathoor,gram_panchayat,Malappuram,6.898363805690823,2.8922158706936205,233.2,2018,629.5789744610672,0.7318568106191835,0.009885107821947,30.0,30.0,5275.4,500.0,3731.0,1231.0,18.0,0.2854561174246522,High,Critical,1.0,1.0,2018.0,0.075657775890128,0.0,4.0,766.3073960501085,1,0
310,Tavanur,gram_panchayat,Malappuram,12.104065145360083,4.529475131254411,257.5,2018,1287.3245455020988,0.8026912378009261,0.0226768569123315,30.0,30.0,5275.4,500.0,3731.0,1231.0,18.0,0.2854561174246522,High,Critical,1.0,1.0,2018.0,0.1537160654833398,0.0,4.0,3161.7895090043107,1,0
311,Kaladi,gram_panchayat,Malappuram,7.848112440319034,4.174728375377034,250.0,2018,2766.5012114079614,0.8611656918102973,0.020794925604039,30.0,30.0,5275.4,500.0,3731.0,1231.0,18.0,0.2854561174246522,High,Critical,1.0,1.0,2018.0,0.0716175559051013,0.0,4.0,168.55843801939994,1,0
312,Vattamkulam,gram_panchayat,Malappuram,18.57229485709009,5.100785487359125,250.0,2018,4158.888003830717,0.9540836552738776,0.0350988190944193,30.0,30.0,5275.4,500.0,3731.0,1231.0,18.0,0.2854561174246522,High,Critical,1.0,1.0,2018.0,0.0325099589860616,0.0,4.0,4.654857206547065,0,0
313,Edappal,gram_panchayat,Malappuram,4.853972930869135,3.7862550652490574,250.0,2018,1922.894950532584,0.804879341490142,0.0232287719978439,30.0,30.0,5275.4,500.0,3731.0,1231.0,18.0,0.2854561174246522,High,Critical,1.0,1.0,2018.0,0.247378025258449,0.0,4.0,146.91282642411028,1,0
314,Maranchery,gram_panchayat,Malappuram,6.929537396551289,3.657390764461433,250.0,2018,1202.6564671733834,0.8224972383492806,0.0123267988898946,30.0,30.0,5275.4,500.0,3731.0,1231.0,18.0,0.2854561174246522,High,Critical,1.0,1.0,2018.0,0.1505271027321906,0.0,4.0,16.89841490503029,1,0
315,Ponnani,municipality,Malappuram,6.317193376350012,2.795528192846735,250.0,2018,503.56353144396326,0.7599016586627282,0.0679800981965239,30.0,30.0,5275.4,500.0,3731.0,1231.0,18.0,0.2854561174246522,High,Critical,1.0,1.0,2018.0,0.0438966180608413,0.0,4.0,936.46289720923,0,0
316,Veliyancode,gram_panchayat,Malappuram,7.952141550034684,2.9394108250872333,257.8,2018,1041.3667777642684,0.8826863515107728,0.0208488796943689,30.0,30.0,5275.4,500.0,3731.0,1231.0,18.0,0.2854561174246522,High,Critical,1.0,1.0,2018.0,0.0637942008888485,0.0,4.0,4.780624345232607,1,0
317,Perumbadappu,gram_panchayat,Malappuram,5.884622654767063,3.303202376591347,257.8,2018,1404.581686194896,0.8128394734426592,0.0192935920235405,30.0,30.0,5275.4,500.0,3731.0,1231.0,18.0,0.2854561174246522,High,Critical,1.0,1.0,2018.0,0.2028102939133452,0.0,4.0,39.47960022363242,1,0
318,Nannamukku,gram_panchayat,Malappuram,5.437258590005979,3.759925604123525,257.8,2018,2612.12828012912,0.7396020210979095,0.0189647732468767,30.0,30.0,5275.4,500.0,3731.0,1231.0,18.0,0.2854561174246522,High,Critical,1.0,1.0,2018.0,0.2708356170598761,0.0,4.0,84.31655717377181,1,0
319,Alamkode,gram_panchayat,Malappuram,11.566462325221218,4.361959528872275,257.8,2018,5461.906981000697,0.9211920477842848,0.0374010274704735,30.0,30.0,5275.4,500.0,3731.0,1231.0,18.0,0.2854561174246522,High,Critical,1.0,1.0,2018.0,0.0782340528881127,0.0,4.0,23.489336672951904,1,0
320,Kodur,gram_panchayat,Malappuram,58.21899544529588,6.974330148162863,305.3,2018,16835.389057295797,0.9388390030351036,0.0347640918201253,30.0,30.0,5275.4,500.0,3731.0,1231.0,18.0,0.2854561174246522,High,Critical,1.0,1.0,2018.0,0.0029200894353118,0.0,6.000000000000003,271.4609814374232,0,0
321,Kuruva,gram_panchayat,Malappuram,70.94423989835907,7.644626604683529,273.9,2018,11808.250101767102,0.9553099361584232,0.0224124527204676,30.0,30.0,5275.4,500.0,3731.0,1231.0,18.0,0.2854561174246522,High,Critical,1.0,1.0,2018.0,0.0051814536978729,0.0,6.000000000000004,27.2308243926298,0,0
322,Koottilangadi,gram_panchayat,Malappuram,60.74520023335769,7.407081508190381,247.9,2018,17576.29517712429,0.938592869793044,0.0253781391397888,30.0,30.0,5275.4,500.0,3731.0,1231.0,18.0,0.2854561174246522,High,Critical,1.0,1.0,2018.0,0.0040768643365929,0.0,6.0,292.56853714593115,0,0
323,Makkaraparamba,gram_panchayat,Malappuram,58.3919241096573,7.118972956274066,273.9,2018,15813.45076433944,0.9521790813160392,0.0329863064651022,30.0,30.0,5275.4,500.0,3731.0,1231.0,18.0,0.2854561174246522,High,Critical,1.0,1.0,2018.0,0.0051044024694439,0.0,5.999999999999999,36.18641891060423,0,0
324,Mankada,gram_panchayat,Malappuram,122.38265774345156,11.050724231944306,237.2,2018,17042.641520909776,0.9598714545172128,0.0170681372950949,30.0,30.0,5275.4,500.0,3731.0,1231.0,18.0,0.2854561174246522,High,Critical,1.0,1.0,2018.0,0.0051002364560315,0.0,6.000000000000004,9.132563229229708,0,0
325,Keezhattur,gram_panchayat,Malappuram,84.60712390823389,8.451655028484112,325.9,2018,16161.322614050418,0.975804603573225,0.013732773582788,30.0,30.0,5275.4,500.0,3731.0,1231.0,18.0,0.2854561174246522,High,Critical,1.0,1.0,2018.0,0.0029352260438452,0.0,5.999999999999994,53.98702649682424,0,0
326,Melattur,gram_panchayat,Malappuram,53.30920108241841,5.619225542890885,325.9,2018,15806.431763251274,0.9686510373119096,0.0222166623025117,30.0,30.0,5275.4,500.0,3731.0,1231.0,18.0,0.2854561174246522,High,Critical,1.0,1.0,2018.0,0.0015726103981009,0.0,4.0,117.74991410376713,0,0
327,Edapatta,gram_panchayat,Malappuram,72.77579658384786,6.953832442030536,325.9,2018,17709.399080067513,0.9859803800673282,0.0051302040969683,30.0,30.0,5275.4,500.0,3731.0,1231.0,18.0,0.2854561174246522,High,Critical,1.0,1.0,2018.0,0.0008064420709102,1.0,6.000000000000004,30.16013134072604,0,1
328,Vettattur,gram_panchayat,Malappuram,128.53553046445097,11.463018731052886,231.0,2018,10610.577495540236,0.9560528761263026,0.0118400296514438,30.0,30.0,5275.4,500.0,3731.0,1231.0,18.0,0.2854561174246522,High,Critical,1.0,1.0,2018.0,0.0023987718979446,0.0,6.000000000000005,8.704560688005696,0,0
329,Tazhekkod,gram_panchayat,Malappuram,106.59712972607517,8.81852036918845,231.0,2018,7187.090568136005,0.9508956123060632,0.0247797526524093,30.0,30.0,5275.4,500.0,3731.0,1231.0,18.0,0.2854561174246522,High,Critical,1.0,1.0,2018.0,0.0008400748241987,0.0,5.999999999999995,7.11594282243393,0,0
330,Aliparamba,gram_panchayat,Malappuram,65.49229669087416,7.03205039024694,204.1,2018,3340.1535027019186,0.9556399276433238,0.0240636372842885,30.0,30.0,5275.4,500.0,3731.0,1231.0,18.0,0.2854561174246522,High,Critical,1.0,1.0,2018.0,0.0083974225401755,0.0,5.999999999999999,230.6078890965809,0,0
331,Elamkulam,gram_panchayat,Malappuram,51.87346826012307,6.988122729552222,260.1,2018,5504.336846715061,0.9384897970382784,0.0243134132591508,30.0,30.0,5275.4,500.0,3731.0,1231.0,18.0,0.2854561174246522,High,Critical,1.0,1.0,2018.0,0.0189591992886557,0.0,5.999999999999998,300.7946377261892,0,0
332,Perinthalmanna,municipality,Malappuram,68.69383653368789,6.777028298994951,260.1,2018,7902.094980822751,0.8898043149240693,0.0856411454514542,30.0,30.0,5275.4,500.0,3731.0,1231.0,18.0,0.2854561174246522,High,Critical,1.0,1.0,2018.0,0.0034319250742078,0.0,6.000000000000006,9.16392421357481,0,0
333,Angadippuram,gram_panchayat,Malappuram,62.28977247053341,6.865152055871085,239.4,2018,12415.44599356254,0.9291858858516664,0.0542701838947506,30.0,30.0,5275.4,500.0,3731.0,1231.0,18.0,0.2854561174246522,High,Critical,1.0,1.0,2018.0,0.0069866430692314,0.0,6.000000000000006,30.631269213241413,0,0
334,Puzhakkatiri,gram_panchayat,Malappuram,62.64282402035231,7.1105302979660685,273.9,2018,11685.067114051231,0.9544151338925734,0.0303459981749422,30.0,30.0,5275.4,500.0,3731.0,1231.0,18.0,0.2854561174246522,High,Critical,1.0,1.0,2018.0,0.0098648767734923,0.0,6.0,36.4625715354627,0,0
335,Pulamanthole,gram_panchayat,Malappuram,64.7467277793963,6.980549107650449,260.1,2018,8265.558876293942,0.9309734570804534,0.0334238779624152,30.0,30.0,5275.4,500.0,3731.0,1231.0,18.0,0.2854561174246522,High,Critical,1.0,1.0,2018.0,0.0192513537789588,0.0,6.000000000000001,164.47676175621763,0,0
336,Moorkanade,gram_panchayat,Malappuram,54.19820314230189,6.899521828189847,279.1,2018,5804.266261339441,0.9558680820106328,0.0172381298979697,30.0,30.0,5275.4,500.0,3731.0,1231.0,18.0,0.2854561174246522,High,Critical,1.0,1.0,2018.0,0.0138089542074692,0.0,6.0,48.76113732946876,0,0
337,Punnayoorkulam,gram_panchayat,Thrissur,6.38305706783967,3.184102121557807,290.5,2018,2594.023209939883,0.8751958636553245,0.0220462949916022,72.0,26.0,3569.25,2889.0,18241.0,598.0,41.0,0.5109015589882728,Critical,High,1.0,1.0,2018.0,0.1351792598856292,0.0,4.0,11.26070458694292,1,0
338,Vadakkekkad,gram_panchayat,Thrissur,11.082316278880691,3.038338264323756,290.5,2018,3905.8841194133206,0.9510477560042868,0.0239166411346273,72.0,26.0,3569.25,2889.0,18241.0,598.0,41.0,0.5109015589882728,Critical,High,1.0,1.0,2018.0,0.033929329015087,0.0,4.0,6.557683545024778,0,0
339,Punnayoor,gram_panchayat,Thrissur,5.52774909108599,2.844980299651843,290.5,2018,1302.885593485038,0.8509073266346641,0.0393813712645165,72.0,26.0,3569.25,2889.0,18241.0,598.0,41.0,0.5109015589882728,Critical,High,1.0,1.0,2018.0,0.0695529787118719,0.0,4.0,9.787179211462991,1,0
340,Guruvayoor,municipality,Thrissur,10.794159444791775,2.887812170578177,332.3,2018,2184.764494977688,0.8901171885554574,0.0700175883757552,72.0,26.0,3569.25,2889.0,18241.0,598.0,41.0,0.5109015589882728,Critical,High,1.0,1.0,2018.0,0.0116965030323959,0.0,4.0,7.454884967896977,0,0
341,Chavakkad,municipality,Thrissur,6.026009708363028,2.693582167321891,332.3,2018,775.4424269406088,0.8515177359615846,0.0640851083853848,72.0,26.0,3569.25,2889.0,18241.0,598.0,41.0,0.5109015589882728,Critical,High,1.0,1.0,2018.0,0.0193503857426023,0.0,4.0,5.565815619028293,0,0
342,Kadappuram,gram_panchayat,Thrissur,5.334436903382429,2.523195492604156,332.3,2018,466.356356780381,0.8369530660355521,0.0385174234063637,72.0,26.0,3569.25,2889.0,18241.0,598.0,41.0,0.5109015589882728,Critical,High,1.0,1.0,2018.0,0.027681767793857,0.0,4.0,679.0087693779659,0,0
343,Orumanayoor,gram_panchayat,Thrissur,5.698246943550684,2.7070446557533123,332.3,2018,465.8710722759686,0.7869123474184246,0.0447411677840568,72.0,26.0,3569.25,2889.0,18241.0,598.0,41.0,0.5109015589882728,Critical,High,1.0,1.0,2018.0,0.0397722422175464,0.0,4.0,16.90140417506331,0,0
344,Pavaratty,gram_panchayat,Thrissur,10.107683340053798,2.7001936630539185,332.3,2018,1201.601053120349,0.8113062071125665,0.0451168634739475,72.0,26.0,3569.25,2889.0,18241.0,598.0,41.0,0.5109015589882728,Critical,High,1.0,1.0,2018.0,0.0402625936416338,0.0,4.0,9.510987047028973,0,0
345,Elavally,gram_panchayat,Thrissur,9.14283759853596,3.6967101454574034,322.5,2018,2634.081252001069,0.9544490716134816,0.0136462516805173,72.0,26.0,3569.25,2889.0,18241.0,598.0,41.0,0.5109015589882728,Critical,High,1.0,1.0,2018.0,0.2202886956840507,0.0,4.0,121.68598509341231,1,0
346,Mullassery,gram_panchayat,Thrissur,7.39511572259616,3.5123361895535585,322.5,2018,1659.6145130007149,0.9436637959394611,0.0183472839431612,72.0,26.0,3569.25,2889.0,18241.0,598.0,41.0,0.5109015589882728,Critical,High,1.0,1.0,2018.0,0.3575040479018061,0.0,4.0,118.4615469684007,1,0
347,Venkitangu,gram_panchayat,Thrissur,4.248327056983247,2.634149812112094,312.1,2018,972.05805859107,0.8674065534966751,0.0170650262372501,72.0,26.0,3569.25,2889.0,18241.0,598.0,41.0,0.5109015589882728,Critical,High,1.0,1.0,2018.0,0.4149281949758174,0.0,4.0,509.0364764578351,1,0
348,Engandiyoor,gram_panchayat,Thrissur,6.641975015127899,2.561896607495009,312.1,2018,509.9665987933043,0.8154804560406488,0.0229548511525444,72.0,26.0,3569.25,2889.0,18241.0,598.0,41.0,0.5109015589882728,Critical,High,1.0,1.0,2018.0,0.0456014583993971,0.0,4.0,633.0151795238393,0,0
349,Vadanappilly,gram_panchayat,Thrissur,8.42320930463918,2.594910875582252,312.1,2018,795.6405324247519,0.9146918165922456,0.0414910397239717,72.0,26.0,3569.25,2889.0,18241.0,598.0,41.0,0.5109015589882728,Critical,High,1.0,1.0,2018.0,0.0171993607312718,0.0,4.0,5.097818019205858,0,0
350,Thalikulam,gram_panchayat,Thrissur,9.697709573424502,2.476117685615648,310.1,2018,734.8420769995714,0.9251590658877434,0.0381049623364416,72.0,26.0,3569.25,2889.0,18241.0,598.0,41.0,0.5109015589882728,Critical,High,1.0,1.0,2018.0,0.0058968440625763,0.0,4.0,5.128394669210184,0,0
351,Nattika,gram_panchayat,Thrissur,10.48510901705268,2.7074177971788247,310.1,2018,714.5806127706876,0.8771485799827439,0.0677398746991453,72.0,26.0,3569.25,2889.0,18241.0,598.0,41.0,0.5109015589882728,Critical,High,1.0,1.0,2018.0,0.007057926703553,0.0,4.0,2.491395509521442,0,0
352,Valappad,gram_panchayat,Thrissur,9.607492915845722,2.438020161663653,292.5,2018,1156.3226252354236,0.9456649128760528,0.0357344540010872,72.0,26.0,3569.25,2889.0,18241.0,598.0,41.0,0.5109015589882728,Critical,High,1.0,1.0,2018.0,0.0009043787525709,0.0,4.0,3.743224813915042,0,0
353,Kattakampal,gram_panchayat,Thrissur,7.725660177784263,4.099388753859996,290.5,2018,5453.798313794041,0.7252731822517452,0.0411036052063146,72.0,26.0,3569.25,2889.0,18241.0,598.0,41.0,0.5109015589882728,Critical,High,1.0,1.0,2018.0,0.3107471547080386,0.0,4.0,24.832769056342205,1,0
354,Kadavalloor,gram_panchayat,Thrissur,23.398037224092683,4.452792978408595,263.4,2018,9326.11846142096,0.9445021244770064,0.0385521023749875,72.0,26.0,3569.25,2889.0,18241.0,598.0,41.0,0.5109015589882728,Critical,High,1.0,1.0,2018.0,0.028043447919007,0.0,5.999999999999999,13.120670195624808,0,0
355,Kadangode,gram_panchayat,Thrissur,36.4259463183236,5.459180873395535,286.6,2018,8647.664742839039,0.945916346212937,0.0273086168194737,72.0,26.0,3569.25,2889.0,18241.0,598.0,41.0,0.5109015589882728,Critical,High,1.0,1.0,2018.0,0.0064364554152398,0.0,5.9999999999999964,32.16064294201319,0,0
356,Porkulam,gram_panchayat,Thrissur,14.32640763342413,4.090912309929916,286.6,2018,8418.615048778314,0.8509660736799287,0.0348889764266794,72.0,26.0,3569.25,2889.0,18241.0,598.0,41.0,0.5109015589882728,Critical,High,1.0,1.0,2018.0,0.1696478340433101,0.0,4.0,15.080109393129735,1,0
357,Chowannur,gram_panchayat,Thrissur,14.460128333716025,4.2832365194171365,286.6,2018,5896.729301051568,0.9404796983278276,0.0445478617074117,72.0,26.0,3569.25,2889.0,18241.0,598.0,41.0,0.5109015589882728,Critical,High,1.0,1.0,2018.0,0.0878389272439458,0.0,4.0,8.133859374129363,1,0
358,Kunnamkulam,municipality,Thrissur,13.880132115603834,3.9251885152729207,286.6,2018,6060.937271876135,0.9038784375812968,0.0714749270400657,72.0,26.0,3569.25,2889.0,18241.0,598.0,41.0,0.5109015589882728,Critical,High,1.0,1.0,2018.0,0.052791825775189,0.0,4.0,6.760420566579311,1,0
359,Kandanassery,gram_panchayat,Thrissur,16.36806836416469,4.226147296093167,322.5,2018,3094.131358895037,0.94331360492702,0.0356043075979724,72.0,26.0,3569.25,2889.0,18241.0,598.0,41.0,0.5109015589882728,Critical,High,1.0,1.0,2018.0,0.0743024856809602,0.0,4.0,67.2422404616226,1,0
360,Choondal,gram_panchayat,Thrissur,16.255261199759023,3.949610340593107,286.6,2018,3086.936428530847,0.9253808176239168,0.0590060581745988,72.0,26.0,3569.25,2889.0,18241.0,598.0,41.0,0.5109015589882728,Critical,High,1.0,1.0,2018.0,0.0544172341568832,0.0,4.0,79.41579642007825,1,0
361,Velur,gram_panchayat,Thrissur,27.59977668772858,4.718239194407419,290.1,2018,6977.294667181231,0.9578928435947692,0.0277249155333717,72.0,26.0,3569.25,2889.0,18241.0,598.0,41.0,0.5109015589882728,Critical,High,1.0,1.0,2018.0,0.005928221311813,0.0,6.0,49.94572171247687,0,0
362,Varavoor,gram_panchayat,Thrissur,62.96658652752608,8.366392735585523,352.4,2018,5539.973210735924,0.9598256469924996,0.0110252366116286,72.0,26.0,3569.25,2889.0,18241.0,598.0,41.0,0.5109015589882728,Critical,High,1.0,1.0,2018.0,0.0106855581067448,0.0,6.0,7.215786244860066,0,0
363,Desamangalam,gram_panchayat,Thrissur,47.72638012787552,7.1364736755874665,345.7,2018,2988.608110103245,0.8821068092752297,0.0139538330483466,72.0,26.0,3569.25,2889.0,18241.0,598.0,41.0,0.5109015589882728,Critical,High,1.0,1.0,2018.0,0.0694476354638982,0.0,6.000000000000002,1350.220414469051,1,0
364,Vallathole Nagar,gram_panchayat,Thrissur,51.19990405741347,6.519904755034501,352.4,2018,1922.908842060388,0.8939598500587708,0.042394309556802,72.0,26.0,3569.25,2889.0,18241.0,598.0,41.0,0.5109015589882728,Critical,High,1.0,1.0,2018.0,0.0341203113815518,0.0,6.0,754.3385832839155,0,0
365,Panjal,gram_panchayat,Thrissur,52.06466825454999,6.605680085945241,338.4,2018,5296.692469022775,0.9194373250202506,0.0143054035156214,72.0,26.0,3569.25,2889.0,18241.0,598.0,41.0,0.5109015589882728,Critical,High,1.0,1.0,2018.0,0.0321178827887758,0.0,6.000000000000002,1017.5028992579304,0,0
366,Chelakkara,gram_panchayat,Thrissur,78.13847548022079,8.003890071650375,342.0,2018,5540.874323428606,0.9491623822095984,0.0155943267370579,72.0,26.0,3569.25,2889.0,18241.0,598.0,41.0,0.5109015589882728,Critical,High,1.0,1.0,2018.0,0.0073828020255409,0.0,6.000000000000001,50.88947710411871,0,0
367,Kondazhy,gram_panchayat,Thrissur,61.749751033826776,5.877133563249959,265.7,2018,3928.572369632114,0.8947128422025528,0.008069177367509,72.0,26.0,3569.25,2889.0,18241.0,598.0,41.0,0.5109015589882728,Critical,High,1.0,1.0,2018.0,0.0374115419813199,0.0,5.999999999999998,989.4785400416469,0,0
368,Thiruvilwamala,gram_panchayat,Thrissur,62.87255574957601,5.409224672502712,265.7,2018,1992.527003370288,0.8794719421281268,0.0246645063023253,72.0,26.0,3569.25,2889.0,18241.0,598.0,41.0,0.5109015589882728,Critical,High,1.0,1.0,2018.0,0.0232908465994825,0.0,5.999999999999999,517.3875302340336,0,0
369,Pazhayannur,gram_panchayat,Thrissur,115.2427763016896,9.357773564969074,291.4,2018,3722.326793913309,0.9577516909746496,0.0068021045917255,72.0,26.0,3569.25,2889.0,18241.0,598.0,41.0,0.5109015589882728,Critical,High,1.0,1.0,2018.0,0.0069360536015956,2.0,6.000000000000005,59.36450222116839,0,1
370,Thekkumkara,gram_panchayat,Thrissur,73.06231724481871,7.661977823277114,328.1,2018,2655.2924737817307,0.9378429740314412,0.0106028798663491,72.0,26.0,3569.25,2889.0,18241.0,598.0,41.0,0.5109015589882728,Critical,High,1.0,1.0,2018.0,0.0136622018915793,1.0,6.0,13.425512784240292,0,1
371,Mullurkkara,gram_panchayat,Thrissur,133.42055844037466,12.366899182099209,328.1,2018,4489.165680024212,0.9690892359075608,0.012385657745152,72.0,26.0,3569.25,2889.0,18241.0,598.0,41.0,0.5109015589882728,Critical,High,1.0,1.0,2018.0,0.0046815466397529,0.0,6.0,5.664801546820653,0,0
372,Erumapetty,gram_panchayat,Thrissur,45.854561957318296,7.285512086732207,290.1,2018,8251.679375137894,0.9628779619271656,0.0207190940813507,72.0,26.0,3569.25,2889.0,18241.0,598.0,41.0,0.5109015589882728,Critical,High,1.0,1.0,2018.0,0.0086864073757014,0.0,6.0,35.42531358432038,0,0
373,Wadakanchery,municipality,Thrissur,47.98575576206306,6.793169732697345,328.1,2018,6153.6656075818455,0.944368330339684,0.0382865047686726,72.0,26.0,3569.25,2889.0,18241.0,598.0,41.0,0.5109015589882728,Critical,High,1.0,1.0,2018.0,0.0026135634799199,0.0,6.0,16.722905092190473,0,0
374,Tholur,gram_panchayat,Thrissur,7.797324956624171,3.2796778135853124,322.5,2018,2977.565834888152,0.9335508130341308,0.0316918917902859,72.0,26.0,3569.25,2889.0,18241.0,598.0,41.0,0.5109015589882728,Critical,High,1.0,1.0,2018.0,0.3838924060953646,0.0,4.0,11.41487738664154,1,0
375,Kaiparambu,gram_panchayat,Thrissur,13.457890940866804,3.715617480364954,312.6,2018,3745.182371628209,0.8927783320392252,0.0734200039787051,72.0,26.0,3569.25,2889.0,18241.0,598.0,41.0,0.5109015589882728,Critical,High,1.0,1.0,2018.0,0.1193396339242791,0.0,7.000000000000004,13.148979913638344,1,0
376,Avanur,gram_panchayat,Thrissur,16.670269253196,3.55974976119113,312.6,2018,5943.662933678652,0.89441196434079,0.0728915270276029,72.0,26.0,3569.25,2889.0,18241.0,598.0,41.0,0.5109015589882728,Critical,High,1.0,1.0,2018.0,0.010898346753276,0.0,5.999999999999998,26.441481868541192,0,0
377,Mulamkunnathukavu,gram_panchayat,Thrissur,68.21874491733846,7.681816372790201,356.90000000000003,2018,2355.507406743136,0.915934569232136,0.04287568632038,72.0,26.0,3569.25,2889.0,18241.0,598.0,41.0,0.5109015589882728,Critical,High,1.0,1.0,2018.0,0.0034056038051767,0.0,6.0,3.0574047599718783,0,0
378,Madakkathara,gram_panchayat,Thrissur,49.37437998459747,6.699805463796263,356.90000000000003,2018,5046.610329013315,0.8938039222598664,0.0570958378887871,72.0,26.0,3569.25,2889.0,18241.0,598.0,41.0,0.5109015589882728,Critical,High,1.0,1.0,2018.0,0.0018043698424488,0.0,5.999999999999998,22.219502932899303,0,0
379,Pananchery,gram_panchayat,Thrissur,142.33957444606776,11.381146621428744,380.8,2018,3041.789467388869,0.9240664725401178,0.0132102598835255,72.0,26.0,3569.25,2889.0,18241.0,598.0,41.0,0.5109015589882728,Critical,High,1.0,1.0,2018.0,0.0184860238771767,19.0,6.0,23.93725602055533,0,1
380,Puthur,gram_panchayat,Thrissur,226.98902465728207,12.132386779538876,430.1,2018,3588.056366876202,0.9535023626362832,0.0204607123509329,72.0,26.0,3569.25,2889.0,18241.0,598.0,41.0,0.5109015589882728,Critical,High,1.0,1.0,2018.0,0.0047937361165808,13.0,6.030302416649994,27.80577701756563,0,1
381,Kolazhy,gram_panchayat,Thrissur,13.962035568967424,3.413224958617886,312.6,2018,5155.608617570443,0.8216443694780122,0.1377184760421703,72.0,26.0,3569.25,2889.0,18241.0,598.0,41.0,0.5109015589882728,Critical,High,1.0,1.0,2018.0,0.057203710280569,0.0,6.000000000000001,35.56422263344766,1,0
382,Adat,gram_panchayat,Thrissur,7.577328349169343,3.4167980207902957,312.6,2018,3899.746041954112,0.8625184479448409,0.0895309110493433,72.0,26.0,3569.25,2889.0,18241.0,598.0,41.0,0.5109015589882728,Critical,High,1.0,1.0,2018.0,0.448535085708262,0.0,4.0,147.14437842504842,1,0
383,Nadathara,gram_panchayat,Thrissur,45.75908357449044,6.90205515289149,402.0,2018,4803.116829653989,0.9105739913760806,0.0625852579540738,72.0,26.0,3569.25,2889.0,18241.0,598.0,41.0,0.5109015589882728,Critical,High,1.0,1.0,2018.0,0.0043936075117384,2.0,6.0,106.3986013435788,0,1
384,Manalur,gram_panchayat,Thrissur,5.812652562978668,3.282240171503267,312.1,2018,1154.6225689448638,0.8648998135008984,0.0347077791262981,72.0,26.0,3569.25,2889.0,18241.0,598.0,41.0,0.5109015589882728,Critical,High,1.0,1.0,2018.0,0.280010394291306,0.0,4.0,854.9664241805826,1,0
385,Arimbur,gram_panchayat,Thrissur,2.5654234262822384,3.0386587757805272,312.1,2018,2565.549659017976,0.8877023411472657,0.0589730466958418,72.0,26.0,3569.25,2889.0,18241.0,598.0,41.0,0.5109015589882728,Critical,High,1.0,1.0,2018.0,0.5408389685036421,0.0,4.0,212.4457705753449,1,0
386,Anthikkad,gram_panchayat,Thrissur,7.608318310744583,3.15202426151035,310.1,2018,2336.5137586447986,0.9373712923813048,0.0264289582534547,72.0,26.0,3569.25,2889.0,18241.0,598.0,41.0,0.5109015589882728,Critical,High,1.0,1.0,2018.0,0.2093745683088239,0.0,4.0,77.50186846289573,1,0
387,Thanniam,gram_panchayat,Thrissur,10.59393680169024,3.372175578877133,310.1,2018,1115.1270130044286,0.9440757689635036,0.0228925663345873,72.0,26.0,3569.25,2889.0,18241.0,598.0,41.0,0.5109015589882728,Critical,High,1.0,1.0,2018.0,0.0729946256793628,0.0,4.0,5.356022369824593,1,0
388,Chazhur,gram_panchayat,Thrissur,4.222499803752769,3.050075885084196,310.1,2018,3464.245047584047,0.9372814563751264,0.0193691804307594,72.0,26.0,3569.25,2889.0,18241.0,598.0,41.0,0.5109015589882728,Critical,High,1.0,1.0,2018.0,0.3998071227194656,0.0,4.0,287.61693952984785,1,0
389,Paralam,gram_panchayat,Thrissur,8.475140231423945,3.744948554921705,381.5,2018,5187.011149726237,0.9243421575111612,0.0493555562877043,72.0,26.0,3569.25,2889.0,18241.0,598.0,41.0,0.5109015589882728,Critical,High,1.0,1.0,2018.0,0.3845922470615423,0.0,4.0,174.86912101170475,1,0
390,Avinissery,gram_panchayat,Thrissur,18.149606749472703,3.8147752490924502,381.5,2018,3151.424684333733,0.7981675441748545,0.1438872831617373,72.0,26.0,3569.25,2889.0,18241.0,598.0,41.0,0.5109015589882728,Critical,High,1.0,1.0,2018.0,0.0504320758550371,0.0,4.0,10.15314151050971,1,0
391,Cherpu,gram_panchayat,Thrissur,8.370871419985749,3.5627581535213606,381.5,2018,3349.697297667447,0.855410602112858,0.0885957305956259,72.0,26.0,3569.25,2889.0,18241.0,598.0,41.0,0.5109015589882728,Critical,High,1.0,1.0,2018.0,0.267176951357924,0.0,4.0,428.5533744680224,1,0
392,Vallachira,gram_panchayat,Thrissur,15.45824467299988,4.031164905659363,381.5,2018,1370.4106871803,0.8691202332950995,0.0558433256555543,72.0,26.0,3569.25,2889.0,18241.0,598.0,41.0,0.5109015589882728,Critical,High,1.0,1.0,2018.0,0.0431458009899207,0.0,4.0,369.3542286488321,0,0
393,Varantharappilly,gram_panchayat,Thrissur,194.85355938401293,13.478220074931166,444.3,2018,4852.239859722274,0.9449885279722666,0.0084665531068053,72.0,26.0,3569.25,2889.0,18241.0,598.0,41.0,0.5109015589882728,Critical,High,1.0,1.0,2018.0,0.0163000004624862,15.0,5.999999999999994,79.5641111959155,0,1
394,Mattathur,gram_panchayat,Thrissur,224.5607510961755,14.353045609930149,463.0,2018,4705.000046792822,0.9334612781563454,0.0060515782206612,72.0,26.0,3569.25,2889.0,18241.0,598.0,41.0,0.5109015589882728,Critical,High,1.0,1.0,2018.0,0.0189809550651155,30.0,6.000000000000005,28.11344242505584,0,1
395,Athirappilly,gram_panchayat,Thrissur,580.4523805023632,15.476429355690128,666.5,2018,2452.99322484628,0.9304337754154738,0.0005666118405556,72.0,26.0,3569.25,2889.0,18241.0,598.0,41.0,0.5109015589882728,Critical,High,1.0,1.0,2018.0,0.011576814188762,134.0,4.0,180.2018881839437,0,1
396,Kodassery,gram_panchayat,Thrissur,276.01086773899937,13.752570766121144,472.3,2018,6095.38385478755,0.9757077061126296,0.0064271135336261,72.0,26.0,3569.25,2889.0,18241.0,598.0,41.0,0.5109015589882728,Critical,High,1.0,1.0,2018.0,0.001414478682543,32.0,5.99999999999999,12.899396906386295,0,1
397,Pariyaram,gram_panchayat,Thrissur,54.35007778947982,8.053527236320738,391.3,2018,3631.9146729694903,0.948655930498376,0.0254323515574498,72.0,26.0,3569.25,2889.0,18241.0,598.0,41.0,0.5109015589882728,Critical,High,1.0,1.0,2018.0,0.0077788242403592,7.0,6.0,425.325604149232,0,1
398,Meloor,gram_panchayat,Thrissur,20.95481539044063,4.239053661809126,391.3,2018,1799.0176174534818,0.8939238524783911,0.0389504227509566,72.0,26.0,3569.25,2889.0,18241.0,598.0,41.0,0.5109015589882728,Critical,High,1.0,1.0,2018.0,0.0167235340079481,0.0,6.000000000000003,905.1396213444448,0,0
399,Koratty,gram_panchayat,Thrissur,25.67332231911364,4.034484949066686,391.3,2018,3313.499228513224,0.8952680739067791,0.0813881432462033,72.0,26.0,3569.25,2889.0,18241.0,598.0,41.0,0.5109015589882728,Critical,High,1.0,1.0,2018.0,0.0086622145420948,0.0,5.999999999999997,5.014803070697665,0,0
400,Kodakara,gram_panchayat,Thrissur,18.81211569885952,3.824809784382544,445.7,2018,5263.281824270541,0.8972655924562777,0.0811135864272721,72.0,26.0,3569.25,2889.0,18241.0,598.0,41.0,0.5109015589882728,Critical,High,1.0,1.0,2018.0,0.0058029809723131,0.0,5.999999999999999,12.318860180529468,0,0
401,Aloor,gram_panchayat,Thrissur,21.2440456333177,3.5671247724865265,422.8,2018,4517.636388145753,0.911391969384089,0.0533560317127997,72.0,26.0,3569.25,2889.0,18241.0,598.0,41.0,0.5109015589882728,Critical,High,1.0,1.0,2018.0,0.0203070485512868,0.0,4.0,5.483961658150656,0,0
402,Chalakudy,municipality,Thrissur,17.40478293087409,3.480413403603853,422.8,2018,2094.485124760599,0.7513042071090771,0.1778251584471138,72.0,26.0,3569.25,2889.0,18241.0,598.0,41.0,0.5109015589882728,Critical,High,1.0,1.0,2018.0,0.0491227167311606,0.0,4.0,332.9424832518439,0,0
403,Kadukutty,gram_panchayat,Thrissur,10.525357438267983,3.655863466939637,422.8,2018,954.2240648400592,0.8587979514704942,0.0477670639449519,72.0,26.0,3569.25,2889.0,18241.0,598.0,41.0,0.5109015589882728,Critical,High,1.0,1.0,2018.0,0.131669977179691,0.0,4.0,648.3959041827436,1,0
404,Annamanada,gram_panchayat,Thrissur,11.206889289263469,3.3873331625091527,377.1,2018,1772.062446575283,0.9002755759901668,0.0280656627898962,72.0,26.0,3569.25,2889.0,18241.0,598.0,41.0,0.5109015589882728,Critical,High,1.0,1.0,2018.0,0.1390081853794063,0.0,4.0,586.2231441459411,1,0
405,Kuzhur,gram_panchayat,Thrissur,9.248663068795244,3.490494128362442,377.1,2018,2002.6575303423735,0.8390047243013111,0.0173026020919406,72.0,26.0,3569.25,2889.0,18241.0,598.0,41.0,0.5109015589882728,Critical,High,1.0,1.0,2018.0,0.2342174412548561,0.0,4.0,260.34114303619674,1,0
406,Mala,gram_panchayat,Thrissur,13.9719581426235,3.7132813519382255,372.5,2018,1872.9629447290029,0.8557189094047133,0.0513586021912561,72.0,26.0,3569.25,2889.0,18241.0,598.0,41.0,0.5109015589882728,Critical,High,1.0,1.0,2018.0,0.0434376198955189,0.0,4.0,51.170569021341386,0,0
407,Poyya,gram_panchayat,Thrissur,9.709761454962416,3.630683185239207,372.5,2018,1171.1464997350654,0.7537669936479536,0.0202147688967485,72.0,26.0,3569.25,2889.0,18241.0,598.0,41.0,0.5109015589882728,Critical,High,1.0,1.0,2018.0,0.0925401367544275,0.0,7.0,29.46337296197762,1,0
408,Kodungallur,municipality,Thrissur,9.151479332385506,2.887645192183973,300.1,2018,553.0282476909936,0.7005737927022531,0.0748958462536524,72.0,26.0,3569.25,2889.0,18241.0,598.0,41.0,0.5109015589882728,Critical,High,1.0,1.0,2018.0,0.0278444692970891,0.0,4.0,436.0147600219973,0,0
409,Eriyad,gram_panchayat,Thrissur,10.327800661882282,2.417186828556427,300.1,2018,1222.4537832876465,0.8762091671631245,0.0553327085954577,72.0,26.0,3569.25,2889.0,18241.0,598.0,41.0,0.5109015589882728,Critical,High,1.0,1.0,2018.0,0.0024732642103669,0.0,4.0,2.638467456143668,0,0
410,Edavilangu,gram_panchayat,Thrissur,11.2093519629075,2.577663491394312,300.1,2018,1530.3424090072203,0.958019063778406,0.0302459332738914,72.0,26.0,3569.25,2889.0,18241.0,598.0,41.0,0.5109015589882728,Critical,High,1.0,1.0,2018.0,0.0013627391345115,0.0,4.0,4.245734320218149,0,0
411,Sree Narayanapuram,gram_panchayat,Thrissur,10.429424661395094,2.6665490143413084,300.1,2018,1095.4578736436576,0.9089954558879298,0.0246430321357007,72.0,26.0,3569.25,2889.0,18241.0,598.0,41.0,0.5109015589882728,Critical,High,1.0,1.0,2018.0,0.0062845005639412,0.0,4.0,11.456583094143737,0,0
412,Mathilakam,gram_panchayat,Thrissur,10.219401131468588,2.5892782424859297,291.9,2018,1223.4039074205696,0.9321012132149896,0.047495170952272,72.0,26.0,3569.25,2889.0,18241.0,598.0,41.0,0.5109015589882728,Critical,High,1.0,1.0,2018.0,0.0033840666798578,0.0,4.0,5.113262409607928,0,0
413,Perinjanam,gram_panchayat,Thrissur,10.28844049448142,2.5421060036084957,291.9,2018,1482.6755957591895,0.9537775150216,0.035793304897265,72.0,26.0,3569.25,2889.0,18241.0,598.0,41.0,0.5109015589882728,Critical,High,1.0,1.0,2018.0,0.007545302911293,0.0,4.0,3.083987424342879,0,0
414,Kaipamangalam,gram_panchayat,Thrissur,9.81720902372946,2.46819460690732,292.5,2018,1824.534387142608,0.9260891261838436,0.0551081583392967,72.0,26.0,3569.25,2889.0,18241.0,598.0,41.0,0.5109015589882728,Critical,High,1.0,1.0,2018.0,0.009855564366464,0.0,4.0,9.985154689057676,0,0
415,Edathiruthy,gram_panchayat,Thrissur,7.928432157027863,2.940860654766179,292.5,2018,2487.406499525161,0.9381265263186526,0.0334796697849938,72.0,26.0,3569.25,2889.0,18241.0,598.0,41.0,0.5109015589882728,Critical,High,1.0,1.0,2018.0,0.0756729659762608,0.0,4.0,24.59812156004475,1,0
416,Kattoor,gram_panchayat,Thrissur,9.634887029379168,3.378621882490368,292.5,2018,2681.859816120164,0.936333110751421,0.0408055658095742,72.0,26.0,3569.25,2889.0,18241.0,598.0,41.0,0.5109015589882728,Critical,High,1.0,1.0,2018.0,0.1485070027855981,0.0,4.0,2.9763963874110546,1,0
417,Padiyoor,gram_panchayat,Kannur,4.020220968263357,3.0974807901512893,291.9,2018,1954.72870710633,0.909671587631982,0.0124563565630696,6.0,17.0,926.53,121.0,3216.0,100.0,20.0,0.0738165066155542,Low,High,0.0,1.0,2018.0,0.2038071983176154,0.0,4.0,49.71315659556071,1,0
418,Vellangalur,gram_panchayat,Thrissur,10.662296770700763,3.76091986327615,393.4,2018,1914.437701270496,0.8517846997738039,0.0349624216177793,72.0,26.0,3569.25,2889.0,18241.0,598.0,41.0,0.5109015589882728,Critical,High,1.0,1.0,2018.0,0.0639269700302602,0.0,4.0,42.512732253957125,1,0
419,Puthenchira,gram_panchayat,Thrissur,10.080961946788545,3.5712789204296165,393.4,2018,1630.4889339043743,0.7446421670082399,0.0210125838959599,72.0,26.0,3569.25,2889.0,18241.0,598.0,41.0,0.5109015589882728,Critical,High,1.0,1.0,2018.0,0.0642716312006702,0.0,4.0,17.33015093959057,1,0
420,Velookkara,gram_panchayat,Thrissur,13.401012045311374,3.429086374810061,393.4,2018,4443.419526303272,0.9135302820613516,0.0380656927613381,72.0,26.0,3569.25,2889.0,18241.0,598.0,41.0,0.5109015589882728,Critical,High,1.0,1.0,2018.0,0.0643711780925603,0.0,7.000000000000001,7.871802835870103,1,0
421,Muriyad,gram_panchayat,Thrissur,10.470267250506616,3.6992260829557018,393.9,2018,1898.0024006446909,0.8454751629387526,0.0399706720992342,72.0,26.0,3569.25,2889.0,18241.0,598.0,41.0,0.5109015589882728,Critical,High,1.0,1.0,2018.0,0.2416831358029016,0.0,4.0,133.62638043852584,1,0
422,Irinjalakuda,municipality,Thrissur,10.158160964320096,3.5690797355413806,393.9,2018,1674.796358014806,0.7763363803382358,0.1276683777796949,72.0,26.0,3569.25,2889.0,18241.0,598.0,41.0,0.5109015589882728,Critical,High,1.0,1.0,2018.0,0.1822856844367204,0.0,6.999999999999995,4.218128133444818,1,0
423,Parappookkara,gram_panchayat,Thrissur,8.735409758400108,3.496776591304672,393.9,2018,1476.150237223247,0.8130750494506893,0.0611256127707187,72.0,26.0,3569.25,2889.0,18241.0,598.0,41.0,0.5109015589882728,Critical,High,1.0,1.0,2018.0,0.1326043198952417,0.0,4.0,295.85490053842466,1,0
424,Pudukkad,gram_panchayat,Thrissur,17.97442303964001,4.393048253453696,447.8,2018,2441.6194383086827,0.8886747192546389,0.0639401408299957,72.0,26.0,3569.25,2889.0,18241.0,598.0,41.0,0.5109015589882728,Critical,High,1.0,1.0,2018.0,0.0457089005851036,0.0,5.999999999999997,36.53910497623936,0,0
425,Nenmanikkara,gram_panchayat,Thrissur,11.585159374135676,3.724063846854182,447.8,2018,1240.7266126963705,0.7379641701599325,0.120157842805419,72.0,26.0,3569.25,2889.0,18241.0,598.0,41.0,0.5109015589882728,Critical,High,1.0,1.0,2018.0,0.0643537758853807,0.0,4.0,203.39774676166695,1,0
426,Alagappanagar,gram_panchayat,Thrissur,28.32351271387721,4.9838095231516535,447.8,2018,3627.603386818335,0.9162655917963932,0.0555538566026624,72.0,26.0,3569.25,2889.0,18241.0,598.0,41.0,0.5109015589882728,Critical,High,1.0,1.0,2018.0,0.0047405350956225,0.0,6.0,27.588245470507783,0,0
427,Thrikkur,gram_panchayat,Thrissur,49.7756060291096,7.280713450665426,447.8,2018,4028.137192590412,0.9399380517671276,0.0334760778441946,72.0,26.0,3569.25,2889.0,18241.0,598.0,41.0,0.5109015589882728,Critical,High,1.0,1.0,2018.0,0.0023590936385956,0.0,6.0,11.727652599374984,0,0
428,Karalam,gram_panchayat,Thrissur,7.524630195351472,3.648330026389307,292.5,2018,3394.566017051528,0.908171387252226,0.025061202818944,72.0,26.0,3569.25,2889.0,18241.0,598.0,41.0,0.5109015589882728,Critical,High,1.0,1.0,2018.0,0.2690025328803749,0.0,4.0,13.802587749805268,1,0
429,Poomangalam,gram_panchayat,Thrissur,6.3519822057729005,3.659991719917315,291.9,2018,1661.4460579347483,0.8506959525245114,0.0355980199355095,72.0,26.0,3569.25,2889.0,18241.0,598.0,41.0,0.5109015589882728,Critical,High,1.0,1.0,2018.0,0.1714865617267589,0.0,4.0,57.90557204658477,1,0
430,Puthur Gramapanchayat,gram_panchayat,Palakkad,1198.1732546791652,22.331304820382545,1041.5,2018,9834.604339513127,0.8559306573572351,0.0008044225872619,20.0,20.0,6250.43,1118.0,3604.0,164.0,78.0,0.2958939845063412,High,High,1.0,1.0,2018.0,0.0062962828029692,194.0,6.068511332914281,53.54704114047811,0,1
431,Agali Gramapanchayath,gram_panchayat,Palakkad,695.5792265831126,16.220571418387152,290.1,2018,9145.01861407587,0.8448804144488272,0.0048132398854308,20.0,20.0,6250.43,1118.0,3604.0,164.0,78.0,0.2958939845063412,High,High,1.0,1.0,2018.0,0.0044433091246593,9.0,4.0,59.37870435972716,0,1
432,Sholayar gram panchayat,gram_panchayat,Palakkad,867.3133169340967,15.950813824287458,180.4,2018,8442.850508940115,0.8143670578834713,0.0027716560603179,20.0,20.0,6250.43,1118.0,3604.0,164.0,78.0,0.2958939845063412,High,High,1.0,1.0,2018.0,0.0116723672441762,4.0,4.0,30.65368611483728,0,1
433,Karimba Gramapanchayath,gram_panchayat,Palakkad,391.1176979126348,16.20089494425221,509.7,2018,6070.196569732766,0.9357268326914584,0.0098303145968702,20.0,20.0,6250.43,1118.0,3604.0,164.0,78.0,0.2958939845063412,High,High,1.0,1.0,2018.0,0.0012126730446719,2.0,4.0,16.330478524879975,0,1
434,Thachampara Gramapanchayath,gram_panchayat,Palakkad,336.5795718584389,17.52824423220566,509.7,2018,2839.355623008744,0.9198576895975764,0.0075823086860857,20.0,20.0,6250.43,1118.0,3604.0,164.0,78.0,0.2958939845063412,High,High,1.0,1.0,2018.0,0.0073541089609313,5.0,5.9999999999999885,30.16731321497401,0,1
435,Kanhirapuzha Grama Panchayat,gram_panchayat,Palakkad,236.1319002270962,13.715575922460353,365.0,2018,2857.413346167191,0.9238433411558296,0.00953772135611,20.0,20.0,6250.43,1118.0,3604.0,164.0,78.0,0.2958939845063412,High,High,1.0,1.0,2018.0,0.0116901700095636,2.0,4.0,21.440524089058133,0,1
436,Thenkara Gramapanchayath,gram_panchayat,Palakkad,421.9327595352845,15.955253991859053,365.0,2018,8556.738146647162,0.906519659605816,0.0057930254883565,20.0,20.0,6250.43,1118.0,3604.0,164.0,78.0,0.2958939845063412,High,High,1.0,1.0,2018.0,0.0036512572113406,11.0,4.0,25.10832571697243,0,1
437,Kumaramputhur gram panchayat,gram_panchayat,Palakkad,171.63425417148375,9.780208927537211,346.0,2018,8971.991708076073,0.9407239667782448,0.0179370334880804,20.0,20.0,6250.43,1118.0,3604.0,164.0,78.0,0.2958939845063412,High,High,1.0,1.0,2018.0,0.0050120189705653,3.0,4.0,87.49306896846417,0,1
438,Mannarkad,municipality,Palakkad,79.75067061717137,5.640372043229657,346.0,2018,8142.611843098871,0.842747141867684,0.1262556159391981,20.0,20.0,6250.43,1118.0,3604.0,164.0,78.0,0.2958939845063412,High,High,1.0,1.0,2018.0,0.0063208383646675,0.0,4.0,80.44553011985806,0,0
439,Kottappadam Gramapanchayath,gram_panchayat,Palakkad,235.17083481574147,13.42241537129604,531.4,2018,11698.461908324667,0.9259933162308576,0.008205174862454,20.0,20.0,6250.43,1118.0,3604.0,164.0,78.0,0.2958939845063412,High,High,1.0,1.0,2018.0,0.0019115839391883,24.0,4.0,11.80650582191416,0,1
440,Alanallur Gramapanchayath,gram_panchayat,Palakkad,130.3243769770245,8.912053113728591,294.3,2018,14024.056347527328,0.956777129159764,0.0139682241047822,20.0,20.0,6250.43,1118.0,3604.0,164.0,78.0,0.2958939845063412,High,High,1.0,1.0,2018.0,0.000739797587939,4.0,4.0,28.76370831953727,0,1
441,Thachanattukara Gramapanchayath,gram_panchayat,Palakkad,75.0981939744324,6.359036356091734,229.9,2018,5781.523148411507,0.9621366825720746,0.0102041710903828,20.0,20.0,6250.43,1118.0,3604.0,164.0,78.0,0.2958939845063412,High,High,1.0,1.0,2018.0,0.0025800717858762,0.0,6.0,73.25937096967695,0,0
442,Karakurussi Gramapanchayath,gram_panchayat,Palakkad,80.69186273546302,6.666361845762267,347.8,2018,7205.194230473982,0.971420952708319,0.0078749522970157,20.0,20.0,6250.43,1118.0,3604.0,164.0,78.0,0.2958939845063412,High,High,1.0,1.0,2018.0,0.0032047149000888,0.0,6.000000000000001,59.77846508009248,0,0
443,Puduppariyaram Gramapanchayath,gram_panchayat,Palakkad,447.67101098021794,17.931596987372647,512.1,2018,6174.780367535309,0.8738559559790118,0.0192711071370102,20.0,20.0,6250.43,1118.0,3604.0,164.0,78.0,0.2958939845063412,High,High,1.0,1.0,2018.0,0.0079996494628727,37.0,4.0,98.08295341783914,0,1
444,Malampuzha Gramapanchayath,gram_panchayat,Palakkad,456.75106159947217,15.70558861776378,296.7,2018,2209.428312488683,0.7352627795694124,0.0053279177190365,20.0,20.0,6250.43,1118.0,3604.0,164.0,78.0,0.2958939845063412,High,High,1.0,1.0,2018.0,0.1495971638135654,15.0,4.0,82.63359194225139,1,1
445,Pudusserri Gramapanchayath,gram_panchayat,Palakkad,306.4541039622216,11.069099575148812,167.0,2018,4835.027991139407,0.7990941248799108,0.0553816197402595,20.0,20.0,6250.43,1118.0,3604.0,164.0,78.0,0.2958939845063412,High,High,1.0,1.0,2018.0,0.0132730996093747,61.0,4.0,177.46854645821008,0,1
446,Elappully Gramapanchayath,gram_panchayat,Palakkad,121.06556731471754,3.179608051717629,195.1,2018,8566.382197787278,0.8850359018914412,0.040888246523271,20.0,20.0,6250.43,1118.0,3604.0,164.0,78.0,0.2958939845063412,High,High,1.0,1.0,2018.0,0.0168518802152126,0.0,4.0,162.0609263414038,0,0
447,Polppulli Grampanchayat,gram_panchayat,Palakkad,108.7148937471358,3.4126884584345643,264.4,2018,10770.67025054798,0.9672341003531724,0.0194692517254543,20.0,20.0,6250.43,1118.0,3604.0,164.0,78.0,0.2958939845063412,High,High,1.0,1.0,2018.0,0.0237309828693782,0.0,4.0,36.23643591181023,0,0
448,Peruvemba Gramapanchayath,gram_panchayat,Palakkad,103.28745531888951,3.4741968408578883,264.4,2018,13134.631036039824,0.9473812897776298,0.0314245105841292,20.0,20.0,6250.43,1118.0,3604.0,164.0,78.0,0.2958939845063412,High,High,1.0,1.0,2018.0,0.0256698063361268,0.0,6.999999999999992,304.83107036257064,0,0
449,Kodumbu Gramapanchayath,gram_panchayat,Palakkad,96.14966064912385,3.3075015516165784,264.4,2018,8813.830403288042,0.8750738562091624,0.0747278060865029,20.0,20.0,6250.43,1118.0,3604.0,164.0,78.0,0.2958939845063412,High,High,1.0,1.0,2018.0,0.0357636072120936,0.0,4.0,850.5916587305671,0,0
450,Kannadi Gramapanchayath,gram_panchayat,Palakkad,86.75765534473781,3.025317052388322,294.8,2018,10840.87246989343,0.8923594386305669,0.0538978184103885,20.0,20.0,6250.43,1118.0,3604.0,164.0,78.0,0.2958939845063412,High,High,1.0,1.0,2018.0,0.0336684894244714,0.0,4.0,428.3553145211407,0,0
451,Palakkad,municipality,Palakkad,86.89922984179354,3.0570938408344466,362.6,2018,6450.234507520576,0.4719000229860932,0.462192008122439,20.0,20.0,6250.43,1118.0,3604.0,164.0,78.0,0.2958939845063412,High,High,1.0,1.0,2018.0,0.0140073402289126,0.0,4.0,447.9459098049127,0,0
452,Marutharode Gramapanchayath,gram_panchayat,Palakkad,95.87011056192794,3.356446225100966,257.4,2018,4358.0674701996,0.8082529161148027,0.1552570376329454,20.0,20.0,6250.43,1118.0,3604.0,164.0,78.0,0.2958939845063412,High,High,1.0,1.0,2018.0,0.0315648907630775,0.0,6.9999999999999964,309.6959312890345,0,0
453,Pirayiri Gramapanchayath,gram_panchayat,Palakkad,80.06117628852644,3.7373372806889744,362.6,2018,8625.118116307121,0.7843595765629447,0.1371494209345504,20.0,20.0,6250.43,1118.0,3604.0,164.0,78.0,0.2958939845063412,High,High,1.0,1.0,2018.0,0.0346490154662784,0.0,4.0,723.0363151370445,0,0
454,Akathethara Gramapanchayath,gram_panchayat,Palakkad,132.69230122542774,8.008778454942282,362.6,2018,3296.9264338005632,0.7375665351816523,0.0778585092284035,20.0,20.0,6250.43,1118.0,3604.0,164.0,78.0,0.2958939845063412,High,High,1.0,1.0,2018.0,0.008454500156206,3.0,4.0,87.72811409099752,0,1
455,Mundur Gramapanchayath,gram_panchayat,Palakkad,103.2937268253736,5.4647713912541,570.8,2018,8777.607905584173,0.9316963872049748,0.0236594193892207,20.0,20.0,6250.43,1118.0,3604.0,164.0,78.0,0.2958939845063412,High,High,1.0,1.0,2018.0,0.0074497899438248,0.0,5.9999999999999964,9.932706042296411,0,0
456,Nelliyampathy Gramapanchayath,gram_panchayat,Palakkad,751.1378094633524,15.278067307625491,359.5,2018,4397.417326757921,0.8833587260301139,0.0002862997824545,20.0,20.0,6250.43,1118.0,3604.0,164.0,78.0,0.2958939845063412,High,High,1.0,1.0,2018.0,0.0246743306731173,254.0,6.128701672721219,45.66609912262619,0,1
457,Muthalamada Gramapanchayath,gram_panchayat,Palakkad,307.3460040886488,8.280538563163882,284.1,2018,3374.02975164096,0.8596689365662531,0.0126242184870232,20.0,20.0,6250.43,1118.0,3604.0,164.0,78.0,0.2958939845063412,High,High,1.0,1.0,2018.0,0.0351819373099689,30.0,4.0,32.21244300084686,0,1
458,Kollengode Gramapanchayat,gram_panchayat,Palakkad,213.04839706072136,9.330290973670476,284.1,2018,6504.394697765775,0.9013762762365364,0.0297130941102686,20.0,20.0,6250.43,1118.0,3604.0,164.0,78.0,0.2958939845063412,High,High,1.0,1.0,2018.0,0.0241576066022484,19.0,4.0,39.59045953007997,0,1
459,Elavanchery Gramapanchayath,gram_panchayat,Palakkad,148.54838895783553,9.1152858681316,332.4,2018,4918.270281310517,0.8797206796481625,0.0155730194454587,20.0,20.0,6250.43,1118.0,3604.0,164.0,78.0,0.2958939845063412,High,High,1.0,1.0,2018.0,0.0125883307402455,31.0,6.000000000000002,58.57681968029943,0,1
460,Nemmara Grampanchayat,gram_panchayat,Palakkad,90.58594962134477,4.979401970371157,482.4,2018,3900.767370717552,0.867705158544455,0.0369868102316782,20.0,20.0,6250.43,1118.0,3604.0,164.0,78.0,0.2958939845063412,High,High,1.0,1.0,2018.0,0.0283113984256696,3.0,6.0,23.469780616178944,0,1
461,Ayiloor Gramapanchayath,gram_panchayat,Palakkad,98.97496634325913,6.693108873773762,482.4,2018,4556.4464238794535,0.9614009939369192,0.0079761128437135,20.0,20.0,6250.43,1118.0,3604.0,164.0,78.0,0.2958939845063412,High,High,1.0,1.0,2018.0,0.0048051525890806,3.0,6.0,29.413644891879024,0,1
462,Pallassena Grampanchayat,gram_panchayat,Palakkad,89.18494200159024,3.803277083915012,332.4,2018,9031.260285440509,0.9327841374985656,0.0243723616275758,20.0,20.0,6250.43,1118.0,3604.0,164.0,78.0,0.2958939845063412,High,High,1.0,1.0,2018.0,0.01885309002143,0.0,4.0,129.74604906073264,0,0
463,Vadavannur gramapanchayat,gram_panchayat,Palakkad,103.8686652060579,3.026252789076292,284.1,2018,8931.161343210177,0.944571300814061,0.0379811279131637,20.0,20.0,6250.43,1118.0,3604.0,164.0,78.0,0.2958939845063412,High,High,1.0,1.0,2018.0,0.0179810198744199,0.0,4.0,75.03649138544564,0,0
464,Pattanchery Gramapanchayath,gram_panchayat,Palakkad,136.37643617295606,3.775400401273747,284.1,2018,6148.585078519356,0.961411460986176,0.0196662647764986,20.0,20.0,6250.43,1118.0,3604.0,164.0,78.0,0.2958939845063412,High,High,1.0,1.0,2018.0,0.0128312019869027,0.0,4.0,33.08208269732787,0,0
465,Perumatty Gramapanchayath,gram_panchayat,Palakkad,163.9985419991215,3.5626809799657297,207.9,2018,4217.387288491625,0.9455118162387426,0.0111609452296859,20.0,20.0,6250.43,1118.0,3604.0,164.0,78.0,0.2958939845063412,High,High,1.0,1.0,2018.0,0.0257528401884093,0.0,4.0,318.15539954571426,0,0
466,Pudunagaram Gramapanchayath,gram_panchayat,Palakkad,100.83822215197796,3.836573630920873,332.4,2018,12947.117143383955,0.8911053546422194,0.0787677038808675,20.0,20.0,6250.43,1118.0,3604.0,164.0,78.0,0.2958939845063412,High,High,1.0,1.0,2018.0,0.010143942262162,0.0,4.0,10.271830776659364,0,0
467,Koduvayur Gramapanchayath,gram_panchayat,Palakkad,92.2505115477224,3.846297805581322,332.4,2018,13138.945878556142,0.8930028337993172,0.0635285887308907,20.0,20.0,6250.43,1118.0,3604.0,164.0,78.0,0.2958939845063412,High,High,1.0,1.0,2018.0,0.0071203883233156,0.0,4.0,19.86440857713672,0,0
468,ChitturThathamangalam,municipality,Palakkad,117.36912627402572,3.613926307660309,264.4,2018,10994.428579079186,0.8647564998556002,0.1145592927747482,20.0,20.0,6250.43,1118.0,3604.0,164.0,78.0,0.2958939845063412,High,High,1.0,1.0,2018.0,0.0165114547697408,0.0,7.0,406.1989780207891,0,0
469,Nalleppilly Gramapanchayath,gram_panchayat,Palakkad,137.87918843882676,3.566886215419071,241.9,2018,7477.562594000455,0.952732913117166,0.0202070262249726,20.0,20.0,6250.43,1118.0,3604.0,164.0,78.0,0.2958939845063412,High,High,1.0,1.0,2018.0,0.0210754885793327,0.0,4.0,250.9810834015975,0,0
470,Kozhinjampara Gramapanchayath,gram_panchayat,Palakkad,162.51219475801608,3.491365438889634,241.9,2018,6119.817942472085,0.923456111002848,0.038665723894805,20.0,20.0,6250.43,1118.0,3604.0,164.0,78.0,0.2958939845063412,High,High,1.0,1.0,2018.0,0.0119266519052223,0.0,4.0,362.6333361403783,0,0
471,Eruthampathy Gramapanchayath,gram_panchayat,Palakkad,182.1073899580444,3.2510744988052456,198.7,2018,7887.682193807754,0.9222339960644552,0.0291758377473114,20.0,20.0,6250.43,1118.0,3604.0,164.0,78.0,0.2958939845063412,High,High,1.0,1.0,2018.0,0.0047868337758627,0.0,5.999999999999997,176.42084764016062,0,0
472,Vadakarapathy Grampanchayat,gram_panchayat,Palakkad,184.5294158985387,3.147684225531449,171.0,2018,6117.188506386835,0.8175846603330867,0.0394287277180616,20.0,20.0,6250.43,1118.0,3604.0,164.0,78.0,0.2958939845063412,High,High,1.0,1.0,2018.0,0.0101372945044665,0.0,4.0,39.6502845288402,0,0
473,Kizhakkanchery Gramapanchayath,gram_panchayat,Palakkad,243.9905949330088,13.495854571577045,452.7,2018,4224.997783750682,0.9194348335323036,0.0050645719756223,20.0,20.0,6250.43,1118.0,3604.0,164.0,78.0,0.2958939845063412,High,High,1.0,1.0,2018.0,0.0130399589162646,32.0,6.0,21.405754648190623,0,1
474,Vandazhy Gramapanchayath,gram_panchayat,Palakkad,222.04024126187448,12.155400518994506,452.7,2018,4641.592210676067,0.9039876488348456,0.0121502542370397,20.0,20.0,6250.43,1118.0,3604.0,164.0,78.0,0.2958939845063412,High,High,1.0,1.0,2018.0,0.0118230201345005,8.0,5.999999999999999,49.06815601592815,0,1
475,Melarcode Grampanchayat,gram_panchayat,Palakkad,76.2862007789546,4.209011381161612,308.7,2018,8661.27017366395,0.9663231663708808,0.01642986875806,20.0,20.0,6250.43,1118.0,3604.0,164.0,78.0,0.2958939845063412,High,High,1.0,1.0,2018.0,0.0149987754955311,0.0,6.000000000000001,25.749002750336203,0,0
476,Vadakkenchery Gramapanchayath,gram_panchayat,Palakkad,79.20635413968425,5.535410162890871,452.7,2018,6971.399324311329,0.9111406669915904,0.0466515984634244,20.0,20.0,6250.43,1118.0,3604.0,164.0,78.0,0.2958939845063412,High,High,1.0,1.0,2018.0,0.0064056646471682,1.0,6.000000000000001,43.83693928447424,0,1
477,Kannambra Gramapanchayath,gram_panchayat,Palakkad,83.18760977129129,5.950354431067575,378.6,2018,5070.450535901799,0.9486620711275892,0.0195975023785856,20.0,20.0,6250.43,1118.0,3604.0,164.0,78.0,0.2958939845063412,High,High,1.0,1.0,2018.0,0.0052047767677473,0.0,6.0,104.89955212254948,0,0
478,Puthukode Gramapanchayath,gram_panchayat,Palakkad,59.72502632061258,4.772788758423014,291.4,2018,4014.9675776675217,0.943744492723177,0.024709146042425,20.0,20.0,6250.43,1118.0,3604.0,164.0,78.0,0.2958939845063412,High,High,1.0,1.0,2018.0,0.0054455331431786,0.0,5.999999999999999,128.1591968309711,0,0
479,Kavassery Gramapanchayath,gram_panchayat,Palakkad,62.22461141945996,4.36099896453421,266.5,2018,6168.666527586942,0.9234780150149032,0.0157689338104487,20.0,20.0,6250.43,1118.0,3604.0,164.0,78.0,0.2958939845063412,High,High,1.0,1.0,2018.0,0.0156950851916111,1.0,6.000000000000001,223.7804983122611,0,1
480,Alathur Gramapanchayath,gram_panchayat,Palakkad,83.96592633886443,6.482843330918047,308.7,2018,10653.164807542036,0.8918220915870876,0.0660370716907528,20.0,20.0,6250.43,1118.0,3604.0,164.0,78.0,0.2958939845063412,High,High,1.0,1.0,2018.0,0.0100699471884123,13.0,4.0,98.79274273303128,0,1
481,Erimayur Gramapanchayat,gram_panchayat,Palakkad,72.6071594071192,3.995984548461417,308.7,2018,11300.838511097443,0.9297454157683246,0.0293505295826827,20.0,20.0,6250.43,1118.0,3604.0,164.0,78.0,0.2958939845063412,High,High,1.0,1.0,2018.0,0.0197953740352387,0.0,4.0,153.9153313928773,0,0
482,Thenkurissi Grampanchayat,gram_panchayat,Palakkad,85.42363226886384,3.9864330789772446,332.4,2018,13343.631227250122,0.9478601126111597,0.0186725678853733,20.0,20.0,6250.43,1118.0,3604.0,164.0,78.0,0.2958939845063412,High,High,1.0,1.0,2018.0,0.0133613429171968,0.0,4.0,26.61753361336477,0,0
483,Kuzhalmannam Gramapanchayath,gram_panchayat,Palakkad,80.5412959097216,3.9663134468723578,241.0,2018,11616.030733300264,0.9406121719248508,0.0312826523419345,20.0,20.0,6250.43,1118.0,3604.0,164.0,78.0,0.2958939845063412,High,High,1.0,1.0,2018.0,0.0121729985650144,0.0,4.0,11.549411200571996,0,0
484,Kuthanur Grampanchayat,gram_panchayat,Palakkad,80.6560875298241,4.868844252027042,241.0,2018,6693.913122151715,0.8826839002150121,0.0093648934342654,20.0,20.0,6250.43,1118.0,3604.0,164.0,78.0,0.2958939845063412,High,High,1.0,1.0,2018.0,0.0059962213999952,0.0,4.0,21.333673891418098,0,0
485,Tarur Grampanchayat,gram_panchayat,Palakkad,66.3501784705616,4.850950951764676,266.5,2018,4275.769925865127,0.8553701856738638,0.0106894850764654,20.0,20.0,6250.43,1118.0,3604.0,164.0,78.0,0.2958939845063412,High,High,1.0,1.0,2018.0,0.0140382914799644,0.0,6.0,268.67348402978433,0,0
486,Peringottukurissi Gramapanchayath,gram_panchayat,Palakkad,64.25991269768532,4.6990179392757225,214.1,2018,2598.2405132521167,0.9301966563776926,0.0092172241268635,20.0,20.0,6250.43,1118.0,3604.0,164.0,78.0,0.2958939845063412,High,High,1.0,1.0,2018.0,0.0255242758495912,0.0,4.0,963.8548367293132,0,0
487,Kottayi Gramapanchayath,gram_panchayat,Palakkad,68.54838949319084,3.896565894408304,358.8,2018,3102.029743759521,0.9592757218567112,0.0159716170358654,20.0,20.0,6250.43,1118.0,3604.0,164.0,78.0,0.2958939845063412,High,High,1.0,1.0,2018.0,0.019277526464292,0.0,4.0,493.83492940318615,0,0
488,Mathoor Grampanchayat,gram_panchayat,Palakkad,75.4517475760593,3.840293229234392,358.8,2018,7617.340630409835,0.9525990618185832,0.0164651342095436,20.0,20.0,6250.43,1118.0,3604.0,164.0,78.0,0.2958939845063412,High,High,1.0,1.0,2018.0,0.0273420063605291,1.0,4.0,294.1075518870084,0,1
489,Lakkidi Peroor Gram Panchayat,gram_panchayat,Palakkad,61.03830031608524,4.690213759874841,264.9,2018,2889.0704637660165,0.92923413813915,0.0263336186654668,20.0,20.0,6250.43,1118.0,3604.0,164.0,78.0,0.2958939845063412,High,High,1.0,1.0,2018.0,0.0248881980780851,0.0,4.0,905.4370388407964,0,0
490,Ottappalam,municipality,Palakkad,57.624494045458114,5.811990805439722,251.6,2018,6920.53450788693,0.8629401037518253,0.0671295457513279,20.0,20.0,6250.43,1118.0,3604.0,164.0,78.0,0.2958939845063412,High,High,1.0,1.0,2018.0,0.0254693735435325,0.0,6.000000000000002,958.722079604616,0,0
491,Vaniyamkulam Gramapanchayath,gram_panchayat,Palakkad,60.36534775994055,6.212939302580989,319.90000000000003,2018,6371.43639076438,0.9089870958287822,0.0209992819246974,20.0,20.0,6250.43,1118.0,3604.0,164.0,78.0,0.2958939845063412,High,High,1.0,1.0,2018.0,0.0369134941247961,0.0,6.000000000000001,1108.5158814555346,0,0
492,Shoranur,municipality,Palakkad,46.58423862188649,5.650402938813031,319.90000000000003,2018,3373.9734830980515,0.8884198892184496,0.0456550658635857,20.0,20.0,6250.43,1118.0,3604.0,164.0,78.0,0.2958939845063412,High,High,1.0,1.0,2018.0,0.0435011182564381,0.0,6.0,1672.1770405584384,0,0
493,Chalavara Gramapanchayath,gram_panchayat,Palakkad,77.1952990444693,8.129671014642755,249.5,2018,7868.300345578716,0.9737814507860536,0.0079151616920133,20.0,20.0,6250.43,1118.0,3604.0,164.0,78.0,0.2958939845063412,High,High,1.0,1.0,2018.0,0.0155247236181016,0.0,5.999999999999999,5.499492215981477,0,0
494,Ananganadi Gramapanchayath,gram_panchayat,Palakkad,78.5631671704141,7.880561137469008,319.90000000000003,2018,9866.418411781984,0.9125601865699476,0.0200062661235455,20.0,20.0,6250.43,1118.0,3604.0,164.0,78.0,0.2958939845063412,High,High,1.0,1.0,2018.0,0.0114022637961679,0.0,6.000000000000002,10.93441777205319,0,0
495,Ambalapara Gramapanchayath,gram_panchayat,Palakkad,83.29383878377548,7.543600760944213,251.6,2018,8182.710280974083,0.9368609902809538,0.0096538493911922,20.0,20.0,6250.43,1118.0,3604.0,164.0,78.0,0.2958939845063412,High,High,1.0,1.0,2018.0,0.0160197057880141,0.0,6.000000000000001,25.723171430732027,0,0
496,Kadampazhipuram Gramapanchayath,gram_panchayat,Palakkad,82.9965023279139,6.3305313121545845,344.6,2018,8978.878128956603,0.9711754677412436,0.0080859259705797,20.0,20.0,6250.43,1118.0,3604.0,164.0,78.0,0.2958939845063412,High,High,1.0,1.0,2018.0,0.0262677303552587,2.0,6.0,35.288536282796706,0,1
497,Karimpuzha Gramapanchayath,gram_panchayat,Palakkad,75.10561829683695,7.021536788446529,347.8,2018,4128.371819362165,0.958428993376043,0.0063190743691554,20.0,20.0,6250.43,1118.0,3604.0,164.0,78.0,0.2958939845063412,High,High,1.0,1.0,2018.0,0.0059169874213831,0.0,6.000000000000001,196.71749873855487,0,0
498,Vellinezhi Gramapanchayath,gram_panchayat,Palakkad,68.53886295453539,6.514853390170778,219.6,2018,4847.071090210853,0.9634830379834656,0.0056999212621248,20.0,20.0,6250.43,1118.0,3604.0,164.0,78.0,0.2958939845063412,High,High,1.0,1.0,2018.0,0.022637734859162,0.0,5.999999999999998,160.6373981380728,0,0
499,Sreekrishnapuram Grampanchayat,gram_panchayat,Palakkad,78.30349055187233,5.904415972545355,347.8,2018,4163.6977737276575,0.9601258721878774,0.010988666717676,20.0,20.0,6250.43,1118.0,3604.0,164.0,78.0,0.2958939845063412,High,High,1.0,1.0,2018.0,0.0136656542864493,0.0,6.000000000000002,138.59042869751207,0,0
500,Pookottukavu Gramapanchayath,gram_panchayat,Palakkad,85.62604696461766,7.097282474368731,219.6,2018,7044.457290182159,0.960557688571166,0.0046677663587483,20.0,20.0,6250.43,1118.0,3604.0,164.0,78.0,0.2958939845063412,High,High,1.0,1.0,2018.0,0.015151232040741,0.0,6.000000000000003,7.002982723204739,0,0
501,Thrikkadeeri Grampanchayat,gram_panchayat,Palakkad,93.63399185525589,8.374236392088745,219.6,2018,8623.383662908305,0.9474254068840464,0.0141197783345788,20.0,20.0,6250.43,1118.0,3604.0,164.0,78.0,0.2958939845063412,High,High,1.0,1.0,2018.0,0.0066233006508274,3.0,6.000000000000011,12.109691048939611,0,1
502,Cherpulassery,municipality,Palakkad,61.16020204723221,6.977106736757856,249.5,2018,3702.599403430837,0.9328047968113812,0.0380043880300915,20.0,20.0,6250.43,1118.0,3604.0,164.0,78.0,0.2958939845063412,High,High,1.0,1.0,2018.0,0.017424821718567,0.0,6.000000000000004,165.02721338248458,0,0
503,Nellaya Gramapanchayath,gram_panchayat,Palakkad,56.441363984510325,7.0046517464019145,249.5,2018,4845.900714223067,0.9523751028166578,0.0215244375324002,20.0,20.0,6250.43,1118.0,3604.0,164.0,78.0,0.2958939845063412,High,High,1.0,1.0,2018.0,0.0165098153077421,0.0,6.000000000000004,166.4276577575493,0,0
504,Parli Gramapanchayath,gram_panchayat,Palakkad,84.88981288055027,5.473267509469105,358.8,2018,5183.87474577072,0.9348483468413364,0.0223104556467164,20.0,20.0,6250.43,1118.0,3604.0,164.0,78.0,0.2958939845063412,High,High,1.0,1.0,2018.0,0.0394997487334809,0.0,4.0,1049.9890086354435,0,0
505,Mankara Gramapanchayath,gram_panchayat,Palakkad,74.22406298562994,4.9332809160574005,264.9,2018,2335.9137403532386,0.9424793354911736,0.0131088483040828,20.0,20.0,6250.43,1118.0,3604.0,164.0,78.0,0.2958939845063412,High,High,1.0,1.0,2018.0,0.0348603861390788,0.0,4.0,387.88245886127856,0,0
506,Keralasseri Gramapanchayath,gram_panchayat,Palakkad,90.60969193836928,6.198755767292669,344.6,2018,6747.687587536113,0.9837585428455508,0.0030870402401954,20.0,20.0,6250.43,1118.0,3604.0,164.0,78.0,0.2958939845063412,High,High,1.0,1.0,2018.0,0.0279821570112146,0.0,6.000000000000001,11.432730293034048,0,0
507,Mannoor Grampanchayat,gram_panchayat,Palakkad,74.52571959806961,5.153097023376657,264.9,2018,4565.599726331859,0.97396980414734,0.0136682324224767,20.0,20.0,6250.43,1118.0,3604.0,164.0,78.0,0.2958939845063412,High,High,1.0,1.0,2018.0,0.0222019307366111,0.0,6.0,3.972756082691543,0,0
508,Kongad Gramapanchayath,gram_panchayat,Palakkad,93.59613272008032,6.244588808333462,344.6,2018,9232.035131050452,0.9690809648607968,0.0125168866259076,20.0,20.0,6250.43,1118.0,3604.0,164.0,78.0,0.2958939845063412,High,High,1.0,1.0,2018.0,0.0153182994763744,0.0,5.999999999999993,14.26303056267838,0,0
509,Ongallur Gramapanchayath,gram_panchayat,Palakkad,47.78364731505006,6.384162730333815,345.7,2018,4403.519284168187,0.92191255156857,0.0354887885427621,20.0,20.0,6250.43,1118.0,3604.0,164.0,78.0,0.2958939845063412,High,High,1.0,1.0,2018.0,0.0313429348504461,0.0,5.999999999999993,847.856948278893,0,0
510,Vallapuzha Gramapanchayat,gram_panchayat,Palakkad,57.44609281753336,6.210569934753536,293.3,2018,7562.988659912093,0.9526053789099472,0.0288718491449961,20.0,20.0,6250.43,1118.0,3604.0,164.0,78.0,0.2958939845063412,High,High,1.0,1.0,2018.0,0.0318896281658478,0.0,6.000000000000001,8.942814770745002,0,0
511,Kulukkallur Gramapanchayath,gram_panchayat,Palakkad,39.59186150040874,5.880840619639852,293.3,2018,7435.313807489269,0.9402008770496328,0.0191746739690782,20.0,20.0,6250.43,1118.0,3604.0,164.0,78.0,0.2958939845063412,High,High,1.0,1.0,2018.0,0.0255667835112174,0.0,5.999999999999995,329.53956182627144,0,0
512,Vilayur Gramapanchayath,gram_panchayat,Palakkad,33.189027880454134,5.820093057664301,286.9,2018,5285.871044942938,0.9444891754970546,0.0260934901929937,20.0,20.0,6250.43,1118.0,3604.0,164.0,78.0,0.2958939845063412,High,High,1.0,1.0,2018.0,0.0204434146370818,0.0,6.000000000000004,499.6703880942274,0,0
513,Koppam Gramapanchayath,gram_panchayat,Palakkad,53.37684772809179,6.840295545269462,293.3,2018,5912.977412310013,0.948059844274442,0.0314444296218228,20.0,20.0,6250.43,1118.0,3604.0,164.0,78.0,0.2958939845063412,High,High,1.0,1.0,2018.0,0.0207204212244572,0.0,5.999999999999999,4.65461782146048,0,0
514,Pattambi,municipality,Palakkad,38.51811725725654,5.194213942717682,291.4,2018,2162.6060126343878,0.8463579209776791,0.0749491281400874,20.0,20.0,6250.43,1118.0,3604.0,164.0,78.0,0.2958939845063412,High,High,1.0,1.0,2018.0,0.0393912510305192,0.0,5.9999999999999964,1790.6146445645857,0,0
515,Thiruvegappura Gramapanchayath,gram_panchayat,Palakkad,30.36169221809757,5.345083328636767,286.9,2018,2200.796116670072,0.9586859169959024,0.0263392281193789,20.0,20.0,6250.43,1118.0,3604.0,164.0,78.0,0.2958939845063412,High,High,1.0,1.0,2018.0,0.0483083309881498,0.0,6.0,339.0250602184158,0,0
516,Muthuthala Gramapanchayath,gram_panchayat,Palakkad,38.06120953052772,5.723010432373352,291.4,2018,2193.198872538287,0.9218049617042896,0.0200176825601513,20.0,20.0,6250.43,1118.0,3604.0,164.0,78.0,0.2958939845063412,High,High,1.0,1.0,2018.0,0.0278017306987818,0.0,5.999999999999998,675.8044890099147,0,0
517,Parathur Gramapanchayath,gram_panchayat,Palakkad,22.815520754422995,4.932613185735218,286.9,2018,2066.712174384048,0.8915809439341769,0.0147656638378738,20.0,20.0,6250.43,1118.0,3604.0,164.0,78.0,0.2958939845063412,High,High,1.0,1.0,2018.0,0.0592367518185751,0.0,5.999999999999999,2583.811797981751,1,0
518,Thrithala Grampanchayat,gram_panchayat,Palakkad,30.17083808175371,5.82210071314327,291.4,2018,1256.4701308063272,0.850976287075905,0.0357898918338522,20.0,20.0,6250.43,1118.0,3604.0,164.0,78.0,0.2958939845063412,High,High,1.0,1.0,2018.0,0.098936000774499,0.0,6.022408883764461,1684.279699303753,1,0
519,Thirumittacode Gramapanchayath,gram_panchayat,Palakkad,40.722826386664806,5.51911659895702,290.6,2018,5005.963191844286,0.9433307322511448,0.023035513915988,20.0,20.0,6250.43,1118.0,3604.0,164.0,78.0,0.2958939845063412,High,High,1.0,1.0,2018.0,0.0586263499264291,0.0,6.0,78.6492490208823,1,0
520,Nagalassery Grampanchayat,gram_panchayat,Palakkad,35.27131819292139,5.674966290011254,290.6,2018,5873.20338105156,0.9572662383405508,0.018806606605771,20.0,20.0,6250.43,1118.0,3604.0,164.0,78.0,0.2958939845063412,High,High,1.0,1.0,2018.0,0.0287297008773423,0.0,6.000000000000001,8.488276236123092,0,0
521,Chalissery Gramapanchayath,gram_panchayat,Palakkad,22.95593916017497,4.807324944987457,263.4,2018,7159.345852400918,0.9422593089886968,0.0330707358706564,20.0,20.0,6250.43,1118.0,3604.0,164.0,78.0,0.2958939845063412,High,High,1.0,1.0,2018.0,0.0188900058813811,0.0,6.000000000000001,14.218128596927684,0,0
522,Kappoor Gramapanchayath,gram_panchayat,Palakkad,29.26774455407845,5.115230295094867,257.2,2018,6106.816721202583,0.9443033911142958,0.0283776010998042,20.0,20.0,6250.43,1118.0,3604.0,164.0,78.0,0.2958939845063412,High,High,1.0,1.0,2018.0,0.0117954165761512,0.0,6.0,4.294333481160416,0,0
523,Pattithara Gramapanchayath,gram_panchayat,Palakkad,28.134570822439468,5.580500127686272,257.2,2018,3496.9023356853468,0.941608288772064,0.0146184864252087,20.0,20.0,6250.43,1118.0,3604.0,164.0,78.0,0.2958939845063412,High,High,1.0,1.0,2018.0,0.1067529684545527,0.0,5.999999999999997,60.62001448205599,1,0
524,Anakkara Gramapanchayath,gram_panchayat,Palakkad,27.085706365641403,6.297078460202118,263.0,2018,1665.285856270781,0.8975401460131353,0.0098734704039599,20.0,20.0,6250.43,1118.0,3604.0,164.0,78.0,0.2958939845063412,High,High,1.0,1.0,2018.0,0.0752108209735708,0.0,6.000000000000004,1661.554190641269,1,0
525,Edamalakkudi,gram_panchayat,Ernakulam,1107.860298107617,18.261750234267,968.5,2018,8654.927264658054,0.9440451948877744,0.0001743733912616,58.0,0.0,1296.66,615.0,1684.0,2105.0,13.0,0.3161434694016022,High,Low,1.0,0.0,2018.0,0.0030631962378853,10.0,4.0,19.11350807513474,0,1
526,Kuttampuzha Gramapanchayath,gram_panchayat,Ernakulam,329.7691607066306,17.21597004289171,729.4,2018,3941.443105503374,0.8959590088372567,0.000389963702525,58.0,0.0,1296.66,615.0,1684.0,2105.0,13.0,0.3161434694016022,High,Low,1.0,0.0,2018.0,0.0322402357427199,43.0,4.0,245.2349646785006,0,1
527,Ayyampuzha Gramapanchayath,gram_panchayat,Ernakulam,196.65443133027028,12.646371930969606,604.9,2018,3337.255136126387,0.9743358679962746,0.001032974709609,58.0,0.0,1296.66,615.0,1684.0,2105.0,13.0,0.3161434694016022,High,Low,1.0,0.0,2018.0,0.0049402251627954,37.0,5.999999999999999,87.62876103472952,0,1
528,Kavalangad Gramapanchayath,gram_panchayat,Ernakulam,99.51648171610624,10.711327406399176,649.0,2018,3296.4933414889024,0.9570910590555036,0.0086822360000654,58.0,0.0,1296.66,615.0,1684.0,2105.0,13.0,0.3161434694016022,High,Low,1.0,0.0,2018.0,0.0029224763227073,17.0,4.0,366.00099210815137,0,1
529,Keerampaara Gramapanchayath,gram_panchayat,Ernakulam,68.48466199603817,8.256907121964318,564.7,2018,1905.621682605376,0.9119873506857747,0.0057943743974042,58.0,0.0,1296.66,615.0,1684.0,2105.0,13.0,0.3161434694016022,High,Low,1.0,0.0,2018.0,0.0049601967139923,0.0,4.0,733.1247994264886,0,0
530,Pindimana Gramapanchayath,gram_panchayat,Ernakulam,55.6429700420542,5.473911578352279,564.7,2018,3534.0204523633374,0.9571174405265004,0.0117168211519366,58.0,0.0,1296.66,615.0,1684.0,2105.0,13.0,0.3161434694016022,High,Low,1.0,0.0,2018.0,0.0088557121204153,0.0,5.99999999999999,203.40479937057432,0,0
531,Kottappady Grama Panchayath,gram_panchayat,Ernakulam,58.11681001683306,5.9016927973712034,460.7,2018,5047.713880582721,0.9712796923211964,0.0102859404936469,58.0,0.0,1296.66,615.0,1684.0,2105.0,13.0,0.3161434694016022,High,Low,1.0,0.0,2018.0,0.0008197601158225,0.0,6.000000000000002,7.18884801568977,0,0
532,Vengoor Gramapanchayath,gram_panchayat,Ernakulam,44.09033412562227,5.754391053551562,515.0,2018,2498.683662396026,0.9312098362460612,0.0051273900692942,58.0,0.0,1296.66,615.0,1684.0,2105.0,13.0,0.3161434694016022,High,Low,1.0,0.0,2018.0,0.0306887561531641,0.0,6.0,1530.9453796256562,0,0
533,Koovappady Gramapanchayath,gram_panchayat,Ernakulam,21.899986680625958,4.005656351078693,404.2,2018,1884.2625770415088,0.8577845599425964,0.0455119893686249,58.0,0.0,1296.66,615.0,1684.0,2105.0,13.0,0.3161434694016022,High,Low,1.0,0.0,2018.0,0.0314654775922753,0.0,5.999999999999989,1403.6222837336013,0,0
534,Mudakkuzha Gramapanchayath,gram_panchayat,Ernakulam,28.662288943667463,4.988213614926976,404.2,2018,4189.927418097942,0.919680868935184,0.0213704010256407,58.0,0.0,1296.66,615.0,1684.0,2105.0,13.0,0.3161434694016022,High,Low,1.0,0.0,2018.0,0.0057820994978641,0.0,6.0,20.81937496255989,0,0
535,Malayattoor-Neeleswaram Gramapanchayath,gram_panchayat,Ernakulam,56.03227240621607,7.711911491820449,431.4,2018,1221.387418967813,0.9170634292271372,0.0308335271513499,58.0,0.0,1296.66,615.0,1684.0,2105.0,13.0,0.3161434694016022,High,Low,1.0,0.0,2018.0,0.0170099513342756,2.0,6.000000000000003,1177.7620103966017,0,1
536,Kalady Gramapanchayath,gram_panchayat,Ernakulam,15.65830115629918,3.371059323242273,371.1,2018,2083.01275338825,0.7872370407719315,0.129526304679665,58.0,0.0,1296.66,615.0,1684.0,2105.0,13.0,0.3161434694016022,High,Low,1.0,0.0,2018.0,0.0241775364163014,0.0,5.999999999999999,691.1380882391447,0,0
537,Manjapra Gramapanchayath,gram_panchayat,Ernakulam,20.361134300436053,3.706329037963464,373.7,2018,4273.784156397686,0.8935525817126948,0.0664764225490616,58.0,0.0,1296.66,615.0,1684.0,2105.0,13.0,0.3161434694016022,High,Low,1.0,0.0,2018.0,0.0103612369326408,0.0,6.0,28.975854781966724,0,0
538,Thuravoor Gramapanchayat,gram_panchayat,Ernakulam,20.131951910020064,3.9730581276426062,373.7,2018,5607.76819848266,0.8866686614288735,0.0592366400491181,58.0,0.0,1296.66,615.0,1684.0,2105.0,13.0,0.3161434694016022,High,Low,1.0,0.0,2018.0,0.0094634698344788,0.0,6.0,7.198989212079993,0,0
539,Mookkannoor Gramapanchayath,gram_panchayat,Ernakulam,35.470343284500046,5.2607508175168745,373.7,2018,7340.956453965837,0.9305200866321468,0.0324817622956611,58.0,0.0,1296.66,615.0,1684.0,2105.0,13.0,0.3161434694016022,High,Low,1.0,0.0,2018.0,0.0027732812852647,0.0,6.0,6.388819313508517,0,0
540,Karukutty Gramapanchayath,gram_panchayat,Ernakulam,29.07605745503255,4.652972639000714,373.7,2018,5915.00343845876,0.9227633210234588,0.0521232645883903,58.0,0.0,1296.66,615.0,1684.0,2105.0,13.0,0.3161434694016022,High,Low,1.0,0.0,2018.0,0.0055752321830784,0.0,6.0,64.28979511763362,0,0
541,Parakkadavu Gramapanchayath,gram_panchayat,Ernakulam,16.075218655823097,3.788945518923093,377.1,2018,1793.232218040858,0.8765372646995077,0.0309376604132624,58.0,0.0,1296.66,615.0,1684.0,2105.0,13.0,0.3161434694016022,High,Low,1.0,0.0,2018.0,0.0883089101051484,0.0,4.0,260.2402789541117,1,0
542,Angamaly,municipality,Ernakulam,14.50777728784364,3.697565825146869,371.1,2018,4066.3934377507458,0.7049276050654315,0.1811314226188624,58.0,0.0,1296.66,615.0,1684.0,2105.0,13.0,0.3161434694016022,High,Low,1.0,0.0,2018.0,0.0572807956130619,0.0,5.999999999999989,21.53088926117436,1,0
543,Nedumbassery Gramapanchayath,gram_panchayat,Ernakulam,10.9456473796636,3.525043701393254,360.5,2018,2363.9889529471866,0.6822532216175412,0.1300652753709183,58.0,0.0,1296.66,615.0,1684.0,2105.0,13.0,0.3161434694016022,High,Low,1.0,0.0,2018.0,0.0687110305022306,0.0,6.000000000000003,23.825379136651684,1,0
544,Sreemoolanagaram Gramapanchayath,gram_panchayat,Ernakulam,12.02190434783002,3.3619344769277077,371.1,2018,937.3728744933568,0.7154196887403322,0.0922869851706973,58.0,0.0,1296.66,615.0,1684.0,2105.0,13.0,0.3161434694016022,High,Low,1.0,0.0,2018.0,0.0527591614280247,0.0,5.999999999999998,1387.9304992565146,1,0
545,Chengamanadu Gramapanchayath,gram_panchayat,Ernakulam,9.770215706853143,3.5808012753433647,360.5,2018,1010.3669651089192,0.7104387438306016,0.0956303865820945,58.0,0.0,1296.66,615.0,1684.0,2105.0,13.0,0.3161434694016022,High,Low,1.0,0.0,2018.0,0.0982735319618311,0.0,5.999999999999999,3153.609807224335,1,0
546,Okkal Gramapanchayath,gram_panchayat,Ernakulam,14.73840182327385,3.470770492650764,371.1,2018,710.3179550194415,0.7216987700971316,0.113471615314881,58.0,0.0,1296.66,615.0,1684.0,2105.0,13.0,0.3161434694016022,High,Low,1.0,0.0,2018.0,0.06491883501276,0.0,6.000000000000001,2914.505237699342,1,0
547,Perumbavoor,municipality,Ernakulam,19.39406444496239,3.5134866549988635,404.2,2018,2637.2061832673235,0.6394580718342346,0.284686669084101,58.0,0.0,1296.66,615.0,1684.0,2105.0,13.0,0.3161434694016022,High,Low,1.0,0.0,2018.0,0.0110970015281887,0.0,5.999999999999997,529.795503351848,0,0
548,Rayamangalam Gramapanchayath,gram_panchayat,Ernakulam,36.87335886961713,5.034620115718763,423.5,2018,7804.140770290387,0.9132398802943892,0.0567818708983595,58.0,0.0,1296.66,615.0,1684.0,2105.0,13.0,0.3161434694016022,High,Low,1.0,0.0,2018.0,0.0018572062867993,0.0,5.9999999999999964,7.2467370450448225,0,0
549,Asamannur Gramapanchayath,gram_panchayat,Ernakulam,46.09858365293961,5.458496100490038,460.7,2018,8852.63960918046,0.955971314191422,0.0241628361209522,58.0,0.0,1296.66,615.0,1684.0,2105.0,13.0,0.3161434694016022,High,Low,1.0,0.0,2018.0,0.0018613183662454,0.0,5.999999999999998,6.030657705003659,0,0
550,Nellikuzhy Gramapanchayath,gram_panchayat,Ernakulam,44.09975304257747,5.410689482593785,460.7,2018,8099.3899874946355,0.9138312382423036,0.0670392764096811,58.0,0.0,1296.66,615.0,1684.0,2105.0,13.0,0.3161434694016022,High,Low,1.0,0.0,2018.0,0.0012811811205497,0.0,6.000000000000002,12.999745165739858,0,0
551,Kothamangalam,municipality,Ernakulam,39.88999112723771,5.131530173114194,564.7,2018,6378.202342491206,0.9259597542381524,0.0580893172777727,58.0,0.0,1296.66,615.0,1684.0,2105.0,13.0,0.3161434694016022,High,Low,1.0,0.0,2018.0,0.0006502653107637,0.0,6.0,47.26066933927731,0,0
552,Varapetty Gramapanchayath,gram_panchayat,Ernakulam,37.766102003966594,5.605293847026401,456.1,2018,6456.672965257536,0.9665272864846972,0.0174831925860704,58.0,0.0,1296.66,615.0,1684.0,2105.0,13.0,0.3161434694016022,High,Low,1.0,0.0,2018.0,0.0014532084274051,0.0,6.000000000000001,96.90642258438298,0,0
553,Pallarimangalam Gramapanchayath,gram_panchayat,Ernakulam,45.35902058359356,5.585767476840272,634.9,2018,7974.433336014155,0.9644305648468794,0.0264193012058448,58.0,0.0,1296.66,615.0,1684.0,2105.0,13.0,0.3161434694016022,High,Low,1.0,0.0,2018.0,0.0012308085044309,0.0,4.0,51.12751352251587,0,0
554,Pothanikkad Gramapanchayath,gram_panchayat,Ernakulam,41.24277349087923,5.567926970355601,634.9,2018,8904.261135793113,0.9794727770902272,0.0125383610017046,58.0,0.0,1296.66,615.0,1684.0,2105.0,13.0,0.3161434694016022,High,Low,1.0,0.0,2018.0,0.0011850656680532,0.0,4.0,118.45301209027068,0,0
555,Paingottoor Gramapanchayath,gram_panchayat,Ernakulam,54.83307097217389,7.444531407614668,634.9,2018,7353.627726112541,0.984396906668086,0.0066194048249398,58.0,0.0,1296.66,615.0,1684.0,2105.0,13.0,0.3161434694016022,High,Low,1.0,0.0,2018.0,0.0013087884767768,0.0,4.0,125.49510617128055,0,0
556,Kalloorkaad Gramapanchayath,gram_panchayat,Ernakulam,60.95687263620645,8.249344089011997,650.1,2018,7657.943521264579,0.9728246000302536,0.009485076323912,58.0,0.0,1296.66,615.0,1684.0,2105.0,13.0,0.3161434694016022,High,Low,1.0,0.0,2018.0,0.0019526443241367,0.0,6.000000000000001,30.6273283139202,0,0
557,Ayavana Gramapanchayath,gram_panchayat,Ernakulam,38.267682452362905,6.579926731306657,442.5,2018,6131.817948984575,0.9631520024776092,0.0138622771676815,58.0,0.0,1296.66,615.0,1684.0,2105.0,13.0,0.3161434694016022,High,Low,1.0,0.0,2018.0,0.003499694112249,0.0,6.0,213.7778847723549,0,0
558,Manjalloor Gramapanchayath,gram_panchayat,Ernakulam,63.40592485308048,9.064743350472112,650.1,2018,6707.980922987362,0.9515495907214276,0.0286084690251204,58.0,0.0,1296.66,615.0,1684.0,2105.0,13.0,0.3161434694016022,High,Low,1.0,0.0,2018.0,0.0013096385236796,0.0,6.0,90.22277350804488,0,0
559,Avoly Gramapanchayath,gram_panchayat,Ernakulam,36.474169941313725,6.7003562104214085,442.5,2018,4830.281712126694,0.9233938018711346,0.052038222220009,58.0,0.0,1296.66,615.0,1684.0,2105.0,13.0,0.3161434694016022,High,Low,1.0,0.0,2018.0,0.0037362834167641,0.0,5.999999999999993,236.3750983886304,0,0
560,Muvattupuzha,municipality,Ernakulam,26.764204261240128,5.277467112910907,456.1,2018,963.772672998992,0.7068038671520375,0.2336710397199707,58.0,0.0,1296.66,615.0,1684.0,2105.0,13.0,0.3161434694016022,High,Low,1.0,0.0,2018.0,0.0092775126289541,1.0,4.0,642.0114105761415,0,1
561,Paipra Gramapanchayath,gram_panchayat,Ernakulam,46.07073014024119,6.126561422817248,456.1,2018,4213.646341376947,0.9143835292743988,0.0608055613827441,58.0,0.0,1296.66,615.0,1684.0,2105.0,13.0,0.3161434694016022,High,Low,1.0,0.0,2018.0,0.0018005104889009,1.0,6.0,42.49869129185896,0,1
562,Valakom Gramapanchayath,gram_panchayat,Ernakulam,28.065427423471945,5.652343584405081,357.3,2018,1506.416837657317,0.9469821885493632,0.0194679620548015,58.0,0.0,1296.66,615.0,1684.0,2105.0,13.0,0.3161434694016022,High,Low,1.0,0.0,2018.0,0.0392544612156309,0.0,6.0,563.6832468418866,0,0
563,Mazhuvanoor Gramapanchayath,gram_panchayat,Ernakulam,31.99965285538049,5.984172978687114,385.3,2018,5987.175016306374,0.9383657816072856,0.0244001125571123,58.0,0.0,1296.66,615.0,1684.0,2105.0,13.0,0.3161434694016022,High,Low,1.0,0.0,2018.0,0.027454202455886,1.0,6.0,30.438101776767084,0,1
564,Kizhakkambalam Gramapanchayath,gram_panchayat,Ernakulam,20.454995599516906,5.117759772641018,438.1,2018,6256.249431349815,0.788286816789752,0.0722698353920297,58.0,0.0,1296.66,615.0,1684.0,2105.0,13.0,0.3161434694016022,High,Low,1.0,0.0,2018.0,0.0088608549513056,0.0,5.999999999999999,21.749593668399108,0,0
565,Vengola Gramapanchayath,gram_panchayat,Ernakulam,29.19424517259393,5.154308209587007,438.1,2018,4848.939172081591,0.8282781712149807,0.1062301317738872,58.0,0.0,1296.66,615.0,1684.0,2105.0,13.0,0.3161434694016022,High,Low,1.0,0.0,2018.0,0.005986032494476,0.0,5.999999999999993,6.208026645618477,0,0
566,Vazhakkulam Gramapanchayath,gram_panchayat,Ernakulam,19.25873197485014,4.459938936047821,438.1,2018,1777.739276030074,0.6997876470420904,0.1619711826286295,58.0,0.0,1296.66,615.0,1684.0,2105.0,13.0,0.3161434694016022,High,Low,1.0,0.0,2018.0,0.0250498210130754,0.0,6.000000000000001,1227.447914954502,0,0
567,Kanjoor Gramapanchayath,gram_panchayat,Ernakulam,15.591987968286594,3.3902479886864327,371.1,2018,848.5326947513746,0.7641506513426328,0.0788749667553672,58.0,0.0,1296.66,615.0,1684.0,2105.0,13.0,0.3161434694016022,High,Low,1.0,0.0,2018.0,0.0385684476224028,0.0,5.9999999999999964,2202.7840595019006,0,0
568,Keezhmadu Gramapanchayath,gram_panchayat,Ernakulam,16.124676043018813,4.733610544659214,368.2,2018,1367.9891130140732,0.6149470796088212,0.1793210087840681,58.0,0.0,1296.66,615.0,1684.0,2105.0,13.0,0.3161434694016022,High,Low,1.0,0.0,2018.0,0.0818874802282852,0.0,6.000000000000001,1462.286322235139,1,0
569,Aluva,municipality,Ernakulam,13.50400269841028,3.3328448089912657,368.2,2018,412.9982172487015,0.3206902320495194,0.5098761739246165,58.0,0.0,1296.66,615.0,1684.0,2105.0,13.0,0.3161434694016022,High,Low,1.0,0.0,2018.0,0.0368339954091537,0.0,5.999999999999998,1427.5280333018363,0,0
570,Kunnukara Gramapanchayath,gram_panchayat,Ernakulam,7.613137873851173,3.2751195967373112,335.7,2018,913.7731232426228,0.7593279589400169,0.0329209901628665,58.0,0.0,1296.66,615.0,1684.0,2105.0,13.0,0.3161434694016022,High,Low,1.0,0.0,2018.0,0.1956133280311058,0.0,4.0,2868.436265737069,1,0
571,Karumalloor Gramapanchayath,gram_panchayat,Ernakulam,9.658760199252097,3.1322456650484494,335.7,2018,791.1498252417244,0.7761553931384948,0.0727268296732748,58.0,0.0,1296.66,615.0,1684.0,2105.0,13.0,0.3161434694016022,High,Low,1.0,0.0,2018.0,0.0811465032337463,0.0,4.0,2496.7597947296126,1,0
572,Puthenvelikkara Gramapanchayath,gram_panchayat,Ernakulam,10.076523717317158,3.694286792180213,335.7,2018,640.3597791662389,0.7999548064674423,0.0191354655560826,58.0,0.0,1296.66,615.0,1684.0,2105.0,13.0,0.3161434694016022,High,Low,1.0,0.0,2018.0,0.1266665623480498,0.0,4.0,1946.396018222284,1,0
573,Chendamangalam Gramapanchayath,gram_panchayat,Ernakulam,10.389058951227346,2.805078090653896,335.7,2018,538.8646836284488,0.8086847126418399,0.036423362684221,58.0,0.0,1296.66,615.0,1684.0,2105.0,13.0,0.3161434694016022,High,Low,1.0,0.0,2018.0,0.020478320254632,0.0,4.0,4369.759682565156,0,0
574,Paravur,municipality,Ernakulam,9.734442510807533,2.329726102326442,335.7,2018,1745.6191499522797,0.7458671126217818,0.2363124978823891,58.0,0.0,1296.66,615.0,1684.0,2105.0,13.0,0.3161434694016022,High,Low,1.0,0.0,2018.0,0.002381246053143,0.0,4.0,4.273620916680675,0,0
575,Chittattukara Gramapanchayath,gram_panchayat,Ernakulam,9.823499494903658,2.469075529289625,335.7,2018,1042.7464722309178,0.9011847409714892,0.0264450812935437,58.0,0.0,1296.66,615.0,1684.0,2105.0,13.0,0.3161434694016022,High,Low,1.0,0.0,2018.0,0.0042926408685375,0.0,4.0,2.24272342550848,0,0
576,Pallippuram Gramapanchayath,gram_panchayat,Ernakulam,8.21421052555268,2.515591975899108,300.1,2018,228.04407145408655,0.5986914092239084,0.0808739160444471,58.0,0.0,1296.66,615.0,1684.0,2105.0,13.0,0.3161434694016022,High,Low,1.0,0.0,2018.0,0.0346395032363342,0.0,4.0,2.825504536921152,0,0
577,Kottuvally Gramapanchayath,gram_panchayat,Ernakulam,8.391218194017414,2.38304505817264,313.0,2018,901.8898919279444,0.7120196314282332,0.067335292969431,58.0,0.0,1296.66,615.0,1684.0,2105.0,13.0,0.3161434694016022,High,Low,1.0,0.0,2018.0,0.0213689676267034,0.0,4.0,4.535234767503819,0,0
578,Kuzhuppilly Gramapanchayath,gram_panchayat,Ernakulam,6.072596095521054,2.017084324173505,335.7,2018,105.80389282032516,0.4096443820895262,0.0360725154673593,58.0,0.0,1296.66,615.0,1684.0,2105.0,13.0,0.3161434694016022,High,Low,1.0,0.0,2018.0,0.0737454632826835,0.0,4.0,2.152912109433849,1,0
579,Edavanakad Gramapanchayath,gram_panchayat,Ernakulam,5.6746198863139865,2.012927975873405,313.0,2018,166.0179441500092,0.4439154129111004,0.0573525273621386,58.0,0.0,1296.66,615.0,1684.0,2105.0,13.0,0.3161434694016022,High,Low,1.0,0.0,2018.0,0.0477512612404526,0.0,4.0,2.012334217506634,0,0
580,Nayarambalam Gramapanchayath,gram_panchayat,Ernakulam,4.69206346559964,1.6011879909647204,313.0,2018,129.0387658731819,0.364862704563116,0.0402810156228533,58.0,0.0,1296.66,615.0,1684.0,2105.0,13.0,0.3161434694016022,High,Low,1.0,0.0,2018.0,0.0616839519110022,0.0,4.0,1.9539311013887448,1,0
581,Ezhikkara Gramapanchayath,gram_panchayat,Ernakulam,3.610763335222876,1.7523510594708347,313.0,2018,111.88857498740067,0.3069802513711365,0.0167388364225967,58.0,0.0,1296.66,615.0,1684.0,2105.0,13.0,0.3161434694016022,High,Low,1.0,0.0,2018.0,0.0724819390578703,0.0,4.0,2.315461698147056,1,0
582,Alangad Gramapanchayath,gram_panchayat,Ernakulam,8.746027851394425,3.054825112694892,313.0,2018,1471.7547406231054,0.7910449098622481,0.0985408145100478,58.0,0.0,1296.66,615.0,1684.0,2105.0,13.0,0.3161434694016022,High,Low,1.0,0.0,2018.0,0.0501624662887617,0.0,4.0,4.843938612057903,1,0
583,Kadungalloor Gramapanchayath,gram_panchayat,Ernakulam,8.517788422639022,3.342947704628657,368.2,2018,1160.3928867186933,0.5744336833349927,0.2242358511504217,58.0,0.0,1296.66,615.0,1684.0,2105.0,13.0,0.3161434694016022,High,Low,1.0,0.0,2018.0,0.0770373554196849,0.0,5.999999999999999,6.514237135294951,1,0
584,Njarackal Gramapanchayath,gram_panchayat,Ernakulam,4.615519517609471,1.4844411216890558,313.0,2018,221.4719402887788,0.3881391109319578,0.1117920328575699,58.0,0.0,1296.66,615.0,1684.0,2105.0,13.0,0.3161434694016022,High,Low,1.0,0.0,2018.0,0.0586899490350069,0.0,4.0,1.729520928503404,1,0
585,Elamkunnapuzha Gramapanchayath,gram_panchayat,Ernakulam,5.25977555182817,2.1528986619246204,299.3,2018,324.8665932104578,0.5175762178855984,0.1204565955993627,58.0,0.0,1296.66,615.0,1684.0,2105.0,13.0,0.3161434694016022,High,Low,1.0,0.0,2018.0,0.031119914590655,0.0,4.0,2.2295060554446744,0,0
586,Mulavukadu Gramapanchayath,gram_panchayat,Ernakulam,3.0607422724246187,2.062861567376549,299.3,2018,73.1601958911861,0.193917289046955,0.0814197165724336,58.0,0.0,1296.66,615.0,1684.0,2105.0,13.0,0.3161434694016022,High,Low,1.0,0.0,2018.0,0.0862280017920505,0.0,4.0,4.866363416846686,1,0
587,Kadamakkudy Gramapanchayath,gram_panchayat,Ernakulam,3.708652305078499,2.248082327474535,299.3,2018,201.71385055302912,0.3865507628888446,0.0869893899229686,58.0,0.0,1296.66,615.0,1684.0,2105.0,13.0,0.3161434694016022,High,Low,1.0,0.0,2018.0,0.0576563337425009,0.0,4.0,16.789628101591134,1,0
588,Cherannalloor Gramapanchayat,gram_panchayat,Ernakulam,8.66013487596737,3.0021459489419025,313.0,2018,713.4888513752395,0.5771787219380711,0.312813427887699,58.0,0.0,1296.66,615.0,1684.0,2105.0,13.0,0.3161434694016022,High,Low,1.0,0.0,2018.0,0.0187664226516979,0.0,4.0,8.955435402917805,0,0
589,Varapuzha Gramapanchayath,gram_panchayat,Ernakulam,7.357578250663386,2.2965351245939387,313.0,2018,322.962269796506,0.5680119300958898,0.1080903794121327,58.0,0.0,1296.66,615.0,1684.0,2105.0,13.0,0.3161434694016022,High,Low,1.0,0.0,2018.0,0.0236204166400113,0.0,4.0,11.129560476865626,0,0
590,Vadakkekkara Gramapanchayath,gram_panchayat,Ernakulam,8.919258190471908,2.391272622436837,300.1,2018,747.918395312437,0.8045250074004818,0.0503407569653679,58.0,0.0,1296.66,615.0,1684.0,2105.0,13.0,0.3161434694016022,High,Low,1.0,0.0,2018.0,0.0179619741447844,0.0,4.0,1108.1410471104932,0,0
591,Eloor,municipality,Ernakulam,9.98700748429595,3.526578857964329,313.0,2018,856.2370086512616,0.5812455080071329,0.2609644564539592,58.0,0.0,1296.66,615.0,1684.0,2105.0,13.0,0.3161434694016022,High,Low,1.0,0.0,2018.0,0.0263544461724015,0.0,4.0,11.998426756094853,0,0
592,Choornikkara Gramapanchayath,gram_panchayat,Ernakulam,10.713992038328463,3.690063895927024,368.2,2018,1030.2546264599098,0.4055022825209451,0.3956103709440424,58.0,0.0,1296.66,615.0,1684.0,2105.0,13.0,0.3161434694016022,High,Low,1.0,0.0,2018.0,0.1008180715105696,0.0,5.999999999999999,14.020953509517204,1,0
593,Kalamassery,municipality,Ernakulam,14.471476094169224,4.884776059075828,374.0,2018,3664.278282422993,0.4806500969124995,0.3571861482662308,58.0,0.0,1296.66,615.0,1684.0,2105.0,13.0,0.3161434694016022,High,Low,1.0,0.0,2018.0,0.0279608212616923,0.0,6.000000000000001,9.094490932162543,0,0
594,Thrikkakara,municipality,Ernakulam,13.508565355538884,4.23720508656019,374.0,2018,4572.819359399564,0.4237072020500853,0.4789050643286217,58.0,0.0,1296.66,615.0,1684.0,2105.0,13.0,0.3161434694016022,High,Low,1.0,0.0,2018.0,0.0055604719605416,0.0,4.0,7.067955564760743,0,0
595,Edathala Gramapanchayath,gram_panchayat,Ernakulam,18.879905956145983,4.733108924259019,368.2,2018,4347.484384591719,0.6425420130239207,0.2213779277593628,58.0,0.0,1296.66,615.0,1684.0,2105.0,13.0,0.3161434694016022,High,Low,1.0,0.0,2018.0,0.0082050327397447,0.0,5.999999999999999,4.033636179003693,0,0
596,Kunnathunad Gramapanchayath,gram_panchayat,Ernakulam,23.419704749646595,5.6180291062323455,442.4,2018,4686.288309600388,0.7613432607284807,0.0762389284893,58.0,0.0,1296.66,615.0,1684.0,2105.0,13.0,0.3161434694016022,High,Low,1.0,0.0,2018.0,0.0061193615373226,2.0,5.999999999999989,23.66575486442712,0,1
597,Vadavukode-Puthencruz Gramapanachayath,gram_panchayat,Ernakulam,26.329303872417505,5.824724518889156,437.9,2018,1925.0909737641,0.67899916993985,0.1627963960448618,58.0,0.0,1296.66,615.0,1684.0,2105.0,13.0,0.3161434694016022,High,Low,1.0,0.0,2018.0,0.0138988057978504,0.0,6.000000000000001,29.268050715325348,0,0
598,Maradu,municipality,Ernakulam,5.983705641028587,2.812892325063065,292.5,2018,380.80342645540463,0.3580078850988898,0.3212452917492654,58.0,0.0,1296.66,615.0,1684.0,2105.0,13.0,0.3161434694016022,High,Low,1.0,0.0,2018.0,0.0274658306753822,0.0,4.0,15.9454570085764,0,0
599,Thrippunithura,municipality,Ernakulam,7.648770593225235,2.983463565879178,437.9,2018,1781.0113514333498,0.4411181764951045,0.308823275133516,58.0,0.0,1296.66,615.0,1684.0,2105.0,13.0,0.3161434694016022,High,Low,1.0,0.0,2018.0,0.024667360611069,0.0,4.0,117.15439308219185,0,0
600,Kumbalam Gramapanchayath,gram_panchayat,Ernakulam,4.095167375233421,1.9829577309859203,292.5,2018,128.80955693695532,0.365226111263816,0.0845783204793862,58.0,0.0,1296.66,615.0,1684.0,2105.0,13.0,0.3161434694016022,High,Low,1.0,0.0,2018.0,0.0208915902632016,0.0,4.0,2.0575884710568197,0,0
601,Chellanam Gramapanchayath,gram_panchayat,Ernakulam,3.439605436225507,2.316813235910354,299.1,2018,72.4675714818307,0.1877432814993197,0.0839229949404215,58.0,0.0,1296.66,615.0,1684.0,2105.0,13.0,0.3161434694016022,High,Low,1.0,0.0,2018.0,0.0894833957023284,0.0,4.0,27.75878565590923,1,0
602,Kumbalanghy Gramapanchayath,gram_panchayat,Ernakulam,4.9819496929843,2.438275490424742,299.1,2018,128.38723446056315,0.3891032411065713,0.0983884957679168,58.0,0.0,1296.66,615.0,1684.0,2105.0,13.0,0.3161434694016022,High,Low,1.0,0.0,2018.0,0.0456142183684396,0.0,4.0,21.524920514550896,0,0
603,Udayamperoor Gramapanchayath,gram_panchayat,Ernakulam,5.685051875851869,1.971133648613812,417.7,2018,601.2723582193339,0.446662227422003,0.0773271595210311,58.0,0.0,1296.66,615.0,1684.0,2105.0,13.0,0.3161434694016022,High,Low,1.0,0.0,2018.0,0.0166168786191054,0.0,4.0,150.39523161049735,0,0
604,Chottanikara Gramapanchayath,gram_panchayat,Ernakulam,18.91730049975147,5.308973523934666,437.9,2018,4247.75069879418,0.7779276092102776,0.1164412967762212,58.0,0.0,1296.66,615.0,1684.0,2105.0,13.0,0.3161434694016022,High,Low,1.0,0.0,2018.0,0.0185317333782199,0.0,5.999999999999995,17.276121931244926,0,0
605,Mulamthuruthy Gramapanchayath,gram_panchayat,Ernakulam,22.144016143207537,5.3574091993966375,417.7,2018,3806.6415891320407,0.8890013817796284,0.0484282106741048,58.0,0.0,1296.66,615.0,1684.0,2105.0,13.0,0.3161434694016022,High,Low,1.0,0.0,2018.0,0.0116384258880312,0.0,6.000000000000004,62.33720713076751,0,0
606,Amballur Gramapanchayath,gram_panchayat,Ernakulam,15.667680107481264,4.926186896976395,417.7,2018,1919.285411522179,0.9179301541965972,0.0242059336991101,58.0,0.0,1296.66,615.0,1684.0,2105.0,13.0,0.3161434694016022,High,Low,1.0,0.0,2018.0,0.0645553627330011,0.0,4.0,62.34852150825434,1,0
607,Edakkattuvayal Gramapanchayath,gram_panchayat,Ernakulam,32.27123015724798,7.0879081226823,394.8,2018,2678.961340831964,0.9646546777509662,0.0102491998696341,58.0,0.0,1296.66,615.0,1684.0,2105.0,13.0,0.3161434694016022,High,Low,1.0,0.0,2018.0,0.0560612842809996,0.0,6.000000000000001,4.596996666505288,1,0
608,Piravom,municipality,Ernakulam,25.71334249555736,6.117066664133296,394.8,2018,1212.7609868948923,0.8884306569890884,0.0274281630962345,58.0,0.0,1296.66,615.0,1684.0,2105.0,13.0,0.3161434694016022,High,Low,1.0,0.0,2018.0,0.1180109549044831,0.0,6.0,729.1104874300847,1,0
609,Maneedu Gramapanchayath,gram_panchayat,Ernakulam,36.80509331561306,6.572248837769703,409.7,2018,2005.3693917012183,0.934598548819062,0.0095043135297306,58.0,0.0,1296.66,615.0,1684.0,2105.0,13.0,0.3161434694016022,High,Low,1.0,0.0,2018.0,0.0357156708421932,0.0,6.0,173.09453644618836,0,0
610,Thiruvaniyoor Gramapanchayath,gram_panchayat,Ernakulam,27.010441310567163,5.7570782252625285,437.9,2018,4435.841252048824,0.8879267863796013,0.0555318152507282,58.0,0.0,1296.66,615.0,1684.0,2105.0,13.0,0.3161434694016022,High,Low,1.0,0.0,2018.0,0.009021960614123,0.0,6.000000000000004,24.851616853707224,0,0
611,Poothrika Gramapanchayath,gram_panchayat,Ernakulam,28.94735829134746,6.076414073982281,409.7,2018,2704.341091096724,0.9232375855585424,0.0359531024756579,58.0,0.0,1296.66,615.0,1684.0,2105.0,13.0,0.3161434694016022,High,Low,1.0,0.0,2018.0,0.0379731594966162,0.0,6.000000000000001,160.41617473102824,0,0
612,Aikkaranadu Gramapanchayath,gram_panchayat,Ernakulam,32.26944659318847,5.547341563674127,442.4,2018,4408.170118476111,0.9092041526306188,0.0526113713328708,58.0,0.0,1296.66,615.0,1684.0,2105.0,13.0,0.3161434694016022,High,Low,1.0,0.0,2018.0,0.0188570404419235,0.0,6.0,113.01665687179926,0,0
613,Ramamangalam Gramapanchayath,gram_panchayat,Ernakulam,34.11899066356254,7.246776631383163,357.3,2018,901.0479044990836,0.9225623456485124,0.0117556967859159,58.0,0.0,1296.66,615.0,1684.0,2105.0,13.0,0.3161434694016022,High,Low,1.0,0.0,2018.0,0.0740043564413679,0.0,6.0,828.9034694596186,1,0
614,Pampakuda Gramapanchayath,gram_panchayat,Ernakulam,47.22987560565805,7.492219322362287,357.3,2018,3104.044741801077,0.9724330935256952,0.0089972930298353,58.0,0.0,1296.66,615.0,1684.0,2105.0,13.0,0.3161434694016022,High,Low,1.0,0.0,2018.0,0.0028013440419799,0.0,6.0,25.635351230945552,0,0
615,Thirumaradi Gramapanchayath,gram_panchayat,Ernakulam,55.59791124162068,8.124788182194909,364.4,2018,5895.384654782115,0.9759414405347048,0.0092968126598003,58.0,0.0,1296.66,615.0,1684.0,2105.0,13.0,0.3161434694016022,High,Low,1.0,0.0,2018.0,0.002342739786861,0.0,6.0,34.60435613457568,0,0
616,Koothattukulam,municipality,Ernakulam,53.673766232110616,7.702840348909145,364.4,2018,9853.518220681644,0.958729692343456,0.0317712445794981,58.0,0.0,1296.66,615.0,1684.0,2105.0,13.0,0.3161434694016022,High,Low,1.0,0.0,2018.0,0.0013504748345519,0.0,6.0,25.278486746434325,0,0
617,Palakuzha Gramapanchayath,gram_panchayat,Ernakulam,73.70372418199464,8.209187674577862,448.0,2018,9362.355172046946,0.976205240577288,0.0105276002297221,58.0,0.0,1296.66,615.0,1684.0,2105.0,13.0,0.3161434694016022,High,Low,1.0,0.0,2018.0,0.0019164100781329,0.0,6.0,8.251332866676492,0,0
618,Arakkuzha Gramapanchayath,gram_panchayat,Ernakulam,57.69507629402899,8.602910802243274,442.5,2018,5475.757787172352,0.9636562218151932,0.011706910709567,58.0,0.0,1296.66,615.0,1684.0,2105.0,13.0,0.3161434694016022,High,Low,1.0,0.0,2018.0,0.0051008343401471,0.0,6.0,83.43817895646455,0,0
619,Marady Gramapanchayath,gram_panchayat,Ernakulam,42.76313788981927,7.855895297938617,357.3,2018,1362.9256377220968,0.944364948954024,0.0146873393159271,58.0,0.0,1296.66,615.0,1684.0,2105.0,13.0,0.3161434694016022,High,Low,1.0,0.0,2018.0,0.0153929319906736,0.0,6.0,297.2858586792212,0,0
620,Elanji Gramapanchayath,gram_panchayat,Ernakulam,51.96628578899949,7.664552531132712,427.8,2018,6983.240649591431,0.9800720305231618,0.0075067194827787,58.0,0.0,1296.66,615.0,1684.0,2105.0,13.0,0.3161434694016022,High,Low,1.0,0.0,2018.0,0.0023212095128449,0.0,6.0,11.659596434903644,0,0
621,Marayoor Gramapanchayat,gram_panchayat,Idukki,1290.1558924520702,21.026688500378015,176.6,2018,12411.351359578664,0.7432507755802255,0.004625737814497,54.0,143.0,5745.97,1166.0,1445.0,2130.0,56.0,0.5853276245779735,Critical,Critical,1.0,1.0,2018.0,0.0129455659690984,12.0,4.0,32.06612352937575,0,1
622,Kanthalloor Gramapanchayath,gram_panchayat,Idukki,1295.8555680566642,19.04882405504329,176.6,2018,9202.791020415629,0.7914973744489748,0.0033306577954628,54.0,143.0,5745.97,1166.0,1445.0,2130.0,56.0,0.5853276245779735,Critical,Critical,1.0,1.0,2018.0,0.0130143523620241,0.0,4.0,41.88401834656998,0,0
623,Vattavada Gramapanchayath,gram_panchayat,Idukki,1947.147738778712,21.52734588963454,136.4,2018,4757.372654881089,0.8217953429507834,0.003091676096978,54.0,143.0,5745.97,1166.0,1445.0,2130.0,56.0,0.5853276245779735,Critical,Critical,1.0,1.0,2018.0,0.0125344013746132,2.0,4.0,14.52823620299054,0,1
624,Devikulam Gramapanchayath,gram_panchayat,Idukki,1843.7667042504288,18.948547038784444,463.7,2018,3557.272660561384,0.7696682931115213,0.0065873066538608,54.0,143.0,5745.97,1166.0,1445.0,2130.0,56.0,0.5853276245779735,Critical,Critical,1.0,1.0,2018.0,0.0075190037198537,123.0,4.0,24.87232843149715,0,1
625,Munnar Grampanchayat,gram_panchayat,Idukki,1762.5439557449022,20.098324338966844,946.7,2018,9644.28016614799,0.6099020170614361,0.0024564263224833,54.0,143.0,5745.97,1166.0,1445.0,2130.0,56.0,0.5853276245779735,Critical,Critical,1.0,1.0,2018.0,0.0048014580256426,199.0,4.0,11.045724498325088,0,1
626,Mankulam Gramapanchayath,gram_panchayat,Idukki,897.9421337935265,21.76070862524262,832.4,2018,13864.657661288344,0.939141960956816,0.0011377885960594,54.0,143.0,5745.97,1166.0,1445.0,2130.0,56.0,0.5853276245779735,Critical,Critical,1.0,1.0,2018.0,0.0031418709146168,45.0,4.0,33.98194048017541,0,1
627,Adimali Gramapanchayath,gram_panchayat,Idukki,658.3400127006104,19.342796691928537,832.4,2018,7118.943725745588,0.8948624804409439,0.0120792674151217,54.0,143.0,5745.97,1166.0,1445.0,2130.0,56.0,0.5853276245779735,Critical,Critical,1.0,1.0,2018.0,0.0047089165588689,164.0,4.0,373.5035738117536,0,1
628,Pallivasal Gramapanchayat,gram_panchayat,Idukki,1141.5356620297864,18.42024519202229,945.0,2018,6202.310893848092,0.9168539699136092,0.0020228123995128,54.0,143.0,5745.97,1166.0,1445.0,2130.0,56.0,0.5853276245779735,Critical,Critical,1.0,1.0,2018.0,0.0017793490892554,48.0,4.0,8.028579681051397,0,1
629,Vellathooval Gramapanchayat,gram_panchayat,Idukki,702.9473683656704,18.6674775584514,722.3,2018,1920.2271194139848,0.9013656816722058,0.0063574513028307,54.0,143.0,5745.97,1166.0,1445.0,2130.0,56.0,0.5853276245779735,Critical,Critical,1.0,1.0,2018.0,0.0074172578243423,130.0,4.0,475.4532426206776,0,1
630,Baisonvalley Gramapanchayat,gram_panchayat,Idukki,1139.4758248669273,18.34756699095865,616.6,2018,5229.561909524191,0.8679066493883015,0.006543740714949,54.0,143.0,5745.97,1166.0,1445.0,2130.0,56.0,0.5853276245779735,Critical,Critical,1.0,1.0,2018.0,0.0050113915555657,45.0,4.0,73.4232173375964,0,1
631,Chinnakkanal Grampanchayat,gram_panchayat,Idukki,1493.707855361682,17.410619126204505,457.7,2018,2457.7252778581246,0.7184015038219721,0.0093397850971813,54.0,143.0,5745.97,1166.0,1445.0,2130.0,56.0,0.5853276245779735,Critical,Critical,1.0,1.0,2018.0,0.0150904973525199,12.0,4.0,9.024657909707756,0,1
632,Santhanpara Gramapanchayat,gram_panchayat,Idukki,1297.1122659772705,15.186705027382102,243.5,2018,4636.7749204614565,0.9176932696836736,0.0068846525781311,54.0,143.0,5745.97,1166.0,1445.0,2130.0,56.0,0.5853276245779735,Critical,Critical,1.0,1.0,2018.0,0.0066879723087878,5.0,6.0,23.16541779621344,0,1
633,Rajakumary Gramapanchayat,gram_panchayat,Idukki,1100.6474851090522,13.14677367988887,411.4,2018,4805.298998718155,0.9230503050433831,0.0113396500674261,54.0,143.0,5745.97,1166.0,1445.0,2130.0,56.0,0.5853276245779735,Critical,Critical,1.0,1.0,2018.0,0.0066400198283262,28.0,6.000000000000006,39.00318049677109,0,1
634,Rajakkad Gramapanchayath,gram_panchayat,Idukki,879.4898456551263,13.873202376155463,616.6,2018,2547.165648957789,0.9275369608019974,0.0131074392907503,54.0,143.0,5745.97,1166.0,1445.0,2130.0,56.0,0.5853276245779735,Critical,Critical,1.0,1.0,2018.0,0.0077957104087455,15.0,5.999999999999997,132.04395243014827,0,1
635,Konnathady Gramapanchayath,gram_panchayat,Idukki,704.9341101275193,18.2914856981894,782.8,2018,2286.4427804226,0.9180165874686942,0.0043588094283384,54.0,143.0,5745.97,1166.0,1445.0,2130.0,56.0,0.5853276245779735,Critical,Critical,1.0,1.0,2018.0,0.0102195807970418,151.0,4.0,218.27954382532715,0,1
636,Senapathy Gramapanchayath,gram_panchayat,Idukki,1016.001361878414,13.7913183734127,411.4,2018,7672.3570831955185,0.9302723956141676,0.0061212145393314,54.0,143.0,5745.97,1166.0,1445.0,2130.0,56.0,0.5853276245779735,Critical,Critical,1.0,1.0,2018.0,0.0021245725427355,2.0,5.999999999999998,53.20155431926344,0,1
637,Udumbanchola Gramapanchayath,gram_panchayat,Idukki,1034.776921831967,13.557287257385768,411.4,2018,8998.295956709839,0.9392812480852304,0.0062929330479824,54.0,143.0,5745.97,1166.0,1445.0,2130.0,56.0,0.5853276245779735,Critical,Critical,1.0,1.0,2018.0,0.0018430896439905,34.0,5.999999999999999,14.43246793598926,0,1
638,Nedumkandom Gramapanchayath,gram_panchayat,Idukki,928.2636654781032,15.929440692740071,312.3,2018,7918.329608159357,0.90392556879554,0.0106998226767597,54.0,143.0,5745.97,1166.0,1445.0,2130.0,56.0,0.5853276245779735,Critical,Critical,1.0,1.0,2018.0,0.0015772707908612,27.0,4.0,74.55621621421078,0,1
639,Vathikudy Gramapanchayath,gram_panchayat,Idukki,721.4812425860723,16.21744197466512,622.4,2018,5882.728786576288,0.9588024427366112,0.0081421018296698,54.0,143.0,5745.97,1166.0,1445.0,2130.0,56.0,0.5853276245779735,Critical,Critical,1.0,1.0,2018.0,0.002278693106242,75.0,4.0,245.01660630761208,0,1
640,Kanjikkuzhy Gramapanchayath,gram_panchayat,Idukki,609.0074750734586,19.43605650208209,722.3,2018,5653.712212644235,0.883374332601174,0.0039709742281594,54.0,143.0,5745.97,1166.0,1445.0,2130.0,56.0,0.5853276245779735,Critical,Critical,1.0,1.0,2018.0,0.0062452490178595,171.0,4.0,430.6629457345679,0,1
641,Vannappuram Gramapanchayath,gram_panchayat,Idukki,192.3665122928878,15.87992029205722,701.5,2018,5060.286087160098,0.9560432510643064,0.0059781007996205,54.0,143.0,5745.97,1166.0,1445.0,2130.0,56.0,0.5853276245779735,Critical,Critical,1.0,1.0,2018.0,0.0007387700140069,27.0,4.0,40.29866014476653,0,1
642,Karimannoor Gramapanchayath,gram_panchayat,Idukki,185.48766484571155,10.207456493365406,685.0,2018,8338.357388788885,0.9655933067450544,0.0056627968766032,54.0,143.0,5745.97,1166.0,1445.0,2130.0,56.0,0.5853276245779735,Critical,Critical,1.0,1.0,2018.0,0.0007573321432225,31.0,4.0,28.567194204245155,0,1
643,Kodikulam Gramapanchayath,gram_panchayat,Idukki,52.48416195158145,6.755493126030185,685.0,2018,8152.568828582663,0.9857460564872832,0.0043790008311034,54.0,143.0,5745.97,1166.0,1445.0,2130.0,56.0,0.5853276245779735,Critical,Critical,1.0,1.0,2018.0,0.001323650476451,0.0,4.0,58.48205269877437,0,0
644,Vazhathope Gramapanchayath,gram_panchayat,Idukki,821.1796430374148,14.462530140282103,769.3000000000001,2018,1214.084091332502,0.6070153947641934,0.0040093747045381,54.0,143.0,5745.97,1166.0,1445.0,2130.0,56.0,0.5853276245779735,Critical,Critical,1.0,1.0,2018.0,0.0742589175264772,186.0,4.0,229.75574258263663,1,1
645,Udumbannoor Gramapanchayath,gram_panchayat,Idukki,436.5111919442048,16.814107536848198,652.5,2018,7038.132092770325,0.9269975533817416,0.0020598801412647,54.0,143.0,5745.97,1166.0,1445.0,2130.0,56.0,0.5853276245779735,Critical,Critical,1.0,1.0,2018.0,0.0013069313659074,294.0,4.0,17.45090156091369,0,1
646,Mariyapuram Gramapanchayath,gram_panchayat,Idukki,797.7616453458571,17.68630346665601,622.4,2018,3842.3975685931,0.903120633570164,0.0077982893854117,54.0,143.0,5745.97,1166.0,1445.0,2130.0,56.0,0.5853276245779735,Critical,Critical,1.0,1.0,2018.0,0.003377638277095,119.0,4.0,170.11913717830785,0,1
647,Kamakshy Gramapanchayath,gram_panchayat,Idukki,884.5344665957398,14.167096823322602,364.3,2018,3797.932059626221,0.9456756547491724,0.0047659204719896,54.0,143.0,5745.97,1166.0,1445.0,2130.0,56.0,0.5853276245779735,Critical,Critical,1.0,1.0,2018.0,0.0013045057491714,18.0,4.0,11.211059495521546,0,1
648,Erattayar Gramapanchayath,gram_panchayat,Idukki,799.5510695202769,14.4332662293671,364.3,2018,2880.9924816492285,0.9682606565165924,0.0065799963728469,54.0,143.0,5745.97,1166.0,1445.0,2130.0,56.0,0.5853276245779735,Critical,Critical,1.0,1.0,2018.0,0.0086431062519132,29.0,4.0,60.26879183036228,0,1
649,Pampadumpara Gramapanchayath,gram_panchayat,Idukki,963.3372956534724,13.55664447848308,364.3,2018,6445.894347213969,0.9737708765408551,0.0090903676982119,54.0,143.0,5745.97,1166.0,1445.0,2130.0,56.0,0.5853276245779735,Critical,Critical,1.0,1.0,2018.0,0.0019550606978234,4.0,6.0,30.0819545521854,0,1
650,Karunapuram Gramapanchayath,gram_panchayat,Idukki,999.8525188637934,9.800721863133749,243.0,2018,10456.032554492778,0.9429570589198314,0.0103725634868371,54.0,143.0,5745.97,1166.0,1445.0,2130.0,56.0,0.5853276245779735,Critical,Critical,1.0,1.0,2018.0,0.0011048555846655,0.0,5.9999999999999964,32.8610341817205,0,0
651,Vandanmedu Gramapanchayat,gram_panchayat,Idukki,1121.0026520418403,9.450687541776224,324.7,2018,8661.949650040357,0.9488057348818942,0.0124663731735938,54.0,143.0,5745.97,1166.0,1445.0,2130.0,56.0,0.5853276245779735,Critical,Critical,1.0,1.0,2018.0,0.0034664032796186,1.0,6.000000000000003,10.215255984370732,0,1
652,Chakkupallam Gramapanchayath,gram_panchayat,Idukki,1114.1166989553765,10.308835627667188,350.7,2018,9063.92623973468,0.9403962408107498,0.0159298196317746,54.0,143.0,5745.97,1166.0,1445.0,2130.0,56.0,0.5853276245779735,Critical,Critical,1.0,1.0,2018.0,0.0032879249855422,2.0,6.0,7.254711223456617,0,1
653,Ayyappankovil Grampanchayat,gram_panchayat,Idukki,982.6643401619806,16.69079637661934,579.7,2018,5058.864003985468,0.9571124420801828,0.0052574130213917,54.0,143.0,5745.97,1166.0,1445.0,2130.0,56.0,0.5853276245779735,Critical,Critical,1.0,1.0,2018.0,0.0098343410126909,4.0,5.999999999999991,177.8858844123136,0,1
654,Kattappana,municipality,Idukki,972.5921338380748,13.399644506125544,324.7,2018,4810.884530513839,0.917289648186112,0.0342089068185656,54.0,143.0,5745.97,1166.0,1445.0,2130.0,56.0,0.5853276245779735,Critical,Critical,1.0,1.0,2018.0,0.0014648869989065,16.0,6.000000000000003,7.266943236027066,0,1
655,Kanchiyar Gramapanchayath,gram_panchayat,Idukki,837.5081699995595,12.567835579161729,598.0,2018,1310.8482315564877,0.7306566661183631,0.0053226159197478,54.0,143.0,5745.97,1166.0,1445.0,2130.0,56.0,0.5853276245779735,Critical,Critical,1.0,1.0,2018.0,0.0834761742190437,1.0,4.0,240.79668051683905,1,1
656,Upputhara Gramapanchayath,gram_panchayat,Idukki,880.238664829477,14.00755042985966,752.2,2018,4039.250622466952,0.7411280356033407,0.0049175238397713,54.0,143.0,5745.97,1166.0,1445.0,2130.0,56.0,0.5853276245779735,Critical,Critical,1.0,1.0,2018.0,0.02433864273653,0.0,4.0,97.82914997572342,0,0
657,Kumily Gramapanchayath,gram_panchayat,Idukki,1043.57160750914,17.643749553210547,418.4,2018,6414.540797718341,0.8659924797607018,0.0020085175951666,54.0,143.0,5745.97,1166.0,1445.0,2130.0,56.0,0.5853276245779735,Critical,Critical,1.0,1.0,2018.0,0.021217587038152,30.0,5.999999999999993,64.26783862315926,0,1
658,Vandiperiyar Grampanchayat,gram_panchayat,Idukki,903.7405793843344,16.658826769783524,620.1999999999999,2018,8465.027843884685,0.8202187659222093,0.0069097471415005,54.0,143.0,5745.97,1166.0,1445.0,2130.0,56.0,0.5853276245779735,Critical,Critical,1.0,1.0,2018.0,0.0065954048754423,1.0,6.0,218.6414819350888,0,1
659,Peruvanthanam Gramapanchayath,gram_panchayat,Idukki,416.8152617670478,20.32102145827256,626.1,2018,10204.55660435204,0.9637121264450846,0.0022595618270903,54.0,143.0,5745.97,1166.0,1445.0,2130.0,56.0,0.5853276245779735,Critical,Critical,1.0,1.0,2018.0,0.0011355795147189,19.0,6.000000000000003,12.316549985750864,0,1
660,Kokkayar Gramapanchayath,gram_panchayat,Idukki,437.4788975748066,21.34053716632515,753.2,2018,5394.2643925735165,0.8899762329284358,0.0028141938679353,54.0,143.0,5745.97,1166.0,1445.0,2130.0,56.0,0.5853276245779735,Critical,Critical,1.0,1.0,2018.0,0.0010253478738108,7.0,5.999999999999991,39.648131123058384,0,1
661,Peermade Gramapanchayath,gram_panchayat,Idukki,1036.4622704728213,15.625792496045028,579.7,2018,7909.204924365701,0.7097705910475762,0.0136341768669504,54.0,143.0,5745.97,1166.0,1445.0,2130.0,56.0,0.5853276245779735,Critical,Critical,1.0,1.0,2018.0,0.002781166760445,16.0,6.0,45.44504273887667,0,1
662,Elappara Gramapanchayath,gram_panchayat,Idukki,998.4710830573326,14.930592448624662,752.2,2018,4844.910506744177,0.5887794498297017,0.0072022143801743,54.0,143.0,5745.97,1166.0,1445.0,2130.0,56.0,0.5853276245779735,Critical,Critical,1.0,1.0,2018.0,0.0016145584024681,32.0,6.000263308545417,36.33120097232732,0,1
663,Arakulam Gramapanchayath,gram_panchayat,Idukki,609.4007876116358,16.95755371304755,715.7,2018,2381.337575090617,0.7930761088150401,0.0040646501917463,54.0,143.0,5745.97,1166.0,1445.0,2130.0,56.0,0.5853276245779735,Critical,Critical,1.0,1.0,2018.0,0.0425511926907397,76.0,4.0,15.021180850453035,0,1
664,Velliyamattom Gramapanchayat,gram_panchayat,Idukki,250.28047702122825,16.87031596475966,633.5,2018,3559.092455007163,0.9741608212726806,0.0032417847512141,54.0,143.0,5745.97,1166.0,1445.0,2130.0,56.0,0.5853276245779735,Critical,Critical,1.0,1.0,2018.0,0.00040465896667,14.0,4.0,18.59470884422012,0,1
665,Kudayathoor Grampanchayat,gram_panchayat,Idukki,269.06488799538664,16.762054577721777,634.1,2018,1404.851295136804,0.867778112594095,0.0057500745422521,54.0,143.0,5745.97,1166.0,1445.0,2130.0,56.0,0.5853276245779735,Critical,Critical,1.0,1.0,2018.0,0.0121688180357321,1.0,4.0,56.68207851211008,0,1
666,Alakode Gramapanchayat,gram_panchayat,Idukki,92.76241647023475,9.440654618104874,633.5,2018,2620.947145224338,0.9387128958970012,0.0056774134356471,54.0,143.0,5745.97,1166.0,1445.0,2130.0,56.0,0.5853276245779735,Critical,Critical,1.0,1.0,2018.0,0.0050889422843199,0.0,4.0,44.44723148302496,0,0
667,Muttom Gramapanchayath,gram_panchayat,Idukki,144.65174743556975,14.201639854731235,564.1,2018,2224.2838703225966,0.9337148733834988,0.0106184557630336,54.0,143.0,5745.97,1166.0,1445.0,2130.0,56.0,0.5853276245779735,Critical,Critical,1.0,1.0,2018.0,0.0061980812359624,1.0,5.999999999999997,17.821435878486373,0,1
668,Karimkunnam Gramapanchayath,gram_panchayat,Idukki,103.6355770340139,11.099400308851417,593.3,2018,4550.470123700807,0.9660628617976256,0.0147307497095446,54.0,143.0,5745.97,1166.0,1445.0,2130.0,56.0,0.5853276245779735,Critical,Critical,1.0,1.0,2018.0,0.0008982196126673,0.0,5.999999999999995,16.580846890536645,0,0
669,Purapuzha Gramapanchayath,gram_panchayat,Idukki,105.20470380260733,10.97591941993404,448.0,2018,7437.905904175388,0.9861351509275564,0.0075061088593421,54.0,143.0,5745.97,1166.0,1445.0,2130.0,56.0,0.5853276245779735,Critical,Critical,1.0,1.0,2018.0,0.0003969267872783,0.0,5.999999999999999,8.318872186087033,0,0
670,Manakkad Gramapanchayath,gram_panchayat,Idukki,56.83554214859255,8.014284206136976,448.0,2018,6195.907818609441,0.9676227720523956,0.010190243970426,54.0,143.0,5745.97,1166.0,1445.0,2130.0,56.0,0.5853276245779735,Critical,Critical,1.0,1.0,2018.0,0.0022096268653941,0.0,5.999999999999997,80.62395042066842,0,0
671,Edavetty Gramapanchayath,gram_panchayat,Idukki,61.82815436990972,7.470169104366525,593.3,2018,3288.175422836473,0.9398995051377532,0.0275195646079832,54.0,143.0,5745.97,1166.0,1445.0,2130.0,56.0,0.5853276245779735,Critical,Critical,1.0,1.0,2018.0,0.0008518514137517,0.0,4.0,65.29574029491677,0,0
672,Kumaramangalam Gramapanchayath,gram_panchayat,Idukki,59.7681307204901,7.864949885774975,650.1,2018,5384.178754043336,0.9563683214104,0.031328174644925,54.0,143.0,5745.97,1166.0,1445.0,2130.0,56.0,0.5853276245779735,Critical,Critical,1.0,1.0,2018.0,0.0019459550328984,0.0,5.999999999999997,24.337715941314958,0,0
673,Thodupuzha,municipality,Idukki,53.7210027287475,6.817568337619696,593.3,2018,2367.3255586859464,0.874367927556622,0.1015154319818639,54.0,143.0,5745.97,1166.0,1445.0,2130.0,56.0,0.5853276245779735,Critical,Critical,1.0,1.0,2018.0,0.0014484915111789,0.0,6.000000000000001,85.53186160828223,0,0
674,Chempu Gramapanchayath,gram_panchayat,Kottayam,7.979179525812933,3.0905865913901605,402.7000000000001,2018,686.5561671432179,0.7261274797791462,0.0097174180502778,14.0,29.0,7170.71,76.0,656.0,291.0,6.0,0.1596735843685767,Moderate,Critical,0.0,1.0,2018.0,0.0415706073553473,0.0,4.0,29.37542533427292,0,0
675,Aroor Grama Panchayath,gram_panchayat,Alappuzha,6.315954806637922,2.459976308043581,299.1,2018,262.35976589114057,0.5304322531187523,0.1344482197242973,43.0,0.0,12095.55,2075.0,18990.0,241.0,121.0,0.5653442000160468,Critical,Low,1.0,0.0,2018.0,0.0239239479479065,0.0,4.0,14.229969458542538,0,0
676,Arukutty Grama Panchayath,gram_panchayat,Alappuzha,4.075123181029149,1.55190877287884,299.1,2018,200.76090123666063,0.4364722044560995,0.0184809979311394,43.0,0.0,12095.55,2075.0,18990.0,241.0,121.0,0.5653442000160468,Critical,Low,1.0,0.0,2018.0,0.0068074377560668,0.0,4.0,75.67082594012943,0,0
677,Perumbalam Grama Panchayat,gram_panchayat,Alappuzha,4.280785695059281,1.6158492968079594,417.7,2018,131.07756547071943,0.372905510192321,0.0025686494570319,43.0,0.0,12095.55,2075.0,18990.0,241.0,121.0,0.5653442000160468,Critical,Low,1.0,0.0,2018.0,0.0090036974118117,0.0,4.0,1.358273823981864,0,0
678,Panavalli grama panchayat,gram_panchayat,Alappuzha,5.80990543630947,2.000441180638132,299.1,2018,432.84136872762514,0.6300760892668335,0.0256680826275331,43.0,0.0,12095.55,2075.0,18990.0,241.0,121.0,0.5653442000160468,Critical,Low,1.0,0.0,2018.0,0.0152603500415593,0.0,4.0,2.0236011768664643,0,0
679,Ezhupunna gram panchayat,gram_panchayat,Alappuzha,5.708419393988487,2.461918567881737,299.1,2018,336.65999087109043,0.536493304665509,0.0517726571622453,43.0,0.0,12095.55,2075.0,18990.0,241.0,121.0,0.5653442000160468,Critical,Low,1.0,0.0,2018.0,0.0474832674370405,0.0,4.0,35.29160949484007,0,0
680,Kodamthuruthu gram panchayat,gram_panchayat,Alappuzha,5.1475797804782015,2.868221247267167,299.1,2018,346.52739873488133,0.5708232641079817,0.0249795545582686,43.0,0.0,12095.55,2075.0,18990.0,241.0,121.0,0.5653442000160468,Critical,Low,1.0,0.0,2018.0,0.0975812971807025,0.0,4.0,12.881629876375246,1,0
681,Thaikkattussery Grama Panchayath,gram_panchayat,Alappuzha,6.015909869139242,2.309835646475965,299.1,2018,503.8913426166581,0.694720323229671,0.0261662841444708,43.0,0.0,12095.55,2075.0,18990.0,241.0,121.0,0.5653442000160468,Critical,Low,1.0,0.0,2018.0,0.0303617693593414,0.0,4.0,30.3400315395636,0,0
682,Kuthiyathodu grama panchayat,gram_panchayat,Alappuzha,6.559017265979859,2.731691728281428,299.1,2018,618.5079233647327,0.6695917213264935,0.0515558995186122,43.0,0.0,12095.55,2075.0,18990.0,241.0,121.0,0.5653442000160468,Critical,Low,1.0,0.0,2018.0,0.0330350484076585,0.0,4.0,4.59280080485988,0,0
683,Thuravoor grama panchayat,gram_panchayat,Alappuzha,5.79369914408247,2.6392115701017924,337.3,2018,622.179483294585,0.6511953698286564,0.0203595970069634,43.0,0.0,12095.55,2075.0,18990.0,241.0,121.0,0.5653442000160468,Critical,Low,1.0,0.0,2018.0,0.0670143353776987,0.0,4.0,12.181915496202992,1,0
684,Chennam Pallipuram grama panchayat,gram_panchayat,Alappuzha,4.774903235016814,1.8637079569050916,337.3,2018,341.52974453346224,0.5263934766772995,0.0271043583778793,43.0,0.0,12095.55,2075.0,18990.0,241.0,121.0,0.5653442000160468,Critical,Low,1.0,0.0,2018.0,0.0122178801857082,0.0,4.0,14.675768181164614,0,0
685,Vayalar Grama Panchayath,gram_panchayat,Alappuzha,7.120586360887838,2.475797925777644,337.3,2018,1074.9678218570257,0.8422118845072017,0.0306390448890951,43.0,0.0,12095.55,2075.0,18990.0,241.0,121.0,0.5653442000160468,Critical,Low,1.0,0.0,2018.0,0.0277485795737327,0.0,4.0,10.542707743896043,0,0
686,Pattanakkad Grama Panchayat,gram_panchayat,Alappuzha,7.5723830724808945,2.916827137570324,337.3,2018,914.5024253333006,0.7874606822117812,0.0252896159029524,43.0,0.0,12095.55,2075.0,18990.0,241.0,121.0,0.5653442000160468,Critical,Low,1.0,0.0,2018.0,0.0733920246014155,0.0,4.0,3.266430843377468,1,0
687,Kadakarappally Grama Panchayat,gram_panchayat,Alappuzha,9.19595509634487,2.5883613462721278,337.3,2018,970.3428857325522,0.8945986913142011,0.0238841883801149,43.0,0.0,12095.55,2075.0,18990.0,241.0,121.0,0.5653442000160468,Critical,Low,1.0,0.0,2018.0,0.0083822386579842,0.0,4.0,11.394379944871773,0,0
688,Cherthala south Grama Panchayat,gram_panchayat,Alappuzha,10.764617453825537,2.460932258337741,323.0,2018,1891.4146550959929,0.930588192999348,0.0272573599191548,43.0,0.0,12095.55,2075.0,18990.0,241.0,121.0,0.5653442000160468,Critical,Low,1.0,0.0,2018.0,0.0023878769211769,0.0,4.0,5.588947056416939,0,0
689,Cherthala,municipality,Alappuzha,9.941832492287096,2.4975903973314297,323.0,2018,2205.1779558343924,0.8552713754960241,0.1056336580683127,43.0,0.0,12095.55,2075.0,18990.0,241.0,121.0,0.5653442000160468,Critical,Low,1.0,0.0,2018.0,0.0058558962280273,0.0,4.0,6.7115310822803576,0,0
690,Thanneermukkam grama panchayat,gram_panchayat,Alappuzha,6.573448565481436,1.866841871829469,323.0,2018,1107.159801772063,0.6504692853294983,0.0248726200446091,43.0,0.0,12095.55,2075.0,18990.0,241.0,121.0,0.5653442000160468,Critical,Low,1.0,0.0,2018.0,0.1368120395281859,0.0,4.0,4.547131131782164,1,0
691,Muhamma gram panchayat,gram_panchayat,Alappuzha,5.034468092551478,1.2348864854228647,265.9,2018,516.8084528596198,0.4321221249497122,0.0234267599012622,43.0,0.0,12095.55,2075.0,18990.0,241.0,121.0,0.5653442000160468,Critical,Low,1.0,0.0,2018.0,0.3277795073149363,0.0,4.0,4.656300562679613,1,0
692,Kanjikuzhi grama panchayat,gram_panchayat,Alappuzha,11.4677451641493,2.299880370305325,265.9,2018,3271.0096465956244,0.917801249404821,0.060405440926653,43.0,0.0,12095.55,2075.0,18990.0,241.0,121.0,0.5653442000160468,Critical,Low,1.0,0.0,2018.0,0.002081628026392,0.0,6.999999999999998,2.106159488433327,0,0
693,Mararikulam North Grama Panchayat,gram_panchayat,Alappuzha,11.084937183663005,2.323000500446332,265.9,2018,1958.729421225233,0.9246237379229714,0.0384102780455893,43.0,0.0,12095.55,2075.0,18990.0,241.0,121.0,0.5653442000160468,Critical,Low,1.0,0.0,2018.0,0.0017054150682954,0.0,4.0,7.380703367330278,0,0
694,Mararikulam South Grama Panchayat,gram_panchayat,Alappuzha,11.18981962418777,2.3020613079802623,265.9,2018,1305.0690842164126,0.9051636148205332,0.0586393890038451,43.0,0.0,12095.55,2075.0,18990.0,241.0,121.0,0.5653442000160468,Critical,Low,1.0,0.0,2018.0,0.0047769944527928,0.0,4.0,4.977743281782924,0,0
695,Mannancherry Grama Panchayat,gram_panchayat,Alappuzha,5.520888451637504,1.373795667558247,265.9,2018,944.1241003636244,0.4896849681236269,0.0428320722360839,43.0,0.0,12095.55,2075.0,18990.0,241.0,121.0,0.5653442000160468,Critical,Low,1.0,0.0,2018.0,0.2855417802927286,0.0,4.0,3.8613293894407854,1,0
696,Aryad gram panchayat,gram_panchayat,Alappuzha,11.159055976668736,2.2426174962472114,235.4,2018,1394.418981605004,0.8327009836463798,0.1565760483839647,43.0,0.0,12095.55,2075.0,18990.0,241.0,121.0,0.5653442000160468,Critical,Low,1.0,0.0,2018.0,0.0016898423426075,0.0,4.0,3.1241192113553997,0,0
697,Alappuzha,municipality,Alappuzha,6.093215876966854,1.776853891339771,235.4,2018,773.4949536942081,0.4902167495969069,0.2472923553396686,43.0,0.0,12095.55,2075.0,18990.0,241.0,121.0,0.5653442000160468,Critical,Low,1.0,0.0,2018.0,0.2848948113750218,0.0,4.0,3.6910327108660224,1,0
698,Punnapra North grama panchayat,gram_panchayat,Alappuzha,6.827784480644942,2.170388859893196,275.4,2018,1032.7534712827253,0.8024145658233083,0.1387918979750024,43.0,0.0,12095.55,2075.0,18990.0,241.0,121.0,0.5653442000160468,Critical,Low,1.0,0.0,2018.0,0.2724077974406933,0.0,4.0,3.082698895780897,1,0
699,Punnapra South grama panchayat,gram_panchayat,Alappuzha,5.857679124244166,2.1936107747181506,275.4,2018,996.078680309849,0.8092937729917462,0.1250897392706011,43.0,0.0,12095.55,2075.0,18990.0,241.0,121.0,0.5653442000160468,Critical,Low,1.0,0.0,2018.0,0.3753711876098956,0.0,4.0,2.774940770834604,1,0
700,Ambalapuzha North Grama Panchayat,gram_panchayat,Alappuzha,4.322650191379602,2.306675665133416,279.9,2018,1037.6836477786255,0.8443996814985321,0.1191320668591752,43.0,0.0,12095.55,2075.0,18990.0,241.0,121.0,0.5653442000160468,Critical,Low,1.0,0.0,2018.0,0.3675510639958386,0.0,4.0,7.372729885416533,1,0
701,Ambalapuzha South Grama Panchayat,gram_panchayat,Alappuzha,2.821805677187006,2.219262137629742,279.9,2018,1522.0962308492249,0.864691841565838,0.0899764536923579,43.0,0.0,12095.55,2075.0,18990.0,241.0,121.0,0.5653442000160468,Critical,Low,1.0,0.0,2018.0,0.3520584800342791,0.0,4.0,4.397153277127295,1,0
702,Purakkad Grama Panchayat,gram_panchayat,Alappuzha,2.266792784219059,2.392222342952924,279.7,2018,732.8805490495982,0.7499805789392195,0.0373846203416959,43.0,0.0,12095.55,2075.0,18990.0,241.0,121.0,0.5653442000160468,Critical,Low,1.0,0.0,2018.0,0.4592979220177645,0.0,4.0,1684.1048899267716,1,0
703,Kainakari gram panchayat,gram_panchayat,Alappuzha,1.5366391346238122,2.1926034895168764,235.4,2018,332.07587521907794,0.4728217248307225,0.0047640767286792,43.0,0.0,12095.55,2075.0,18990.0,241.0,121.0,0.5653442000160468,Critical,Low,1.0,0.0,2018.0,0.6567811084651093,0.0,4.0,174.1617224303665,1,0
704,Pulinkunnu grama panchayat,gram_panchayat,Alappuzha,2.2242246696334425,2.2976947419032747,387.5,2018,518.7440047936511,0.4914009519395598,0.0116861797541185,43.0,0.0,12095.55,2075.0,18990.0,241.0,121.0,0.5653442000160468,Critical,Low,1.0,0.0,2018.0,0.652035844315375,0.0,4.0,268.7505027757362,1,0
705,Kavalam gram panchayat,gram_panchayat,Alappuzha,0.8879965271812257,2.017553086534923,373.4,2018,614.1192834822514,0.5232400478130691,0.0031827090216036,43.0,0.0,12095.55,2075.0,18990.0,241.0,121.0,0.5653442000160468,Critical,Low,1.0,0.0,2018.0,0.8078430867307604,0.0,4.0,329.2878310504432,1,0
706,Neelamperoor gram panchayat,gram_panchayat,Alappuzha,1.736245942567208,2.270837486387152,387.5,2018,1891.2563076559147,0.7162813366644417,0.0120270882334976,43.0,0.0,12095.55,2075.0,18990.0,241.0,121.0,0.5653442000160468,Critical,Low,1.0,0.0,2018.0,0.6749597242280126,0.0,4.0,61.60400862539267,1,0
707,Nedumudi village panchayat,gram_panchayat,Alappuzha,2.5897566241857777,2.559501288527637,275.4,2018,598.6443407095653,0.8872725432578219,0.0165099282387758,43.0,0.0,12095.55,2075.0,18990.0,241.0,121.0,0.5653442000160468,Critical,Low,1.0,0.0,2018.0,0.5842739724222239,0.0,4.0,16.55086479619184,1,0
708,Champakulam Grama Panchayath,gram_panchayat,Alappuzha,2.190363181176003,2.394738827429276,387.5,2018,792.2462870367377,0.6770878493679909,0.0252828636113613,43.0,0.0,12095.55,2075.0,18990.0,241.0,121.0,0.5653442000160468,Critical,Low,1.0,0.0,2018.0,0.5898551143372133,0.0,4.0,7.324804333533813,1,0
709,Ramankari Grama Panchayat,gram_panchayat,Alappuzha,2.5626610586602627,2.3268240311308928,314.1,2018,1638.1861519262466,0.6087994026317348,0.022564795379067,43.0,0.0,12095.55,2075.0,18990.0,241.0,121.0,0.5653442000160468,Critical,Low,1.0,0.0,2018.0,0.5331019843312269,0.0,4.0,6.712638350934108,1,0
710,Veliyanadu grama panchayat,gram_panchayat,Alappuzha,1.9887267194200235,2.433605051873538,387.5,2018,1074.145114839359,0.5126055440516673,0.0120774309473274,43.0,0.0,12095.55,2075.0,18990.0,241.0,121.0,0.5653442000160468,Critical,Low,1.0,0.0,2018.0,0.6127547744022547,0.0,4.0,5.142992883197718,1,0
711,Muttar Grama Panchayat,gram_panchayat,Alappuzha,2.7220859242033035,2.351877807995429,314.1,2018,1847.2289622331384,0.5820674696043456,0.0151559041094527,43.0,0.0,12095.55,2075.0,18990.0,241.0,121.0,0.5653442000160468,Critical,Low,1.0,0.0,2018.0,0.5438848846061491,0.0,4.0,8.938775868321608,1,0
712,Thakazhy Grama Panchayat,gram_panchayat,Alappuzha,0.7716664668066173,2.341481871069792,279.9,2018,960.9657739295488,0.6901891727623416,0.0137132705609623,43.0,0.0,12095.55,2075.0,18990.0,241.0,121.0,0.5653442000160468,Critical,Low,1.0,0.0,2018.0,0.5821177719204753,0.0,4.0,1122.5251145419586,1,0
713,Edathwa grama panchayat,gram_panchayat,Alappuzha,2.01602826611365,2.355468397505523,314.1,2018,1696.5829985301766,0.5821168641023312,0.0263040481283827,43.0,0.0,12095.55,2075.0,18990.0,241.0,121.0,0.5653442000160468,Critical,Low,1.0,0.0,2018.0,0.5747724171798398,0.0,4.0,862.8758397779537,1,0
714,Thalavady Grama Panchayat,gram_panchayat,Alappuzha,4.869462661883105,2.6563963360281218,314.1,2018,2982.4265090297545,0.736850710537375,0.0267777739485244,43.0,0.0,12095.55,2075.0,18990.0,241.0,121.0,0.5653442000160468,Critical,Low,1.0,0.0,2018.0,0.3937908075498147,0.0,4.0,1107.5437015947791,1,0
715,Veeyapuram Grama Panchayath,gram_panchayat,Alappuzha,3.0100530227091298,2.420615145697295,282.0,2018,756.2061268542111,0.6812530227346167,0.0188303951175114,43.0,0.0,12095.55,2075.0,18990.0,241.0,121.0,0.5653442000160468,Critical,Low,1.0,0.0,2018.0,0.5708772968435244,0.0,4.0,34.93237132733615,1,0
716,Cheruthana Grama Panchayath,gram_panchayat,Alappuzha,3.324988191614659,2.414719877023938,282.0,2018,790.509242405426,0.6973506912107614,0.0095166185232517,43.0,0.0,12095.55,2075.0,18990.0,241.0,121.0,0.5653442000160468,Critical,Low,1.0,0.0,2018.0,0.4935089025142753,0.0,4.0,969.1840955902152,1,0
717,Karuvatta Grama Panchayath,gram_panchayat,Alappuzha,4.535459031274487,2.5552909338304697,279.7,2018,1299.7322337698697,0.8944734013477652,0.0236785972805548,43.0,0.0,12095.55,2075.0,18990.0,241.0,121.0,0.5653442000160468,Critical,Low,1.0,0.0,2018.0,0.2291326060606058,0.0,4.0,5.204055589790502,1,0
718,Trikkunnappuzha grama panchayath,gram_panchayat,Alappuzha,6.417826844348582,2.2421702359604803,279.7,2018,508.4862846441375,0.8825141504102018,0.03064951669831,43.0,0.0,12095.55,2075.0,18990.0,241.0,121.0,0.5653442000160468,Critical,Low,1.0,0.0,2018.0,0.0201932178154946,0.0,4.0,5.951007925066039,0,0
719,Kumarapuram gram panchayat,gram_panchayat,Alappuzha,6.176226295417612,2.294782884892475,279.7,2018,1148.428708197256,0.9445330693013546,0.0268079290732849,43.0,0.0,12095.55,2075.0,18990.0,241.0,121.0,0.5653442000160468,Critical,Low,1.0,0.0,2018.0,0.0082404472194953,0.0,4.0,4.658390978334128,0,0
720,Haripad,municipality,Alappuzha,6.125490316366776,2.360395516393503,282.0,2018,1266.416683402783,0.7423436362438217,0.0949707853107286,43.0,0.0,12095.55,2075.0,18990.0,241.0,121.0,0.5653442000160468,Critical,Low,1.0,0.0,2018.0,0.2241869432477955,0.0,4.0,22.36084955611638,1,0
721,Pallippadu panchayat,gram_panchayat,Alappuzha,4.822073837213186,2.541832192530652,307.6,2018,2926.761816529028,0.6862656342950649,0.03060016153991,43.0,0.0,12095.55,2075.0,18990.0,241.0,121.0,0.5653442000160468,Critical,Low,1.0,0.0,2018.0,0.3874500948268886,0.0,4.0,43.22893376358824,1,0
722,Karthikapally gram panchayat,gram_panchayat,Alappuzha,5.4277076710031,2.3432601536971487,279.7,2018,639.4068659823378,0.7985296181102761,0.0294349965083779,43.0,0.0,12095.55,2075.0,18990.0,241.0,121.0,0.5653442000160468,Critical,Low,1.0,0.0,2018.0,0.0454765405218913,0.0,4.0,15.935157850409482,0,0
723,Arattupuzha grama panchayath,gram_panchayat,Alappuzha,3.650604906107635,2.026166180600375,329.6,2018,81.80459932037968,0.4011761579208246,0.0220535698225048,43.0,0.0,12095.55,2075.0,18990.0,241.0,121.0,0.5653442000160468,Critical,Low,1.0,0.0,2018.0,0.1601879540235316,0.0,4.0,19.276000855122387,1,0
724,Chingoli gram panchayat,gram_panchayat,Alappuzha,7.69697696408261,2.5795654799798866,307.6,2018,1344.429223088653,0.9199365802641554,0.034960083163226,43.0,0.0,12095.55,2075.0,18990.0,241.0,121.0,0.5653442000160468,Critical,Low,1.0,0.0,2018.0,0.0045353135516673,0.0,4.0,10.281217158059064,0,0
725,Muthukulam gram panchayat,gram_panchayat,Alappuzha,8.689917181521494,2.427510177239458,307.6,2018,1621.1819334624106,0.9424613275844668,0.0187982812539814,43.0,0.0,12095.55,2075.0,18990.0,241.0,121.0,0.5653442000160468,Critical,Low,1.0,0.0,2018.0,0.006615394093331,0.0,4.0,7.069020906685758,0,0
726,Kandalloor Grama Panchayat,gram_panchayat,Alappuzha,8.071175867931952,2.3480806791375963,329.6,2018,901.5973695993516,0.9073147554104344,0.0221985761839589,43.0,0.0,12095.55,2075.0,18990.0,241.0,121.0,0.5653442000160468,Critical,Low,1.0,0.0,2018.0,0.0151050000800804,0.0,4.0,2.610306264882174,0,0
727,Cheppad Grama Panchayat,gram_panchayat,Alappuzha,8.064337265324317,2.4975330006163285,307.6,2018,4607.631934424261,0.8111946176144974,0.0422458453395742,43.0,0.0,12095.55,2075.0,18990.0,241.0,121.0,0.5653442000160468,Critical,Low,1.0,0.0,2018.0,0.1577680820985193,0.0,4.0,19.37216961312682,1,0
728,Pathiyoor gram panchayat,gram_panchayat,Alappuzha,10.726117927736889,2.539584392099589,307.6,2018,3814.2597161477615,0.9011636248262092,0.042503573577879,43.0,0.0,12095.55,2075.0,18990.0,241.0,121.0,0.5653442000160468,Critical,Low,1.0,0.0,2018.0,0.0570062826054586,0.0,4.0,8.69175964350979,1,0
729,Kayamkulam,municipality,Alappuzha,11.17595598665415,2.477860833313001,329.6,2018,1907.4290263719288,0.844410387345972,0.1208526856111253,43.0,0.0,12095.55,2075.0,18990.0,241.0,121.0,0.5653442000160468,Critical,Low,1.0,0.0,2018.0,0.0074673945294799,0.0,4.0,23.188218306874028,0,0
730,Devikulangara Grama Panchayat,gram_panchayat,Alappuzha,7.247847225365088,2.0790763780315564,329.6,2018,706.9252793747056,0.6882796838794039,0.0168658201840121,43.0,0.0,12095.55,2075.0,18990.0,241.0,121.0,0.5653442000160468,Critical,Low,1.0,0.0,2018.0,0.089646819565,0.0,4.0,38.72723690229064,1,0
731,Krishnapuram Gram panchayat,gram_panchayat,Alappuzha,13.987049870289445,2.424434491293889,329.6,2018,4031.195245180168,0.958253262388141,0.0400494693711615,43.0,0.0,12095.55,2075.0,18990.0,241.0,121.0,0.5653442000160468,Critical,Low,1.0,0.0,2018.0,0.0016078238191622,0.0,4.0,32.84080271621674,0,0
732,Mannar grama panchayat,gram_panchayat,Alappuzha,6.5814694959387525,2.7294539390607526,292.7,2018,1936.3690811044885,0.7327666302312541,0.0571009474756369,43.0,0.0,12095.55,2075.0,18990.0,241.0,121.0,0.5653442000160468,Critical,Low,1.0,0.0,2018.0,0.3251697880222269,0.0,4.0,5.60833473981468,1,0
733,Budhanoor Grama Panchayat,gram_panchayat,Alappuzha,7.719924642063161,3.239165025940061,292.7,2018,3577.973748179509,0.8208252299158354,0.0331811160269822,43.0,0.0,12095.55,2075.0,18990.0,241.0,121.0,0.5653442000160468,Critical,Low,1.0,0.0,2018.0,0.2070827201859105,0.0,4.0,235.85660522396412,1,0
734,Thiruvnavandoor Grama Panchayat,gram_panchayat,Alappuzha,8.391547568902693,2.671533611207783,292.7,2018,1299.0665879866165,0.8558240968772005,0.0548751775993668,43.0,0.0,12095.55,2075.0,18990.0,241.0,121.0,0.5653442000160468,Critical,Low,1.0,0.0,2018.0,0.1754029403354469,0.0,4.0,945.2168620362712,1,0
735,Pandanad grama panchayat,gram_panchayat,Alappuzha,7.514711762178468,2.9602951656560283,292.7,2018,505.7435189616775,0.8134576410784101,0.027660256722047,43.0,0.0,12095.55,2075.0,18990.0,241.0,121.0,0.5653442000160468,Critical,Low,1.0,0.0,2018.0,0.2312364071899801,0.0,4.0,500.99615131915147,1,0
736,Chengannur,municipality,Alappuzha,16.376730498295768,3.921570962586695,335.3,2018,854.6749723503216,0.8128763553727021,0.1280951253556606,43.0,0.0,12095.55,2075.0,18990.0,241.0,121.0,0.5653442000160468,Critical,Low,1.0,0.0,2018.0,0.0322326327408345,0.0,5.9999999999999964,156.12219344532116,0,0
737,Mulakkuzha grama panchayat,gram_panchayat,Alappuzha,32.12653336522998,7.070458244248173,335.3,2018,4468.712224058207,0.929540096227653,0.0388781218640595,43.0,0.0,12095.55,2075.0,18990.0,241.0,121.0,0.5653442000160468,Critical,Low,1.0,0.0,2018.0,0.0322549927365484,0.0,6.0,3.0163395457647963,0,0
738,Ala Grama Panchayat,gram_panchayat,Alappuzha,15.631389316513609,4.619979619824082,335.3,2018,4236.814205356475,0.91864778923354,0.0269225296004413,43.0,0.0,12095.55,2075.0,18990.0,241.0,121.0,0.5653442000160468,Critical,Low,1.0,0.0,2018.0,0.1109932337767705,0.0,5.999999999999994,428.6273857913516,1,0
739,Puliyoor panchayath,gram_panchayat,Alappuzha,10.272541807549567,3.3384792317214083,292.7,2018,2820.617794438758,0.8913310063469777,0.0412981293694301,43.0,0.0,12095.55,2075.0,18990.0,241.0,121.0,0.5653442000160468,Critical,Low,1.0,0.0,2018.0,0.2122973221005261,0.0,4.0,420.82573464935706,1,0
740,Cheriyanadu panchayat,gram_panchayat,Alappuzha,13.961335954569558,3.5782122029684924,275.1,2018,5647.338267082215,0.8778429901342516,0.0436823004659361,43.0,0.0,12095.55,2075.0,18990.0,241.0,121.0,0.5653442000160468,Critical,Low,1.0,0.0,2018.0,0.1300022535828923,0.0,4.0,447.4811830079118,1,0
741,Venmony gram panchayat,gram_panchayat,Alappuzha,18.683205417039776,4.111580560323603,305.0,2018,4690.329185082624,0.9127921789517208,0.030364157952712,43.0,0.0,12095.55,2075.0,18990.0,241.0,121.0,0.5653442000160468,Critical,Low,1.0,0.0,2018.0,0.1357624573987352,0.0,6.000000000000001,616.3517603699845,1,0
742,Chennithala Thripperumthura gram panchayat,gram_panchayat,Alappuzha,6.275015993517961,2.537483055038124,307.6,2018,4147.722393072755,0.7198094970208281,0.0391352580135503,43.0,0.0,12095.55,2075.0,18990.0,241.0,121.0,0.5653442000160468,Critical,Low,1.0,0.0,2018.0,0.3841879708594189,0.0,4.0,8.674880623698744,1,0
743,Chettikulangara Grama Panchayat,gram_panchayat,Alappuzha,11.22935183051265,2.69365010528278,307.6,2018,6049.529481479861,0.9112477577534874,0.038824957711991,43.0,0.0,12095.55,2075.0,18990.0,241.0,121.0,0.5653442000160468,Critical,Low,1.0,0.0,2018.0,0.0589923477392919,0.0,4.0,7.17706109819788,1,0
744,Mavelikkara,municipality,Alappuzha,12.400697390141463,3.0044262854692723,275.1,2018,7951.854756464269,0.7741080810750983,0.1647019434144497,43.0,0.0,12095.55,2075.0,18990.0,241.0,121.0,0.5653442000160468,Critical,Low,1.0,0.0,2018.0,0.0578425413489295,0.0,4.0,30.563062011940893,1,0
745,Thazhakkara grama panchayat,gram_panchayat,Alappuzha,17.12425124306421,4.053629413660446,275.1,2018,6805.66365959254,0.8431501497629322,0.0509067980658958,43.0,0.0,12095.55,2075.0,18990.0,241.0,121.0,0.5653442000160468,Critical,Low,1.0,0.0,2018.0,0.14850061354609,0.0,6.000000000000003,6.587582227855844,1,0
746,Mavelikkara Thekkakkara Grama Panchayat,gram_panchayat,Alappuzha,15.116407611080117,3.0836779493895965,275.1,2018,7745.814960092248,0.9510553933365338,0.0374283076904436,43.0,0.0,12095.55,2075.0,18990.0,241.0,121.0,0.5653442000160468,Critical,Low,1.0,0.0,2018.0,0.0338541706570968,0.0,6.000000000000001,15.11565272156952,0,0
747,Bharanikkavu Gram Panchayat,gram_panchayat,Alappuzha,14.71353157903482,2.7149291918732064,288.6,2018,4977.559709207857,0.9448484734904944,0.0434392745703599,43.0,0.0,12095.55,2075.0,18990.0,241.0,121.0,0.5653442000160468,Critical,Low,1.0,0.0,2018.0,0.0330823825112964,0.0,4.0,12.387673683129409,0,0
748,Vallikkunnam grama panchayat,gram_panchayat,Alappuzha,15.790358755270132,3.029120570461596,280.7,2018,1897.1036518052365,0.9275992269580744,0.0208336046391986,43.0,0.0,12095.55,2075.0,18990.0,241.0,121.0,0.5653442000160468,Critical,Low,1.0,0.0,2018.0,0.0800352335871054,0.0,5.9999999999999964,5.224400996192715,1,0
749,Thamarakkulam Grama Panchayath,gram_panchayat,Alappuzha,26.09538777415504,3.9714476395402296,288.6,2018,3888.886754054528,0.9250248147967948,0.030373853069134,43.0,0.0,12095.55,2075.0,18990.0,241.0,121.0,0.5653442000160468,Critical,Low,1.0,0.0,2018.0,0.0402662281868939,0.0,5.999999999999998,9.01325562759524,0,0
750,Palamel gram panchayat,gram_panchayat,Alappuzha,33.82643530080697,5.564808600445793,291.7,2018,3587.53262112998,0.9164213875780112,0.0239823579933997,43.0,0.0,12095.55,2075.0,18990.0,241.0,121.0,0.5653442000160468,Critical,Low,1.0,0.0,2018.0,0.0637389644441825,0.0,6.000000000000008,5.117101131024057,1,0
751,Nooranadu grama panchayat,gram_panchayat,Alappuzha,19.599500821938776,4.032407546334788,305.0,2018,2167.7781007317017,0.8054819468186752,0.0259391978670044,43.0,0.0,12095.55,2075.0,18990.0,241.0,121.0,0.5653442000160468,Critical,Low,1.0,0.0,2018.0,0.204852769601994,0.0,6.000000000000001,71.05540829401536,1,0
752,Chunakkara grama panchayat,gram_panchayat,Alappuzha,20.504583372430023,3.781503318420304,288.6,2018,5346.874746786997,0.9458686787431674,0.0263504499441932,43.0,0.0,12095.55,2075.0,18990.0,241.0,121.0,0.5653442000160468,Critical,Low,1.0,0.0,2018.0,0.0906179622075987,0.0,6.000000000000003,4.331885996079512,1,0
753,Velloor Grama Panchayat,gram_panchayat,Kottayam,19.153383379233603,6.066222050045114,393.8,2018,782.1673711876465,0.8672195507049154,0.0199827908975473,14.0,29.0,7170.71,76.0,656.0,291.0,6.0,0.1596735843685767,Moderate,Critical,0.0,1.0,2018.0,0.1060978112913033,0.0,5.999999999999996,914.565799629196,1,0
754,Mulakkulam Gramapanchayath,gram_panchayat,Kottayam,31.777111746277143,6.6602702883210005,393.8,2018,2901.7088452298835,0.9516809672521888,0.0167754481809746,14.0,29.0,7170.71,76.0,656.0,291.0,6.0,0.1596735843685767,Moderate,Critical,0.0,1.0,2018.0,0.0779252747784972,0.0,5.999999999999994,58.10734425107681,1,0
755,Njeezhoor Gramapanchayat,gram_panchayat,Kottayam,47.67473206047776,8.117290274603546,427.8,2018,7924.6824264318175,0.9842847661408352,0.0065223128920378,14.0,29.0,7170.71,76.0,656.0,291.0,6.0,0.1596735843685767,Moderate,Critical,0.0,1.0,2018.0,0.0011465316038257,0.0,6.0,17.40767008948544,0,0
756,Maravanthuruthu Grama Panchayat,gram_panchayat,Kottayam,6.559474780225921,2.545648499207564,402.7000000000001,2018,644.3976637736915,0.7748841503647468,0.0110064938495654,14.0,29.0,7170.71,76.0,656.0,291.0,6.0,0.1596735843685767,Moderate,Critical,0.0,1.0,2018.0,0.0576191787711504,0.0,4.0,27.44829557693505,1,0
757,Udayanapuram Gramapanchayath,gram_panchayat,Kottayam,5.738282156966132,2.5768105044184666,349.1,2018,1421.3295743628037,0.870411555147315,0.0112739805158439,14.0,29.0,7170.71,76.0,656.0,291.0,6.0,0.1596735843685767,Moderate,Critical,0.0,1.0,2018.0,0.1183525678808176,0.0,4.0,5.651814447019581,1,0
758,Vaikom,municipality,Kottayam,6.347581496842164,1.96561636271659,349.1,2018,806.2059938723082,0.6524151939237073,0.0664680636228443,14.0,29.0,7170.71,76.0,656.0,291.0,6.0,0.1596735843685767,Moderate,Critical,0.0,1.0,2018.0,0.0177438143294828,0.0,4.0,2.546821118289152,0,0
759,Thalayolaparambu Gramapanchayath,gram_panchayat,Kottayam,10.779607792384429,3.876238923705055,393.8,2018,2136.636908308345,0.7741238406253295,0.0342709205952436,14.0,29.0,7170.71,76.0,656.0,291.0,6.0,0.1596735843685767,Moderate,Critical,0.0,1.0,2018.0,0.3447876429129799,0.0,4.0,1014.0808759834983,1,0
760,Kaduthuruthy Gramapanchayath,gram_panchayat,Kottayam,21.84925770337846,5.372137130702706,392.2,2018,5815.674795729086,0.8956203326812795,0.0215528737939612,14.0,29.0,7170.71,76.0,656.0,291.0,6.0,0.1596735843685767,Moderate,Critical,0.0,1.0,2018.0,0.1847081635938749,0.0,6.000000000000001,41.90917493563627,1,0
761,Manjoor Gramapanchayath,gram_panchayat,Kottayam,26.043019673874124,5.468369171439798,392.2,2018,9647.43899268877,0.9191752343343622,0.0246344540265438,14.0,29.0,7170.71,76.0,656.0,291.0,6.0,0.1596735843685767,Moderate,Critical,0.0,1.0,2018.0,0.0673700024051013,0.0,5.999999999999999,15.974789536807837,1,0
762,Kallara Grampanchayat,gram_panchayat,Kottayam,4.052008841991266,2.797884538096501,392.2,2018,5063.101264157084,0.7870699974499384,0.009497679475318,14.0,29.0,7170.71,76.0,656.0,291.0,6.0,0.1596735843685767,Moderate,Critical,0.0,1.0,2018.0,0.5599947546883728,0.0,4.0,853.1185836697467,1,0
763,TV Puram Grama Panchayat,gram_panchayat,Kottayam,5.247008241647223,1.5745033406483888,349.1,2018,455.19541261135527,0.5140545275005163,0.0081240683885884,14.0,29.0,7170.71,76.0,656.0,291.0,6.0,0.1596735843685767,Moderate,Critical,0.0,1.0,2018.0,0.0395915992358632,0.0,4.0,1.8431542133569572,0,0
764,Thalayazham Gramapanchayath,gram_panchayat,Kottayam,4.498939762214719,2.656769393367784,349.1,2018,1739.8013357633986,0.8326321561358253,0.0088376707379435,14.0,29.0,7170.71,76.0,656.0,291.0,6.0,0.1596735843685767,Moderate,Critical,0.0,1.0,2018.0,0.312088032929335,0.0,4.0,319.09217969153514,1,0
765,Vechoor Grampanchayat,gram_panchayat,Kottayam,3.932520212897822,2.22699652567358,333.4,2018,1817.6957612625104,0.7310436404392068,0.006052334002967,14.0,29.0,7170.71,76.0,656.0,291.0,6.0,0.1596735843685767,Moderate,Critical,0.0,1.0,2018.0,0.3817701154072567,0.0,4.0,14.201152618081624,1,0
766,Veliyannoor Grampanchayath,gram_panchayat,Kottayam,73.98563005787824,8.246751508161866,483.2000000000001,2018,12361.336511825828,0.9842270174267596,0.0104185869077367,14.0,29.0,7170.71,76.0,656.0,291.0,6.0,0.1596735843685767,Moderate,Critical,0.0,1.0,2018.0,0.0008005855174451,0.0,6.0,9.315750537664714,0,0
767,Uzhavoor Gramapanchayath,gram_panchayat,Kottayam,95.0888196382144,8.284572361550069,427.8,2018,12822.860888406123,0.9794163206716688,0.015012788257257,14.0,29.0,7170.71,76.0,656.0,291.0,6.0,0.1596735843685767,Moderate,Critical,0.0,1.0,2018.0,0.0005816276332919,0.0,6.0,4.555669144742094,0,0
768,Ramapuram Gramapanchayath,gram_panchayat,Kottayam,89.02908169118786,9.262459109720554,483.2000000000001,2018,10905.30829138615,0.9842024140099532,0.0087394143350138,14.0,29.0,7170.71,76.0,656.0,291.0,6.0,0.1596735843685767,Moderate,Critical,0.0,1.0,2018.0,0.0006908197170018,0.0,6.0,17.237410388589204,0,0
769,Kadanadu Gramapanchayath,gram_panchayat,Kottayam,137.90314320305492,11.817256984012351,564.1,2018,6802.092812597272,0.983703922926266,0.0078092781956327,14.0,29.0,7170.71,76.0,656.0,291.0,6.0,0.1596735843685767,Moderate,Critical,0.0,1.0,2018.0,0.0004784466699486,1.0,5.999999999999997,12.835062299057997,0,1
770,Melukavu Gramapanchayath,gram_panchayat,Kottayam,235.04184892300023,14.905119205700272,564.1,2018,5829.999714809843,0.9396477072718048,0.0044067697024106,14.0,29.0,7170.71,76.0,656.0,291.0,6.0,0.1596735843685767,Moderate,Critical,0.0,1.0,2018.0,0.0004630631876309,0.0,6.000000000000001,16.514966095995963,0,0
771,Moonnilavu Gramapanchayath,gram_panchayat,Kottayam,425.0329528563625,19.69776789754048,681.9,2018,7018.794924548596,0.8826932117747275,0.0017621733033721,14.0,29.0,7170.71,76.0,656.0,291.0,6.0,0.1596735843685767,Moderate,Critical,0.0,1.0,2018.0,0.000400596425754,0.0,6.000000000000008,18.754265208149,0,0
772,Thalappalam Gramapanchayath,gram_panchayat,Kottayam,77.77822997150008,10.230129402012224,522.9,2018,12527.959129851182,0.9873476068863092,0.0064829624599024,14.0,29.0,7170.71,76.0,656.0,291.0,6.0,0.1596735843685767,Moderate,Critical,0.0,1.0,2018.0,0.0018295861560435,0.0,6.000000000000002,59.62969990197008,0,0
773,Bharananganam Gramapanchayath,gram_panchayat,Kottayam,90.59378276119595,8.787640317264247,522.9,2018,11353.151530911842,0.97890130541163,0.0156268471179015,14.0,29.0,7170.71,76.0,656.0,291.0,6.0,0.1596735843685767,Moderate,Critical,0.0,1.0,2018.0,0.000835182952235,0.0,5.999999999999998,51.59986185285649,0,0
774,Pala,municipality,Kottayam,39.86975420621313,6.5371837329938,465.4,2018,15010.045349887125,0.8869251106135718,0.0950748443858089,14.0,29.0,7170.71,76.0,656.0,291.0,6.0,0.1596735843685767,Moderate,Critical,0.0,1.0,2018.0,0.0026839320730186,0.0,6.0,243.95539020566528,0,0
775,Karoor Grampanchayath,gram_panchayat,Kottayam,67.30401565251013,8.697559560130268,465.4,2018,14172.316992570166,0.9796497396182452,0.011803105405592,14.0,29.0,7170.71,76.0,656.0,291.0,6.0,0.1596735843685767,Moderate,Critical,0.0,1.0,2018.0,0.0009059463176686,0.0,6.0,23.60624788278773,0,0
776,Marangattupally Gramapanchayath,gram_panchayat,Kottayam,72.5962599233063,7.952553112901407,466.4,2018,14445.981525215362,0.984520087278724,0.0085180646697272,14.0,29.0,7170.71,76.0,656.0,291.0,6.0,0.1596735843685767,Moderate,Critical,0.0,1.0,2018.0,0.0008952499472166,0.0,6.0,6.988279368692627,0,0
777,Kuravilangadu Gramapanchayath,gram_panchayat,Kottayam,49.79130988986214,7.087708974402099,466.4,2018,12245.820570046675,0.9609111108675442,0.025196240808845,14.0,29.0,7170.71,76.0,656.0,291.0,6.0,0.1596735843685767,Moderate,Critical,0.0,1.0,2018.0,0.0018764207255745,0.0,6.0,7.790725137500716,0,0
778,Kanakkary Gramapanchayath,gram_panchayat,Kottayam,35.95462542134748,6.109554998529822,466.4,2018,9661.58192237039,0.9547377520698348,0.0219159749638443,14.0,29.0,7170.71,76.0,656.0,291.0,6.0,0.1596735843685767,Moderate,Critical,0.0,1.0,2018.0,0.0193500984827718,0.0,5.999999999999998,20.030973665136507,0,0
779,Kadaplamattom Gramapanchayath,gram_panchayat,Kottayam,60.064748612883605,7.19137984742589,466.4,2018,12657.729314286093,0.9834463143955232,0.0048135129249126,14.0,29.0,7170.71,76.0,656.0,291.0,6.0,0.1596735843685767,Moderate,Critical,0.0,1.0,2018.0,0.0010713356616497,0.0,6.0,5.807349329004857,0,0
780,Kidangoor Gramapanchayath,gram_panchayat,Kottayam,29.11232757972008,6.081425135386921,446.9,2018,9844.0322602913,0.943384300613436,0.0216334130738614,14.0,29.0,7170.71,76.0,656.0,291.0,6.0,0.1596735843685767,Moderate,Critical,0.0,1.0,2018.0,0.0344113019204099,0.0,6.000000000000002,287.00312678030906,0,0
781,Mutholy Gramapanchayath,gram_panchayat,Kottayam,35.67109648737753,6.939044115173348,378.8,2018,14242.031535883329,0.9620492647360612,0.0195034680355239,14.0,29.0,7170.71,76.0,656.0,291.0,6.0,0.1596735843685767,Moderate,Critical,0.0,1.0,2018.0,0.0027156344611731,0.0,6.0,204.98914590246216,0,0
782,Kozhuvanal Gramapanchayath,gram_panchayat,Kottayam,70.47101873612412,7.972365358890987,378.8,2018,13250.070409902548,0.9829310537718072,0.007903536642675,14.0,29.0,7170.71,76.0,656.0,291.0,6.0,0.1596735843685767,Moderate,Critical,0.0,1.0,2018.0,0.000741369472379,0.0,5.999999999999999,9.204870201862306,0,0
783,Meenachil gramapanchayath,gram_panchayat,Kottayam,48.85788145022763,6.852504689667847,470.5,2018,17147.358168612882,0.981793446859472,0.0106538499743819,14.0,29.0,7170.71,76.0,656.0,291.0,6.0,0.1596735843685767,Moderate,Critical,0.0,1.0,2018.0,0.0005138105113239,0.0,6.0,39.56887053972729,0,0
784,Thidanadu Gramapanchayath,gram_panchayat,Kottayam,74.09644184887739,8.536665657596815,470.5,2018,15949.475240662505,0.98790228793741,0.0049198292888455,14.0,29.0,7170.71,76.0,656.0,291.0,6.0,0.1596735843685767,Moderate,Critical,0.0,1.0,2018.0,0.0009828508643259,0.0,6.000000000000004,48.02758971138794,0,0
785,Poonjar Grampanchayath,gram_panchayat,Kottayam,105.81435282046942,12.204434755987434,733.6,2018,14985.89987765815,0.9885420895484156,0.0056189484838374,14.0,29.0,7170.71,76.0,656.0,291.0,6.0,0.1596735843685767,Moderate,Critical,0.0,1.0,2018.0,0.000567748124086,0.0,6.000000000000003,26.99356193952104,0,0
786,Poonjar Thekkekara Grama Panchayat,gram_panchayat,Kottayam,325.6216629758453,20.861622988677627,733.6,2018,10778.94532104202,0.9507430261944004,0.002400653954327,14.0,29.0,7170.71,76.0,656.0,291.0,6.0,0.1596735843685767,Moderate,Critical,0.0,1.0,2018.0,0.0007491503083555,13.0,5.999999999999995,11.977117876820396,0,1
787,Erattupetta,municipality,Kottayam,49.07378023242908,7.619081059740307,470.5,2018,14675.678538236794,0.8513583448981734,0.1227689519478291,14.0,29.0,7170.71,76.0,656.0,291.0,6.0,0.1596735843685767,Moderate,Critical,0.0,1.0,2018.0,0.0043944361016249,0.0,5.999999999999999,180.95356644996,0,0
788,Teekoy Gramapanchayath,gram_panchayat,Kottayam,393.6410835481108,20.02865069831229,759.3000000000001,2018,9362.64238732703,0.8941483443810284,0.0041481026152702,14.0,29.0,7170.71,76.0,656.0,291.0,6.0,0.1596735843685767,Moderate,Critical,0.0,1.0,2018.0,0.0022501655059079,6.0,5.999999999999998,29.155373494578814,0,1
789,Thalanadu Gramapanchayath,gram_panchayat,Kottayam,449.1712901782441,24.68221882699653,681.9,2018,8256.100574803908,0.8762172549679461,0.0004779577818231,14.0,29.0,7170.71,76.0,656.0,291.0,6.0,0.1596735843685767,Moderate,Critical,0.0,1.0,2018.0,0.0010666431557046,19.0,6.000000000000002,11.322971636966685,0,1
790,Arpookkara Gramapanchayath,gram_panchayat,Kottayam,5.829221273477538,2.8721201992059417,447.1,2018,4808.126736222528,0.7994651999693743,0.0445201889013482,14.0,29.0,7170.71,76.0,656.0,291.0,6.0,0.1596735843685767,Moderate,Critical,0.0,1.0,2018.0,0.3712228427009729,0.0,4.0,932.8877724686316,1,0
791,Neendoor Gramapanchayat,gram_panchayat,Kottayam,6.81085619804003,3.230751433327081,447.1,2018,7896.080697160804,0.7983736183139056,0.0168140684465042,14.0,29.0,7170.71,76.0,656.0,291.0,6.0,0.1596735843685767,Moderate,Critical,0.0,1.0,2018.0,0.4466297095618184,0.0,4.0,390.91767418234656,1,0
792,Athirampuzha Gramapanchayath,gram_panchayat,Kottayam,25.731767372769,5.581246925207991,447.1,2018,6012.190097464677,0.8703757401187149,0.1002680486226872,14.0,29.0,7170.71,76.0,656.0,291.0,6.0,0.1596735843685767,Moderate,Critical,0.0,1.0,2018.0,0.0068846624161855,0.0,5.999999999999995,7.25853183478018,0,0
793,Ettumanoor,municipality,Kottayam,27.666231499654867,5.625012447021896,446.9,2018,5064.687100912146,0.8722841221703971,0.0846249326306394,14.0,29.0,7170.71,76.0,656.0,291.0,6.0,0.1596735843685767,Moderate,Critical,0.0,1.0,2018.0,0.0772741408095402,0.0,6.039994272499173,143.58838117065656,1,0
794,Ayarkunnam Gramapanchayath,gram_panchayat,Kottayam,25.778502007914057,5.826152277208684,446.9,2018,4804.240859507156,0.9433521135561296,0.0230303942247468,14.0,29.0,7170.71,76.0,656.0,291.0,6.0,0.1596735843685767,Moderate,Critical,0.0,1.0,2018.0,0.0607587698510165,0.0,6.000000000000003,206.60644768111612,1,0
795,Akalakkunnam Gramapanchayath,gram_panchayat,Kottayam,80.59037767923957,7.649688023058547,378.8,2018,11915.904661826346,0.9860183767007752,0.0064928932376097,14.0,29.0,7170.71,76.0,656.0,291.0,6.0,0.1596735843685767,Moderate,Critical,0.0,1.0,2018.0,0.0008851133331259,0.0,5.999999999999998,20.831287484780606,0,0
796,Pallickathodu Gramapanchayath,gram_panchayat,Kottayam,103.11786843574254,7.41619644236146,321.5,2018,12444.512008428275,0.981791206863838,0.0096456729533987,14.0,29.0,7170.71,76.0,656.0,291.0,6.0,0.1596735843685767,Moderate,Critical,0.0,1.0,2018.0,0.0005151382836054,0.0,6.0,8.0397154720206,0,0
797,Kooroppada Gramapanchayath,gram_panchayat,Kottayam,74.26141133979543,7.297525246833114,321.5,2018,9953.101179337164,0.9816502703794052,0.0114238015176559,14.0,29.0,7170.71,76.0,656.0,291.0,6.0,0.1596735843685767,Moderate,Critical,0.0,1.0,2018.0,0.0004862280512526,0.0,6.0,9.438391569986956,0,0
798,Manarcadu Gramapanchayath,gram_panchayat,Kottayam,30.613426080821423,6.33860568315679,400.4,2018,4534.106305124193,0.910071248347407,0.0639369601024877,14.0,29.0,7170.71,76.0,656.0,291.0,6.0,0.1596735843685767,Moderate,Critical,0.0,1.0,2018.0,0.0568718689272788,0.0,6.0,10.139245654712164,1,0
799,Pampady Gramapanchayath,gram_panchayat,Kottayam,50.40478473724251,6.951345580627959,384.0,2018,9669.685183673624,0.9593283042032316,0.0305813780120261,14.0,29.0,7170.71,76.0,656.0,291.0,6.0,0.1596735843685767,Moderate,Critical,0.0,1.0,2018.0,0.0006631882368452,0.0,6.0,9.632835793622023,0,0
800,Meenadom Gramapanchayath,gram_panchayat,Kottayam,41.177541993072296,7.093286780269879,384.0,2018,9131.737814367172,0.9734147145177116,0.0196536395967749,14.0,29.0,7170.71,76.0,656.0,291.0,6.0,0.1596735843685767,Moderate,Critical,0.0,1.0,2018.0,0.0002477455158061,0.0,6.0,21.92594578996308,0,0
801,Puthuppally Gramapanchayath,gram_panchayat,Kottayam,29.67821878847287,6.200169210602148,384.0,2018,6510.291046721648,0.9016343757506464,0.0549783184085665,14.0,29.0,7170.71,76.0,656.0,291.0,6.0,0.1596735843685767,Moderate,Critical,0.0,1.0,2018.0,0.0344591406146463,0.0,6.0,43.69017915535383,0,0
802,Panachikadu Gramapanchayath,gram_panchayat,Kottayam,18.41114912116058,5.678825490999952,468.9,2018,4767.645868171757,0.7960441201087048,0.074362895036813,14.0,29.0,7170.71,76.0,656.0,291.0,6.0,0.1596735843685767,Moderate,Critical,0.0,1.0,2018.0,0.0936494148246837,0.0,5.999999999999999,63.41385230733148,1,0
803,Vijayapuram Gramapanchayath,gram_panchayat,Kottayam,19.52988108840475,6.303811601535783,400.4,2018,2665.5756006828856,0.7912403135352132,0.1284326937886645,14.0,29.0,7170.71,76.0,656.0,291.0,6.0,0.1596735843685767,Moderate,Critical,0.0,1.0,2018.0,0.0835817051272394,0.0,4.0,311.46062508201754,1,0
804,Aymanam Gramapanchayath,gram_panchayat,Kottayam,4.372882727447263,2.4825252335916512,350.2,2018,3751.919951858088,0.8012828895367176,0.0278212278313696,14.0,29.0,7170.71,76.0,656.0,291.0,6.0,0.1596735843685767,Moderate,Critical,0.0,1.0,2018.0,0.4227508036979888,0.0,4.0,132.30712482163227,1,0
805,Kumarakom Gramapanchayath,gram_panchayat,Kottayam,1.785211741088852,1.2676977954995734,350.2,2018,561.0427449972616,0.3903573398034777,0.0107154893637942,14.0,29.0,7170.71,76.0,656.0,291.0,6.0,0.1596735843685767,Moderate,Critical,0.0,1.0,2018.0,0.5031095966143669,0.0,4.0,12.481198137180334,1,0
806,Kottayam,municipality,Kottayam,11.477419656889948,3.9161972840440153,437.2000000000001,2018,2472.357928082326,0.680560314757244,0.1863439058827755,14.0,29.0,7170.71,76.0,656.0,291.0,6.0,0.1596735843685767,Moderate,Critical,0.0,1.0,2018.0,0.1635651607137436,0.0,4.0,418.5898794171873,1,0
807,Kurichy Gramapanchayath,gram_panchayat,Kottayam,14.63651171216788,3.8282278995284713,468.9,2018,4701.047957763971,0.8741149374236447,0.0756286255542995,14.0,29.0,7170.71,76.0,656.0,291.0,6.0,0.1596735843685767,Moderate,Critical,0.0,1.0,2018.0,0.1984645848043268,0.0,4.0,3.5730854147346505,1,0
808,Vazhapally gram panchayat,gram_panchayat,Kottayam,8.203670208924798,3.2073809591072457,453.5,2018,5662.111907587378,0.6746812143818164,0.0668040828271932,14.0,29.0,7170.71,76.0,656.0,291.0,6.0,0.1596735843685767,Moderate,Critical,0.0,1.0,2018.0,0.4241613418713966,0.0,4.0,42.56134963824344,1,0
809,Changanassery,municipality,Kottayam,10.445157913715892,3.254096064813352,453.5,2018,5585.996620312654,0.526633713657953,0.3268312380588608,14.0,29.0,7170.71,76.0,656.0,291.0,6.0,0.1596735843685767,Moderate,Critical,0.0,1.0,2018.0,0.0441017312625804,0.0,4.0,15.324595586825009,0,0
810,Paippadu Gramapanchayath,gram_panchayat,Kottayam,7.872234789313602,2.984288769996215,453.5,2018,4084.5854594549896,0.5505791763188165,0.0407729780876175,14.0,29.0,7170.71,76.0,656.0,291.0,6.0,0.1596735843685767,Moderate,Critical,0.0,1.0,2018.0,0.4069625092497004,0.0,4.0,18.229889085032852,1,0
811,Thrikkodithanam Gramapanchayath,gram_panchayat,Kottayam,24.87235159671068,4.565057585803736,453.5,2018,8010.453993665159,0.8455212548256028,0.109029011902924,14.0,29.0,7170.71,76.0,656.0,291.0,6.0,0.1596735843685767,Moderate,Critical,0.0,1.0,2018.0,0.0083280208077379,0.0,5.999999999999999,4.522247390266332,0,0
812,Madappally Gramapanchayath,gram_panchayat,Kottayam,33.092282891661235,6.162134882026513,408.1,2018,11022.00064884087,0.9448468189815784,0.0361065588090327,14.0,29.0,7170.71,76.0,656.0,291.0,6.0,0.1596735843685767,Moderate,Critical,0.0,1.0,2018.0,0.0002461276264816,0.0,6.0,11.962271078172964,0,0
813,Vakathanam Gramapanchayath,gram_panchayat,Kottayam,27.09190047216716,6.103074035221168,384.0,2018,9008.89797520891,0.9396106341375414,0.0324651932524489,14.0,29.0,7170.71,76.0,656.0,291.0,6.0,0.1596735843685767,Moderate,Critical,0.0,1.0,2018.0,0.0411396063800944,0.0,6.0,31.62141763447371,0,0
814,Karukachal Gramapanchayath,gram_panchayat,Kottayam,52.40212508454375,6.589175999245276,384.0,2018,12216.90845288265,0.9574946938921622,0.0250395021583063,14.0,29.0,7170.71,76.0,656.0,291.0,6.0,0.1596735843685767,Moderate,Critical,0.0,1.0,2018.0,0.0003018523971371,0.0,6.0,5.334502218618827,0,0
815,Nedumkunnam Grampanchayath,gram_panchayat,Kottayam,68.6038190825584,7.546783829807765,331.4,2018,9771.24428376456,0.9740125494602502,0.0148541428585432,14.0,29.0,7170.71,76.0,656.0,291.0,6.0,0.1596735843685767,Moderate,Critical,0.0,1.0,2018.0,0.0006302028395168,0.0,6.0,6.509277256537683,0,0
816,Kangazha Gramapanchayath,gram_panchayat,Kottayam,87.6963172592539,7.602371585527798,331.4,2018,6745.864986275629,0.978456843328064,0.0114774043839908,14.0,29.0,7170.71,76.0,656.0,291.0,6.0,0.1596735843685767,Moderate,Critical,0.0,1.0,2018.0,0.0010829349831316,0.0,6.0,5.9128207816489615,0,0
817,Vellavoor Gramapanchayat,gram_panchayat,Kottayam,64.57307953293333,8.015054269425008,357.2,2018,3346.4747799621928,0.9802379033321996,0.0039740545200113,14.0,29.0,7170.71,76.0,656.0,291.0,6.0,0.1596735843685767,Moderate,Critical,0.0,1.0,2018.0,0.0037976880089946,0.0,6.0,187.4800846192451,0,0
818,Manimala Gramapanchayath,gram_panchayat,Kottayam,90.56448369812723,9.767030316791926,432.8,2018,3994.351780684705,0.9796476472977358,0.006059428724822,14.0,29.0,7170.71,76.0,656.0,291.0,6.0,0.1596735843685767,Moderate,Critical,0.0,1.0,2018.0,0.0017182997021496,0.0,6.0,105.84907661467568,0,0
819,Erumely Gramapanchayath,gram_panchayat,Kottayam,159.12322387456513,12.753644072920569,470.1,2018,11808.781033888125,0.9822702712623594,0.0079446250834889,14.0,29.0,7170.71,76.0,656.0,291.0,6.0,0.1596735843685767,Moderate,Critical,0.0,1.0,2018.0,0.0015190077617125,0.0,6.0,81.42714685898189,0,0
820,Koruthode Gramapanchayath,gram_panchayat,Kottayam,243.80527183254537,16.75869875803414,635.0,2018,14528.478491404432,0.9949291145892172,0.0023881910253847,14.0,29.0,7170.71,76.0,656.0,291.0,6.0,0.1596735843685767,Moderate,Critical,0.0,1.0,2018.0,0.0006533693769616,1.0,5.999999999999999,22.806444309106286,0,1
821,Mundakayam Gramapanchayath,gram_panchayat,Kottayam,128.00665712124007,11.359797716672386,599.5,2018,12111.248868132569,0.9725676325107422,0.0156639245480613,14.0,29.0,7170.71,76.0,656.0,291.0,6.0,0.1596735843685767,Moderate,Critical,0.0,1.0,2018.0,0.0019459981751949,0.0,6.000000000000002,76.5712459010189,0,0
822,Kanjirappally Grampanchayath,gram_panchayat,Kottayam,82.04726285175683,7.655168748064625,405.0,2018,9537.638781178668,0.9619729827899656,0.0236843475960325,14.0,29.0,7170.71,76.0,656.0,291.0,6.0,0.1596735843685767,Moderate,Critical,0.0,1.0,2018.0,0.0016117720524511,0.0,6.0,91.02386270851962,0,0
823,Parathodu Gramapanchayath,gram_panchayat,Kottayam,159.81861895112257,12.418915131816904,699.9,2018,11657.724568597916,0.974227260604139,0.013030464600644,14.0,29.0,7170.71,76.0,656.0,291.0,6.0,0.1596735843685767,Moderate,Critical,0.0,1.0,2018.0,0.0007552330543446,0.0,6.000000000000003,6.220588066741363,0,0
824,Koottickal Gramapanchayath,gram_panchayat,Kottayam,449.558739176776,21.895285272501383,699.9,2018,6628.899527579282,0.9039428389912234,0.0045814009050373,14.0,29.0,7170.71,76.0,656.0,291.0,6.0,0.1596735843685767,Moderate,Critical,0.0,1.0,2018.0,0.0013958783646769,36.0,5.9999999999999964,14.849056128489444,0,1
825,Chirakkadavu Gramapanchayath,gram_panchayat,Kottayam,80.96037026746286,7.625007904181716,405.0,2018,5846.996749529646,0.9753924212498024,0.0180598024222602,14.0,29.0,7170.71,76.0,656.0,291.0,6.0,0.1596735843685767,Moderate,Critical,0.0,1.0,2018.0,0.0011508867910041,0.0,6.0,76.69241933190865,0,0
826,Elikkulam Gramapanchayath,gram_panchayat,Kottayam,93.29772827346264,7.696151193033818,420.6,2018,14230.035165443667,0.985008233650066,0.008660956321694,14.0,29.0,7170.71,76.0,656.0,291.0,6.0,0.1596735843685767,Moderate,Critical,0.0,1.0,2018.0,0.0004206457263522,0.0,6.0,7.17349122690493,0,0
827,Vazhoor Grampanchayat,gram_panchayat,Kottayam,86.49393963362057,8.022035907945504,331.4,2018,8286.404634747,0.9743082914690088,0.0157769426453997,14.0,29.0,7170.71,76.0,656.0,291.0,6.0,0.1596735843685767,Moderate,Critical,0.0,1.0,2018.0,0.0002976744427359,0.0,6.0,11.637671228079196,0,0
828,Thiruvarppu Gramapanchayat,gram_panchayat,Kottayam,3.0927628871053137,2.263895621840381,437.2000000000001,2018,2246.919937620252,0.7498581212201126,0.0181722849058866,14.0,29.0,7170.71,76.0,656.0,291.0,6.0,0.1596735843685767,Moderate,Critical,0.0,1.0,2018.0,0.5864701929013242,0.0,4.0,218.1546375748396,1,0
829,Alappad Grama Panchayat,gram_panchayat,Alappuzha,7.179126785447893,2.740508544489745,328.3,2018,106.85939098296426,0.5879573609910685,0.0559055463808201,43.0,0.0,12095.55,2075.0,18990.0,241.0,121.0,0.5653442000160468,Critical,Low,1.0,0.0,2018.0,0.0579686828443688,0.0,4.0,19.20801572923016,1,0
830,Kulasekharapuram Grama Panchayat,gram_panchayat,Kollam,12.217353734274363,2.4236103245847684,328.3,2018,2334.664877028365,0.9386780511779448,0.0538225163147228,5.0,2.0,869.73,95.0,1338.0,340.0,48.0,0.0980183986355041,Moderate,Moderate,0.0,0.0,2018.0,0.002766727620581,0.0,4.0,4.685103143428256,0,0
831,Oachira Gramapanchayath,gram_panchayat,Kollam,14.385336888978914,2.5125208543979687,328.3,2018,3806.274985408913,0.9382009322387648,0.0530522750553879,5.0,2.0,869.73,95.0,1338.0,340.0,48.0,0.0980183986355041,Moderate,Moderate,0.0,0.0,2018.0,0.0015488763556857,0.0,7.0,4.343239216996637,0,0
832,Clappana Gramapanchayat,gram_panchayat,Kollam,9.082014939451966,2.43107096560456,328.3,2018,1243.4094729656856,0.874852580689479,0.0454144372147005,5.0,2.0,869.73,95.0,1338.0,340.0,48.0,0.0980183986355041,Moderate,Moderate,0.0,0.0,2018.0,0.009660067362195,0.0,4.0,8.125461396493394,0,0
833,Karunagappally,municipality,Kollam,10.243061805887894,2.426257858248246,300.3,2018,1000.0875504434972,0.8424246100546815,0.0934868960536217,5.0,2.0,869.73,95.0,1338.0,340.0,48.0,0.0980183986355041,Moderate,Moderate,0.0,0.0,2018.0,0.0161865455978389,0.0,4.0,58.88856938917409,0,0
834,Thodiyoor Grama Panchayat,gram_panchayat,Kollam,12.83166754365224,2.627722794847793,300.3,2018,1222.3999532385326,0.8587544194042729,0.0591491236591916,5.0,2.0,869.73,95.0,1338.0,340.0,48.0,0.0980183986355041,Moderate,Moderate,0.0,0.0,2018.0,0.0443667254552544,0.0,4.0,106.45352759957954,0,0
835,Thazhava Grama Panchayat,gram_panchayat,Kollam,14.302985965489135,2.7436486583631394,280.7,2018,2256.799833930494,0.8844318686340186,0.0296505151705063,5.0,2.0,869.73,95.0,1338.0,340.0,48.0,0.0980183986355041,Moderate,Moderate,0.0,0.0,2018.0,0.0669562831401178,0.0,7.000000000000003,8.538469117249102,1,0
836,Panmana Gramapanchayath,gram_panchayat,Kollam,11.637495450813782,2.4461979569170724,300.3,2018,1041.341594623632,0.7908247396009165,0.0845408044188579,5.0,2.0,869.73,95.0,1338.0,340.0,48.0,0.0980183986355041,Moderate,Moderate,0.0,0.0,2018.0,0.0284784776434155,0.0,4.0,90.5624351121263,0,0
837,Thevalakkara Gramapanchayat,gram_panchayat,Kollam,17.036165346737658,2.942583306114025,262.1,2018,1221.665477881803,0.8277807043189636,0.036813319686025,5.0,2.0,869.73,95.0,1338.0,340.0,48.0,0.0980183986355041,Moderate,Moderate,0.0,0.0,2018.0,0.0134945108504816,0.0,4.0,19.270513971979938,0,0
838,Chavara Gramapanchayath,gram_panchayat,Kollam,12.083208942660558,2.5227049663317724,300.3,2018,926.7913765809616,0.8677311521948579,0.0759507317181905,5.0,2.0,869.73,95.0,1338.0,340.0,48.0,0.0980183986355041,Moderate,Moderate,0.0,0.0,2018.0,0.0029375694847053,0.0,4.0,2.7866727757372014,0,0
839,Thekkumbhagam Gramapanchayath,gram_panchayat,Kollam,6.844667928142597,1.5488068727365671,238.1,2018,94.13766015543314,0.3498663656078428,0.0110940256052792,5.0,2.0,869.73,95.0,1338.0,340.0,48.0,0.0980183986355041,Moderate,Moderate,0.0,0.0,2018.0,0.0151220360683782,0.0,4.0,804.3410879355545,0,0
840,Neendakara Gramapanchayat,gram_panchayat,Kollam,6.681834281474153,2.213192819642396,238.1,2018,239.78561861455387,0.5816570318629313,0.1504480355948634,5.0,2.0,869.73,95.0,1338.0,340.0,48.0,0.0980183986355041,Moderate,Moderate,0.0,0.0,2018.0,0.0128208751576015,0.0,4.0,870.7646611358072,0,0
841,Sooranad North Grama Panchayat,gram_panchayat,Kollam,19.805900791420743,3.656683773400232,280.7,2018,1588.7838397646244,0.9281783519320126,0.0146823672468093,5.0,2.0,869.73,95.0,1338.0,340.0,48.0,0.0980183986355041,Moderate,Moderate,0.0,0.0,2018.0,0.0325592271130877,0.0,5.999999999999996,80.17095323166343,0,0
842,Sooranad South Grama Panchayat,gram_panchayat,Kollam,18.613830704649548,3.1956790113182434,280.7,2018,1658.0666378155397,0.9242968833713596,0.0178169635208509,5.0,2.0,869.73,95.0,1338.0,340.0,48.0,0.0980183986355041,Moderate,Moderate,0.0,0.0,2018.0,0.0246039723411996,0.0,6.000000000000002,33.232523444931104,0,0
843,Sasthamcotta Gramapanchayath,gram_panchayat,Kollam,22.793638205423115,4.175486154590777,262.1,2018,742.5898681261604,0.8023690964885368,0.0357692660176029,5.0,2.0,869.73,95.0,1338.0,340.0,48.0,0.0980183986355041,Moderate,Moderate,0.0,0.0,2018.0,0.0651310393174295,0.0,5.999999999999992,405.47982688165456,1,0
844,Mynagappally Grama Panchayat,gram_panchayat,Kollam,16.602148351333536,3.2433343145452973,262.1,2018,1611.130692120142,0.897862794097648,0.030634032958327,5.0,2.0,869.73,95.0,1338.0,340.0,48.0,0.0980183986355041,Moderate,Moderate,0.0,0.0,2018.0,0.018061574090654,0.0,7.0,57.64522268003979,0,0
845,West Kallada Gramapanchayat,gram_panchayat,Kollam,7.859344942077495,3.501833646920008,262.1,2018,315.47681104323965,0.7087179685589982,0.0125627459322789,5.0,2.0,869.73,95.0,1338.0,340.0,48.0,0.0980183986355041,Moderate,Moderate,0.0,0.0,2018.0,0.1067628960040707,0.0,4.0,944.2758517515005,1,0
846,East Kallada Gramapanchayat,gram_panchayat,Kollam,13.346227509112586,3.83870998938894,277.9,2018,414.8012298611792,0.7866815952441756,0.026285510274903,5.0,2.0,869.73,95.0,1338.0,340.0,48.0,0.0980183986355041,Moderate,Moderate,0.0,0.0,2018.0,0.0685575671659295,0.0,4.0,35.69309863845916,1,0
847,Munroethuruth Grama Panchayat,gram_panchayat,Kollam,5.010074022080211,1.7853977168869763,238.1,2018,118.62354614069017,0.3938330466659859,0.0070338945716052,5.0,2.0,869.73,95.0,1338.0,340.0,48.0,0.0980183986355041,Moderate,Moderate,0.0,0.0,2018.0,0.0338241860918901,0.0,4.0,841.8827248554021,0,0
848,Perayam Gramapanchayath,gram_panchayat,Kollam,16.23109978109299,4.107562665428435,238.1,2018,168.86914257718925,0.4934504078517405,0.0179746682338622,5.0,2.0,869.73,95.0,1338.0,340.0,48.0,0.0980183986355041,Moderate,Moderate,0.0,0.0,2018.0,0.0172364715725529,0.0,5.999999999999999,8.305422580217295,0,0
849,Kundara Gramapanchayath,gram_panchayat,Kollam,37.24119616944799,5.476139384804575,282.3,2018,1647.576991146646,0.9188470368137364,0.045681439020838,5.0,2.0,869.73,95.0,1338.0,340.0,48.0,0.0980183986355041,Moderate,Moderate,0.0,0.0,2018.0,0.0064906403676463,0.0,5.999999999999997,6.316341722793335,0,0
850,Thrikkaruva Gramapanchayath,gram_panchayat,Kollam,7.862295254979281,1.8760818724651445,238.1,2018,124.64053531243287,0.35689150662489,0.0218232503234968,5.0,2.0,869.73,95.0,1338.0,340.0,48.0,0.0980183986355041,Moderate,Moderate,0.0,0.0,2018.0,0.0133002598871909,0.0,4.0,144.0233471640862,0,0
851,Panayam Gramapanchayath,gram_panchayat,Kollam,15.42166544642462,3.350791126544627,238.1,2018,429.0880885872272,0.7168827233844846,0.0461564854841828,5.0,2.0,869.73,95.0,1338.0,340.0,48.0,0.0980183986355041,Moderate,Moderate,0.0,0.0,2018.0,0.010048293960109,0.0,4.0,15.558492062754294,0,0
852,Perinad Gramapanchayath,gram_panchayat,Kollam,21.582184521035632,3.9307890460321295,238.1,2018,546.2057370854442,0.6443969699590965,0.0511713604290498,5.0,2.0,869.73,95.0,1338.0,340.0,48.0,0.0980183986355041,Moderate,Moderate,0.0,0.0,2018.0,0.0136429939359104,0.0,4.0,15.864948715843116,0,0
853,Elampalloor Grama Panchayat,gram_panchayat,Kollam,38.75203135872982,4.081328851153714,282.3,2018,1430.9895576745764,0.8642954715776614,0.1189278485892681,5.0,2.0,869.73,95.0,1338.0,340.0,48.0,0.0980183986355041,Moderate,Moderate,0.0,0.0,2018.0,0.0022953474859919,0.0,5.999999999999995,4.396778560675755,0,0
854,Kottamkara Grama Panchayat,gram_panchayat,Kollam,29.415825613275413,3.790728620525935,217.8,2018,2466.987065898524,0.8256722708745263,0.1606270009148972,5.0,2.0,869.73,95.0,1338.0,340.0,48.0,0.0980183986355041,Moderate,Moderate,0.0,0.0,2018.0,0.0068470766178192,0.0,4.0,7.177485963123033,0,0
855,Thrikkovilvattom Gramapanchayat,gram_panchayat,Kollam,24.972817475062527,3.5995794365201927,217.8,2018,2784.292390105369,0.8387459871407787,0.1254552752841759,5.0,2.0,869.73,95.0,1338.0,340.0,48.0,0.0980183986355041,Moderate,Moderate,0.0,0.0,2018.0,0.0158600418404628,0.0,4.0,12.358101106008087,0,0
856,Nedumbana Gramapanchayath,gram_panchayat,Kollam,28.83695549348994,5.090813234938892,279.8,2018,1347.8054471348162,0.8864116553615522,0.0398847907793227,5.0,2.0,869.73,95.0,1338.0,340.0,48.0,0.0980183986355041,Moderate,Moderate,0.0,0.0,2018.0,0.0176301934018512,0.0,6.000000000000002,62.06398212132213,0,0
857,Adichanalloor Gramapanchayat,gram_panchayat,Kollam,25.645078310798688,4.46254506119939,279.8,2018,1009.9886490398736,0.783594717659158,0.0717391065270937,5.0,2.0,869.73,95.0,1338.0,340.0,48.0,0.0980183986355041,Moderate,Moderate,0.0,0.0,2018.0,0.0340381711942021,0.0,6.267741836909791,267.6516629603348,0,0
858,Mayyanad Grama Panchayat,gram_panchayat,Kollam,21.21191359743358,2.8321998695327903,217.8,2018,1254.8379202189385,0.7613585532621896,0.1319631431372524,5.0,2.0,869.73,95.0,1338.0,340.0,48.0,0.0980183986355041,Moderate,Moderate,0.0,0.0,2018.0,0.0329438580149109,0.0,4.0,117.49243343095584,0,0
859,Paravoor,municipality,Kollam,19.3958648642584,3.1470219353227864,267.6,2018,422.327683907466,0.6646460365408484,0.0610428074876568,5.0,2.0,869.73,95.0,1338.0,340.0,48.0,0.0980183986355041,Moderate,Moderate,0.0,0.0,2018.0,0.0702127651715371,0.0,4.0,112.6967963900099,1,0
860,Poothakkulam Gramapanchayath,gram_panchayat,Kollam,38.87112937162049,3.352314307920238,267.6,2018,1405.5923368812778,0.839728948234624,0.0371721331991896,5.0,2.0,869.73,95.0,1338.0,340.0,48.0,0.0980183986355041,Moderate,Moderate,0.0,0.0,2018.0,0.0481468241704061,0.0,6.0,18.32557390616005,0,0
861,Chirakkara Gramapanchayath,gram_panchayat,Kollam,32.90027157433737,4.877706662456278,267.6,2018,3047.288089129519,0.8501319848551375,0.0235032171896397,5.0,2.0,869.73,95.0,1338.0,340.0,48.0,0.0980183986355041,Moderate,Moderate,0.0,0.0,2018.0,0.09499280672244,0.0,5.999999999999998,11.894695850997952,1,0
862,Chathanoor Grampanchayat,gram_panchayat,Kollam,27.933108646280157,4.3508287672759645,279.8,2018,2023.9511916971512,0.8806545252265748,0.057763710733451,5.0,2.0,869.73,95.0,1338.0,340.0,48.0,0.0980183986355041,Moderate,Moderate,0.0,0.0,2018.0,0.0162789428174648,0.0,6.000000000000002,282.01340162218787,0,0
863,Kalluvaathukkal Grama Panchayath,gram_panchayat,Kollam,49.62907350586665,6.042029811244273,267.6,2018,4065.936087797657,0.9514325121227766,0.0346911812623662,5.0,2.0,869.73,95.0,1338.0,340.0,48.0,0.0980183986355041,Moderate,Moderate,0.0,0.0,2018.0,0.0026158468495702,0.0,6.000000000000002,36.32507022920125,0,0
864,Kulakkada Gramapanchayath,gram_panchayat,Kollam,36.42976302319244,6.141417546341998,363.9,2018,2165.9291991709742,0.9253743845867344,0.0233433885631404,5.0,2.0,869.73,95.0,1338.0,340.0,48.0,0.0980183986355041,Moderate,Moderate,0.0,0.0,2018.0,0.0104115786805046,0.0,6.000000000000002,461.4789717003276,0,0
865,Mylom Gramapanchayath,gram_panchayat,Kollam,44.994699717470255,7.6044943150293935,363.9,2018,5229.448614523338,0.9481833842492722,0.0271965289631623,5.0,2.0,869.73,95.0,1338.0,340.0,48.0,0.0980183986355041,Moderate,Moderate,0.0,0.0,2018.0,0.0024192290194302,0.0,6.000000000000004,90.06934247618689,0,0
866,Neduvathoor Grama Panchayat,gram_panchayat,Kollam,57.15485524932602,6.888727227876118,363.9,2018,5329.644081331233,0.9571128910955846,0.0254174159598525,5.0,2.0,869.73,95.0,1338.0,340.0,48.0,0.0980183986355041,Moderate,Moderate,0.0,0.0,2018.0,0.0011978558380498,0.0,5.999999999999997,6.188896155802632,0,0
867,Pavithreswaram Gramapanchayath,gram_panchayat,Kollam,27.17791530816868,5.869311067894582,277.9,2018,1407.3700444472054,0.9052153996712492,0.0190433226732826,5.0,2.0,869.73,95.0,1338.0,340.0,48.0,0.0980183986355041,Moderate,Moderate,0.0,0.0,2018.0,0.0182252467372901,0.0,6.000000000000004,242.4411880479043,0,0
868,Ezhukone Gramapanchayath,gram_panchayat,Kollam,55.94956147514576,6.660123849019261,282.3,2018,4683.1657132751725,0.9455310211909672,0.0410552064280284,5.0,2.0,869.73,95.0,1338.0,340.0,48.0,0.0980183986355041,Moderate,Moderate,0.0,0.0,2018.0,0.0010541065360342,0.0,6.000000000000001,4.079881556918811,0,0
869,Kottarakara,municipality,Kollam,55.14999791338748,7.246075108433033,346.8,2018,8940.6859821955,0.8653355099611919,0.1137884638883918,5.0,2.0,869.73,95.0,1338.0,340.0,48.0,0.0980183986355041,Moderate,Moderate,0.0,0.0,2018.0,0.0012071658310528,0.0,5.999999999999998,7.258924624275405,0,0
870,Melila Gramapanchayath,gram_panchayat,Kollam,62.07477237621227,7.261835596871506,383.3,2018,10094.736735186876,0.9500767357672862,0.0342328663051479,5.0,2.0,869.73,95.0,1338.0,340.0,48.0,0.0980183986355041,Moderate,Moderate,0.0,0.0,2018.0,0.0011532427886993,0.0,6.0,13.059950134839466,0,0
871,Vettikavala Gramapanchayath,gram_panchayat,Kollam,68.7122588473645,8.406199875587705,319.3,2018,12994.238908585805,0.969613305474718,0.0177371610459896,5.0,2.0,869.73,95.0,1338.0,340.0,48.0,0.0980183986355041,Moderate,Moderate,0.0,0.0,2018.0,0.0009044424838686,0.0,6.000000000000004,6.944600489341763,0,0
872,Ummannoor Gramapanchayath,gram_panchayat,Kollam,75.72936232347374,8.216395027623992,319.3,2018,10149.193463639962,0.9651508865413324,0.0200900948586335,5.0,2.0,869.73,95.0,1338.0,340.0,48.0,0.0980183986355041,Moderate,Moderate,0.0,0.0,2018.0,0.0012066311775143,0.0,5.999999999999999,13.814353910772276,0,0
873,Kareepra Gramapanchayath,gram_panchayat,Kollam,41.62648185885135,5.275371219231786,282.3,2018,4093.6872855156057,0.9620575533731844,0.027544758433658,5.0,2.0,869.73,95.0,1338.0,340.0,48.0,0.0980183986355041,Moderate,Moderate,0.0,0.0,2018.0,0.0025634929597555,0.0,5.999999999999999,18.82842896637137,0,0
874,Veliyam Gramapanchayath,gram_panchayat,Kollam,52.27690176408036,7.87466870588204,346.8,2018,5695.740026450744,0.961338287174136,0.0186925587353025,5.0,2.0,869.73,95.0,1338.0,340.0,48.0,0.0980183986355041,Moderate,Moderate,0.0,0.0,2018.0,0.0036541231983408,0.0,6.000000000000003,39.1213094694949,0,0
875,Elamadu Grama Panchayat,gram_panchayat,Kollam,77.91015301097495,7.803752093016348,328.8,2018,6988.28633604627,0.9684088587454892,0.0149436451168411,5.0,2.0,869.73,95.0,1338.0,340.0,48.0,0.0980183986355041,Moderate,Moderate,0.0,0.0,2018.0,0.0021259259080687,0.0,5.9999999999999964,16.47763478850969,0,0
876,Pooyappally Grama Panchayath,gram_panchayat,Kollam,42.74355304812652,6.417622014514545,328.8,2018,3153.8858653642856,0.9525954654003992,0.0245168329864596,5.0,2.0,869.73,95.0,1338.0,340.0,48.0,0.0980183986355041,Moderate,Moderate,0.0,0.0,2018.0,0.0028639263417328,0.0,6.0,61.23934503549816,0,0
877,Velinalloor Grama Panchayat,gram_panchayat,Kollam,63.526561623184406,7.0610481034793615,328.8,2018,3071.4012953658766,0.962690381781148,0.020994330468674,5.0,2.0,869.73,95.0,1338.0,340.0,48.0,0.0980183986355041,Moderate,Moderate,0.0,0.0,2018.0,0.0023082548262905,0.0,6.000000000000001,104.67188595142169,0,0
878,Chadayamangalam Gramapanchayath,gram_panchayat,Kollam,63.0752358905637,7.999965759444009,267.9,2018,8482.132437387674,0.9579617970811886,0.0179951221025053,5.0,2.0,869.73,95.0,1338.0,340.0,48.0,0.0980183986355041,Moderate,Moderate,0.0,0.0,2018.0,0.0028796600296514,0.0,6.000000000000001,106.90614782263448,0,0
879,Nilamel Gramapanchayat,gram_panchayat,Kollam,86.23153006215732,9.829297051383596,268.6,2018,10726.013770107782,0.958226356030539,0.0240948739465905,5.0,2.0,869.73,95.0,1338.0,340.0,48.0,0.0980183986355041,Moderate,Moderate,0.0,0.0,2018.0,0.0019622398593808,0.0,5.999999999999997,7.218541256998757,0,0
880,Ittiva Gramapanchayath,gram_panchayat,Kollam,87.61963401935391,7.641741428622121,247.3,2018,14555.524118997737,0.970848753740442,0.0081945517435102,5.0,2.0,869.73,95.0,1338.0,340.0,48.0,0.0980183986355041,Moderate,Moderate,0.0,0.0,2018.0,0.0017032267360765,0.0,6.0,40.55472198141846,0,0
881,Kadakkal Gramapanchayath,gram_panchayat,Kollam,128.02642989958966,7.905708528765325,268.6,2018,14965.414952183266,0.957971445907909,0.0280575280794663,5.0,2.0,869.73,95.0,1338.0,340.0,48.0,0.0980183986355041,Moderate,Moderate,0.0,0.0,2018.0,0.0013639775440937,0.0,6.0,3.39390979947907,0,0
882,Kummil Gramapanchayath,gram_panchayat,Kollam,115.23273023827473,7.548243577123312,263.2,2018,14899.911657594535,0.9703582294101578,0.0130549652446114,5.0,2.0,869.73,95.0,1338.0,340.0,48.0,0.0980183986355041,Moderate,Moderate,0.0,0.0,2018.0,0.0016510173720119,0.0,6.0,13.09653874046542,0,0
883,Chithara Gramapanchayath,gram_panchayat,Kollam,154.38132800076326,8.693481665823397,464.4,2018,16229.279613488114,0.9541609564397971,0.0143492077559254,5.0,2.0,869.73,95.0,1338.0,340.0,48.0,0.0980183986355041,Moderate,Moderate,0.0,0.0,2018.0,0.002318421230569,0.0,6.000000000000004,6.644963112737251,0,0
884,Pattazhi Gramapanchayath,gram_panchayat,Kollam,51.09765013695577,7.8315763632542685,418.2,2018,3185.3293733498526,0.945844898621461,0.0151965662714081,5.0,2.0,869.73,95.0,1338.0,340.0,48.0,0.0980183986355041,Moderate,Moderate,0.0,0.0,2018.0,0.0045371695914034,0.0,5.999999999999997,538.8846985800526,0,0
885,Talavoor Gramapanchayat,gram_panchayat,Kollam,53.3097377169112,7.847222351611667,383.3,2018,7790.636497998216,0.9593493703667572,0.0177931329130647,5.0,2.0,869.73,95.0,1338.0,340.0,48.0,0.0980183986355041,Moderate,Moderate,0.0,0.0,2018.0,0.0020048276089016,0.0,6.000000000000004,222.47398847212628,0,0
886,Vilakkudy Grama Panchayat,gram_panchayat,Kollam,59.13663207160904,8.545036291981907,383.3,2018,12167.557734115746,0.930748772338789,0.0533281516140691,5.0,2.0,869.73,95.0,1338.0,340.0,48.0,0.0980183986355041,Moderate,Moderate,0.0,0.0,2018.0,0.0016564178381121,0.0,5.999999999999999,121.53224666590664,0,0
887,Pathanapuram Gramapanchayath,gram_panchayat,Kollam,90.7838943295109,9.096946819906304,381.7,2018,11825.004679727528,0.9040560760654496,0.0350055020234645,5.0,2.0,869.73,95.0,1338.0,340.0,48.0,0.0980183986355041,Moderate,Moderate,0.0,0.0,2018.0,0.0015940067951691,0.0,6.000000000000008,143.7201584963219,0,0
888,Piravanthur Gramapanchayat,gram_panchayat,Kollam,128.36745156675138,12.575650721396846,380.8,2018,15419.702810761526,0.9844330665134388,0.0031348696351871,5.0,2.0,869.73,95.0,1338.0,340.0,48.0,0.0980183986355041,Moderate,Moderate,0.0,0.0,2018.0,0.0024942780132448,0.0,6.0,120.49659559987631,0,0
889,Punalur,municipality,Kollam,62.05293460859859,9.478591613805072,344.4,2018,12025.499068974035,0.9085455550576416,0.0673076125910524,5.0,2.0,869.73,95.0,1338.0,340.0,48.0,0.0980183986355041,Moderate,Moderate,0.0,0.0,2018.0,0.0034617207157836,0.0,6.000000000000004,395.3826534385571,0,0
890,Karavaloor Gramapanchayath,gram_panchayat,Kollam,68.92304015568271,10.157087229145963,293.6,2018,14074.900027906937,0.966919365003098,0.021415985668964,5.0,2.0,869.73,95.0,1338.0,340.0,48.0,0.0980183986355041,Moderate,Moderate,0.0,0.0,2018.0,0.0017609583537985,0.0,6.0,19.223666090046912,0,0
891,Edamulakkal Gramapanchayath,gram_panchayat,Kollam,83.67287196878554,8.33548901624913,319.3,2018,12953.795760509984,0.963351535138526,0.0222529865330667,5.0,2.0,869.73,95.0,1338.0,340.0,48.0,0.0980183986355041,Moderate,Moderate,0.0,0.0,2018.0,0.0011088594384399,0.0,5.999999999999997,43.39901918366103,0,0
892,Anchal Gramapanchayath,gram_panchayat,Kollam,87.10946682464943,7.877134525313001,293.6,2018,14532.709060583706,0.9437169236550628,0.0400324640350695,5.0,2.0,869.73,95.0,1338.0,340.0,48.0,0.0980183986355041,Moderate,Moderate,0.0,0.0,2018.0,0.001005246342399,0.0,6.0,11.146719597259962,0,0
893,Yeroor Gramapanchayath,gram_panchayat,Kollam,114.79535771418033,9.852650480070318,293.6,2018,9272.526309166844,0.9734250052794088,0.0152764349470537,5.0,2.0,869.73,95.0,1338.0,340.0,48.0,0.0980183986355041,Moderate,Moderate,0.0,0.0,2018.0,0.0013059308494586,0.0,6.000000000000002,35.39969233625143,0,0
894,Alayaman Gramapanchayath,gram_panchayat,Kollam,140.0031198822078,9.651859784054516,247.3,2018,12069.107634012304,0.9630515461681745,0.0119889107367613,5.0,2.0,869.73,95.0,1338.0,340.0,48.0,0.0980183986355041,Moderate,Moderate,0.0,0.0,2018.0,0.0014961294441374,0.0,6.0,20.02157483172941,0,0
895,Kulathupuzha Gramapanchayath,gram_panchayat,Kollam,434.7922302554843,15.220398480188829,522.9,2018,4571.071853855435,0.9431503781924124,0.0018196007882607,5.0,2.0,869.73,95.0,1338.0,340.0,48.0,0.0980183986355041,Moderate,Moderate,0.0,0.0,2018.0,0.0275352612559468,7.0,4.0,48.35283570548808,0,1
896,Thenmala Gramapanchayath,gram_panchayat,Kollam,226.0372023153719,16.10970999999301,419.6,2018,8077.351805362576,0.980321417105248,0.0024261681384098,5.0,2.0,869.73,95.0,1338.0,340.0,48.0,0.0980183986355041,Moderate,Moderate,0.0,0.0,2018.0,0.0035048043715619,0.0,5.999999999999998,83.14323341428596,0,0
897,Aryankavu Gramapanchayat,gram_panchayat,Kollam,422.7793450482043,20.7176861758974,365.7,2018,5878.197186981379,0.947537460386965,0.0009987738795907,5.0,2.0,869.73,95.0,1338.0,340.0,48.0,0.0980183986355041,Moderate,Moderate,0.0,0.0,2018.0,0.0069274954308612,3.0,5.999999999999999,14.07541848835344,0,1
898,Poruvazhi Gramapanchayath,gram_panchayat,Kollam,32.742781678413,4.203905190861507,274.8,2018,2310.2312888845763,0.960263376143756,0.0166190845564792,5.0,2.0,869.73,95.0,1338.0,340.0,48.0,0.0980183986355041,Moderate,Moderate,0.0,0.0,2018.0,0.012310611424202,0.0,6.000000000000003,13.68208275357451,0,0
899,Pattazhi Vadakkekara Gramapanchayath,gram_panchayat,Kollam,41.90731157290385,7.80938779956322,418.2,2018,3513.016961710687,0.9532045574677056,0.0151252083778587,5.0,2.0,869.73,95.0,1338.0,340.0,48.0,0.0980183986355041,Moderate,Moderate,0.0,0.0,2018.0,0.0031692342414648,0.0,5.999999999999997,564.1338078676259,0,0
900,Kunnathoor Gramapanchayat,gram_panchayat,Kollam,25.48185369634062,4.955349595116692,277.9,2018,1371.1273438170963,0.9181172203039448,0.0113190232349887,5.0,2.0,869.73,95.0,1338.0,340.0,48.0,0.0980183986355041,Moderate,Moderate,0.0,0.0,2018.0,0.0138194899015111,0.0,5.999999999999999,631.6167283747462,0,0
901,Pallikkal Grampanchayat,gram_panchayat,Thiruvananthapuram,49.55499275430717,7.065877392537793,310.7,2018,3504.64238023266,0.9638070975300878,0.0186416520170997,11.0,0.0,1356.96,111.0,2940.0,475.0,5.0,0.0782789327470029,Low,Low,0.0,0.0,2018.0,0.0045497622745876,0.0,6.000000000000003,91.97735736540982,0,0
902,Madavoor Grampanchayat,gram_panchayat,Thiruvananthapuram,64.24863412504101,7.922994799473213,310.7,2018,7059.426166949116,0.9655785083592268,0.0141094539927891,11.0,0.0,1356.96,111.0,2940.0,475.0,5.0,0.0782789327470029,Low,Low,0.0,0.0,2018.0,0.0029432850895057,0.0,6.000000000000001,5.849729690275984,0,0
903,Navaikulam Gramapanchayath,gram_panchayat,Thiruvananthapuram,59.23848600704844,5.900504648950222,310.7,2018,6739.339879743854,0.956627670217973,0.0280005093038968,11.0,0.0,1356.96,111.0,2940.0,475.0,5.0,0.0782789327470029,Low,Low,0.0,0.0,2018.0,0.0026467811237669,0.0,5.999999999999995,8.600867281363517,0,0
904,Karavaram Gramapanchayath,gram_panchayat,Thiruvananthapuram,49.40053872741497,6.540963201731339,275.2,2018,4244.775406770597,0.942894924771578,0.0388098666104122,11.0,0.0,1356.96,111.0,2940.0,475.0,5.0,0.0782789327470029,Low,Low,0.0,0.0,2018.0,0.0029758336048491,0.0,6.000000000000004,106.4820576419408,0,0
905,Chemmaruthy Gramapanchayath,gram_panchayat,Thiruvananthapuram,42.20353859701558,4.799170040206413,256.8,2018,3385.677638178629,0.9554249977210892,0.0329676400028501,11.0,0.0,1356.96,111.0,2940.0,475.0,5.0,0.0782789327470029,Low,Low,0.0,0.0,2018.0,0.0011726095210294,0.0,4.0,21.830957985128887,0,0
906,Elakamon Gramapanchayath,gram_panchayat,Thiruvananthapuram,33.703941702249146,4.327348211598018,256.8,2018,1738.7216622785486,0.8753179626958892,0.0262462778717414,11.0,0.0,1356.96,111.0,2940.0,475.0,5.0,0.0782789327470029,Low,Low,0.0,0.0,2018.0,0.0322039596361415,0.0,5.999999999999998,49.21029637179918,0,0
907,Edava Gramapanchayath,gram_panchayat,Thiruvananthapuram,26.81320241788968,3.595253121837222,256.8,2018,594.7487063285063,0.8174601038099413,0.0855689304426015,11.0,0.0,1356.96,111.0,2940.0,475.0,5.0,0.0782789327470029,Low,Low,0.0,0.0,2018.0,0.0134261002833985,0.0,4.0,23.92567835776464,0,0
908,Varkala,municipality,Thiruvananthapuram,39.14153873828077,4.878510146077633,256.8,2018,1275.2679637212802,0.8678322054315692,0.1086363877098378,11.0,0.0,1356.96,111.0,2940.0,475.0,5.0,0.0782789327470029,Low,Low,0.0,0.0,2018.0,0.0021167732842792,0.0,6.000000000000004,4.321486383448923,0,0
909,Vettoor Gramapanchayath,gram_panchayat,Thiruvananthapuram,41.76562735074813,5.723968745542703,256.8,2018,961.1291999602704,0.912417287027398,0.058952758847692,11.0,0.0,1356.96,111.0,2940.0,475.0,5.0,0.0782789327470029,Low,Low,0.0,0.0,2018.0,0.0030395782850826,0.0,5.999999999999997,2.303312458800265,0,0
910,Cherunniyoor Grampanchayat,gram_panchayat,Thiruvananthapuram,39.70650597840437,5.396670736188265,256.8,2018,1611.3133426606005,0.9078919245136,0.053921180218888,11.0,0.0,1356.96,111.0,2940.0,475.0,5.0,0.0782789327470029,Low,Low,0.0,0.0,2018.0,0.0065236697555019,0.0,4.0,7.097539867423952,0,0
911,Ottoor Grampachayat,gram_panchayat,Thiruvananthapuram,40.52266671743145,5.159818908653572,275.2,2018,2809.439460927578,0.9414633083425296,0.0409548521712978,11.0,0.0,1356.96,111.0,2940.0,475.0,5.0,0.0782789327470029,Low,Low,0.0,0.0,2018.0,0.0032747739085761,0.0,6.0,4.346081312364774,0,0
912,Manampoor Gramapanchayat,gram_panchayat,Thiruvananthapuram,28.273131082720585,5.039698936261834,275.2,2018,1813.1510177047696,0.8094171829694863,0.0298835146176425,11.0,0.0,1356.96,111.0,2940.0,475.0,5.0,0.0782789327470029,Low,Low,0.0,0.0,2018.0,0.0425327468460502,0.0,6.000000000000006,26.02902563458832,0,0
913,Kilimanoor Grama Panchayath,gram_panchayat,Thiruvananthapuram,67.02868897242745,7.363065808606359,268.6,2018,9318.042239202534,0.9613695145074836,0.0238777557114596,11.0,0.0,1356.96,111.0,2940.0,475.0,5.0,0.0782789327470029,Low,Low,0.0,0.0,2018.0,0.0018409152034163,0.0,6.000000000000005,9.234355278979756,0,0
914,Pazhayakunnummel Gramapanchayath,gram_panchayat,Thiruvananthapuram,68.90427919427937,10.093400722596886,220.2,2018,11216.754058092454,0.9675258711545464,0.0223709191620567,11.0,0.0,1356.96,111.0,2940.0,475.0,5.0,0.0782789327470029,Low,Low,0.0,0.0,2018.0,0.0022930510545424,0.0,6.000000000000002,31.02274145416853,0,0
915,Pulimath Gramapanchayath,gram_panchayat,Thiruvananthapuram,61.45810681774033,7.540783358366394,220.2,2018,8477.392796181055,0.972171156776676,0.0154041517700866,11.0,0.0,1356.96,111.0,2940.0,475.0,5.0,0.0782789327470029,Low,Low,0.0,0.0,2018.0,0.0030947799492618,0.0,6.000000000000003,112.7947988384129,0,0
916,Nagaroor Grampanchayat,gram_panchayat,Thiruvananthapuram,50.58498594823133,7.453919241229022,275.2,2018,5803.047571494797,0.9628484696531991,0.0230500235196358,11.0,0.0,1356.96,111.0,2940.0,475.0,5.0,0.0782789327470029,Low,Low,0.0,0.0,2018.0,0.0031681034577339,0.0,6.000000000000002,32.948784996524054,0,0
917,Mudakkal Gramapanchayath,gram_panchayat,Thiruvananthapuram,45.07198715729327,7.085631101694122,208.1,2018,4299.20428273074,0.9566610028442816,0.0239000728301131,11.0,0.0,1356.96,111.0,2940.0,475.0,5.0,0.0782789327470029,Low,Low,0.0,0.0,2018.0,0.0047654783392579,0.0,5.999999999999996,156.90696949454457,0,0
918,Attingal,municipality,Thiruvananthapuram,29.41798766465392,5.11028745909523,262.2,2018,1590.7343918089755,0.8286802874315458,0.1500450621200623,11.0,0.0,1356.96,111.0,2940.0,475.0,5.0,0.0782789327470029,Low,Low,0.0,0.0,2018.0,0.0028715129114756,0.0,5.999999999999995,347.9979293696329,0,0
919,Kizhuvilam Gramapanchayat,gram_panchayat,Thiruvananthapuram,25.83999473858085,5.265932088566552,262.2,2018,2391.1659193748133,0.9298931416933532,0.0436674370830112,11.0,0.0,1356.96,111.0,2940.0,475.0,5.0,0.0782789327470029,Low,Low,0.0,0.0,2018.0,0.00757019481107,0.0,6.0,299.6186569389953,0,0
920,Vakkom Gramapanchayath,gram_panchayat,Thiruvananthapuram,18.511104864352667,2.855269212805754,256.8,2018,444.3889656823054,0.8497554927935992,0.0526895236668963,11.0,0.0,1356.96,111.0,2940.0,475.0,5.0,0.0782789327470029,Low,Low,0.0,0.0,2018.0,0.0207258972607682,0.0,5.999999999999999,32.159992143175515,0,0
921,Chirayinkeezhu Gramapanchayath,gram_panchayat,Thiruvananthapuram,14.774151189752937,3.20433849895244,262.2,2018,600.3763085820987,0.7927118253398447,0.0812687182221596,11.0,0.0,1356.96,111.0,2940.0,475.0,5.0,0.0782789327470029,Low,Low,0.0,0.0,2018.0,0.0239411104160569,0.0,4.0,170.07230042195891,0,0
922,Azhoor Grampanchayat,gram_panchayat,Thiruvananthapuram,27.152217601371174,4.700475313825304,237.5,2018,1269.2737306027338,0.910537303952116,0.017796008365931,11.0,0.0,1356.96,111.0,2940.0,475.0,5.0,0.0782789327470029,Low,Low,0.0,0.0,2018.0,0.0042437169037003,0.0,4.0,7.691364273477647,0,0
923,Kadakkavoor Gramapanchayath,gram_panchayat,Thiruvananthapuram,25.7228922617188,4.960166269886079,262.2,2018,996.0695486952771,0.8907351829986893,0.0673153090570757,11.0,0.0,1356.96,111.0,2940.0,475.0,5.0,0.0782789327470029,Low,Low,0.0,0.0,2018.0,0.0122011805065687,0.0,5.999999999999998,117.94144252918775,0,0
924,Anjuthengu Grampanchayat,gram_panchayat,Thiruvananthapuram,14.753050588272018,3.8818466410210193,256.8,2018,165.94780364265938,0.6222501860658358,0.1080749284879498,11.0,0.0,1356.96,111.0,2940.0,475.0,5.0,0.0782789327470029,Low,Low,0.0,0.0,2018.0,0.0433278405841631,0.0,4.0,20.51575925674495,0,0
925,Mangalapuram Gramapanchayath,gram_panchayat,Thiruvananthapuram,38.37104209546204,4.787257343610926,237.5,2018,2915.1983550917453,0.9146689583816447,0.0402850301530346,11.0,0.0,1356.96,111.0,2940.0,475.0,5.0,0.0782789327470029,Low,Low,0.0,0.0,2018.0,0.0050149590975035,0.0,6.999999999999999,15.778155837851443,0,0
926,Pothencode Gramapanchayath,gram_panchayat,Thiruvananthapuram,57.225269616328106,6.0503193212448485,203.3,2018,6133.472888790827,0.9471419283872604,0.0381165014222659,11.0,0.0,1356.96,111.0,2940.0,475.0,5.0,0.0782789327470029,Low,Low,0.0,0.0,2018.0,0.0014445471907691,0.0,6.000000000000002,9.570484934811622,0,0
927,Andoorkonam Grampanchayat,gram_panchayat,Thiruvananthapuram,27.966698531491808,4.1102506601088304,237.5,2018,2717.983225832839,0.8891163588676955,0.0788546161079284,11.0,0.0,1356.96,111.0,2940.0,475.0,5.0,0.0782789327470029,Low,Low,0.0,0.0,2018.0,0.0027890389062868,0.0,4.0,10.931914092018284,0,0
928,Kadinamkulam Gramapanchayath,gram_panchayat,Thiruvananthapuram,9.567064585579,3.273970689161208,237.5,2018,665.3226821223157,0.6497236797014165,0.133558957796672,11.0,0.0,1356.96,111.0,2940.0,475.0,5.0,0.0782789327470029,Low,Low,0.0,0.0,2018.0,0.0149344451055341,0.0,6.0,11.043523935641526,0,0
929,Pangode Gramapanchayath,gram_panchayat,Thiruvananthapuram,109.99608173089648,8.20968482191258,263.8,2018,17816.361965032953,0.9840356695639136,0.0090416515456328,11.0,0.0,1356.96,111.0,2940.0,475.0,5.0,0.0782789327470029,Low,Low,0.0,0.0,2018.0,0.002067732411989,0.0,6.0,30.01832909427623,0,0
930,Peringamala Gramapanchayath,gram_panchayat,Thiruvananthapuram,386.6450717415685,15.820407055038263,473.9,2018,12279.795577004916,0.9690677058119462,0.0011337800153841,11.0,0.0,1356.96,111.0,2940.0,475.0,5.0,0.0782789327470029,Low,Low,0.0,0.0,2018.0,0.0037283873612018,3.0,5.9999999999999964,19.774389385444373,0,1
931,Vithura Gramapanchayath,gram_panchayat,Thiruvananthapuram,345.6194864362891,13.919594496867656,423.2,2018,4169.103263695716,0.944932474773508,0.0045577808896234,11.0,0.0,1356.96,111.0,2940.0,475.0,5.0,0.0782789327470029,Low,Low,0.0,0.0,2018.0,0.0177759446750183,0.0,4.0,27.780262640244885,0,0
932,Aryanad Gramapanchayath,gram_panchayat,Thiruvananthapuram,106.0758439922751,8.420335462564548,352.6,2018,4310.972800415451,0.975825235972986,0.00995812928398,11.0,0.0,1356.96,111.0,2940.0,475.0,5.0,0.0782789327470029,Low,Low,0.0,0.0,2018.0,0.0044025378690626,0.0,4.0,58.9616137727292,0,0
933,Vellanad Gramapanchayat,gram_panchayat,Thiruvananthapuram,81.21539209138244,7.555940457530759,225.6,2018,3348.330010944396,0.96086787433499,0.01938125325147,11.0,0.0,1356.96,111.0,2940.0,475.0,5.0,0.0782789327470029,Low,Low,0.0,0.0,2018.0,0.0047418479827361,0.0,6.0,105.72330806068518,0,0
934,Uzhamalakkal Gramapanchayath,gram_panchayat,Thiruvananthapuram,100.57367097892622,9.002924393337674,352.6,2018,4967.727979100351,0.96755286822065,0.0178863564481571,11.0,0.0,1356.96,111.0,2940.0,475.0,5.0,0.0782789327470029,Low,Low,0.0,0.0,2018.0,0.0030760223112549,0.0,6.0,44.471840745235,0,0
935,Tholicode Gramapanchayath,gram_panchayat,Thiruvananthapuram,143.50307136822093,9.436318284606465,423.2,2018,7930.859657352467,0.9794808769623176,0.0126812615321617,11.0,0.0,1356.96,111.0,2940.0,475.0,5.0,0.0782789327470029,Low,Low,0.0,0.0,2018.0,0.0023671980796126,0.0,6.0,3.78613276739178,0,0
936,Nanniyode Gramapanchayath,gram_panchayat,Thiruvananthapuram,109.46112526488012,8.921374629403633,423.2,2018,13280.687919142982,0.9864003469717932,0.0071474878600481,11.0,0.0,1356.96,111.0,2940.0,475.0,5.0,0.0782789327470029,Low,Low,0.0,0.0,2018.0,0.0031252062122659,0.0,6.0,72.96878267059901,0,0
937,Kallara Grampanchayat,gram_panchayat,Thiruvananthapuram,101.07869909674376,9.517795960614754,263.8,2018,14402.89100750886,0.9786892796389728,0.0142179013201335,11.0,0.0,1356.96,111.0,2940.0,475.0,5.0,0.0782789327470029,Low,Low,0.0,0.0,2018.0,0.0017079315228045,0.0,6.0,15.541490786877445,0,0
938,Vamanapuram Gramapanchayath,gram_panchayat,Thiruvananthapuram,79.69102815083804,9.71246203741338,220.2,2018,10682.000814704852,0.9809766053257633,0.0096462135790935,11.0,0.0,1356.96,111.0,2940.0,475.0,5.0,0.0782789327470029,Low,Low,0.0,0.0,2018.0,0.0035656887020191,0.0,5.999999999999998,204.8685828400256,0,0
939,Nellanad Gramapanchayath,gram_panchayat,Thiruvananthapuram,64.67358399772304,7.777215308356328,208.1,2018,8293.698146843633,0.9332759797339896,0.0479358229637982,11.0,0.0,1356.96,111.0,2940.0,475.0,5.0,0.0782789327470029,Low,Low,0.0,0.0,2018.0,0.002026873533994,0.0,6.000000000000004,15.559368675801162,0,0
940,Pullampara Gramapanchayath,gram_panchayat,Thiruvananthapuram,76.41386394986868,10.218310238629806,226.8,2018,12746.023454233931,0.980628810274156,0.0078646915556832,11.0,0.0,1356.96,111.0,2940.0,475.0,5.0,0.0782789327470029,Low,Low,0.0,0.0,2018.0,0.0038469938309776,0.0,5.999999999999997,166.56764671952044,0,0
941,Manickal Gramapanchayath,gram_panchayat,Thiruvananthapuram,73.97926908323355,7.829403765124196,208.1,2018,10095.193299000382,0.9578429916089224,0.0231833180227192,11.0,0.0,1356.96,111.0,2940.0,475.0,5.0,0.0782789327470029,Low,Low,0.0,0.0,2018.0,0.0013853934169817,0.0,6.068778592522369,22.76515847890762,0,0
942,Vembayam Gramapanchayat,gram_panchayat,Thiruvananthapuram,102.10141768698271,9.698174477301992,203.3,2018,9794.78923226547,0.9528383582426204,0.0278874119608736,11.0,0.0,1356.96,111.0,2940.0,475.0,5.0,0.0782789327470029,Low,Low,0.0,0.0,2018.0,0.0019959898439674,0.0,6.0,6.219550251377024,0,0
943,Panavoor Gramapanchayat,gram_panchayat,Thiruvananthapuram,93.76805945453468,9.874520607542278,226.8,2018,11539.60890816374,0.98095919037723,0.0080658768555495,11.0,0.0,1356.96,111.0,2940.0,475.0,5.0,0.0782789327470029,Low,Low,0.0,0.0,2018.0,0.0030068078549951,0.0,6.0,10.21342541116434,0,0
944,Anad Gramapanchayath,gram_panchayat,Thiruvananthapuram,105.3743468961008,8.998186953457369,201.8,2018,7898.387252300575,0.9699442236375624,0.0180566586580938,11.0,0.0,1356.96,111.0,2940.0,475.0,5.0,0.0782789327470029,Low,Low,0.0,0.0,2018.0,0.0036309088341752,0.0,6.0,6.064254670404384,0,0
945,Nedumangad,municipality,Thiruvananthapuram,89.95077933909114,8.847267666612067,201.8,2018,5469.697597908991,0.9238496665676827,0.0611382454056231,11.0,0.0,1356.96,111.0,2940.0,475.0,5.0,0.0782789327470029,Low,Low,0.0,0.0,2018.0,0.001818066060262,0.0,6.0,14.698932837141678,0,0
946,Karakulam Gramapanchayath,gram_panchayat,Thiruvananthapuram,77.89164317541392,8.511218439616528,201.8,2018,5984.221047247839,0.9121640489260114,0.0761628993125673,11.0,0.0,1356.96,111.0,2940.0,475.0,5.0,0.0782789327470029,Low,Low,0.0,0.0,2018.0,0.0019945777654862,0.0,6.0,21.3090323042942,0,0
947,Aruvikkara Gramapanchayath,gram_panchayat,Thiruvananthapuram,73.32098135842838,9.33622421396892,176.2,2018,2062.2614573298333,0.9371532056682104,0.0381478419864628,11.0,0.0,1356.96,111.0,2940.0,475.0,5.0,0.0782789327470029,Low,Low,0.0,0.0,2018.0,0.0060469747600882,0.0,6.0,128.28919051420635,0,0
948,Kuttichal Grampanchayat,gram_panchayat,Thiruvananthapuram,450.2993701605165,16.37278959846392,494.5,2018,3743.733915849767,0.9529077174492092,0.0019492322390715,11.0,0.0,1356.96,111.0,2940.0,475.0,5.0,0.0782789327470029,Low,Low,0.0,0.0,2018.0,0.0034739169120412,0.0,4.0,7.920931753983519,0,0
949,Kallikkadu Gramapanchayath,gram_panchayat,Thiruvananthapuram,311.8150013321606,15.044201108608236,373.3,2018,2276.0252579442767,0.890843373301541,0.0024541822524188,11.0,0.0,1356.96,111.0,2940.0,475.0,5.0,0.0782789327470029,Low,Low,0.0,0.0,2018.0,0.0332640395995649,0.0,4.0,43.07494365000182,0,0
950,Amboori Gramapanchayath,gram_panchayat,Thiruvananthapuram,178.01998212465497,15.045135953622689,373.3,2018,1485.4040244227997,0.9200628901161912,0.0032221572072522,11.0,0.0,1356.96,111.0,2940.0,475.0,5.0,0.0782789327470029,Low,Low,0.0,0.0,2018.0,0.0246888325042791,0.0,4.0,10.353648417016858,0,0
951,Ottasekaramangalam Gramapanchayath,gram_panchayat,Thiruvananthapuram,80.25926352676983,8.212802875947355,277.3,2018,3916.263769548371,0.986678314085528,0.0067044977208722,11.0,0.0,1356.96,111.0,2940.0,475.0,5.0,0.0782789327470029,Low,Low,0.0,0.0,2018.0,0.0016629622893665,0.0,6.000000000000007,74.81626651419376,0,0
952,Vellarada Gramapanchayath,gram_panchayat,Thiruvananthapuram,121.5552658017363,9.122988194798534,277.3,2018,4491.957478459251,0.9742294548889936,0.0118255864450859,11.0,0.0,1356.96,111.0,2940.0,475.0,5.0,0.0782789327470029,Low,Low,0.0,0.0,2018.0,0.0018172912124102,0.0,6.0,7.298647528896256,0,0
953,Aryancode Gramapanchayath,gram_panchayat,Thiruvananthapuram,79.9825871599831,8.557190878176838,277.3,2018,7156.398322504542,0.9865029667320504,0.0063546649734699,11.0,0.0,1356.96,111.0,2940.0,475.0,5.0,0.0782789327470029,Low,Low,0.0,0.0,2018.0,0.0023362339636317,0.0,6.0,67.17176856255695,0,0
954,Kattakada Gramapanchayath,gram_panchayat,Thiruvananthapuram,76.21842633488305,6.575112323457371,177.7,2018,7049.245440416941,0.9559094329372704,0.0362088162092,11.0,0.0,1356.96,111.0,2940.0,475.0,5.0,0.0782789327470029,Low,Low,0.0,0.0,2018.0,0.0028059217811485,0.0,6.0,73.56160904736991,0,0
955,Poovachal Gramapanchayath,gram_panchayat,Thiruvananthapuram,94.3922002494352,7.672785586431997,225.6,2018,5262.755273092625,0.9778503139839816,0.0160455240363575,11.0,0.0,1356.96,111.0,2940.0,475.0,5.0,0.0782789327470029,Low,Low,0.0,0.0,2018.0,0.00162134236974,0.0,5.999999999999996,13.64132212485384,0,0
956,Vilappil Gramapanchayat,gram_panchayat,Thiruvananthapuram,65.62825454524206,8.298856262659923,176.2,2018,5164.733346690373,0.9486120589236616,0.0416499495432941,11.0,0.0,1356.96,111.0,2940.0,475.0,5.0,0.0782789327470029,Low,Low,0.0,0.0,2018.0,0.0020080669131528,0.0,5.999999999999998,83.43534393592749,0,0
957,Vilavoorkkal Gramapanchayat,gram_panchayat,Thiruvananthapuram,35.148499501139035,5.857301084371245,168.3,2018,2652.9331739723266,0.874746912277767,0.1174321356020133,11.0,0.0,1356.96,111.0,2940.0,475.0,5.0,0.0782789327470029,Low,Low,0.0,0.0,2018.0,0.0038335101192244,0.0,6.000000000000001,167.80185016023927,0,0
958,Maranalloor Gramapanchayat,gram_panchayat,Thiruvananthapuram,67.07224428177284,6.420870470248907,177.7,2018,7608.319465314635,0.9640340069679476,0.0236351676241253,11.0,0.0,1356.96,111.0,2940.0,475.0,5.0,0.0782789327470029,Low,Low,0.0,0.0,2018.0,0.0031510438602358,1.0,6.0,25.30383528004283,0,1
959,Malayinkeezhu Grampanchayat,gram_panchayat,Thiruvananthapuram,51.51839432849403,6.262539515317599,168.3,2018,4506.9339086323125,0.934426535461143,0.0602284034376163,11.0,0.0,1356.96,111.0,2940.0,475.0,5.0,0.0782789327470029,Low,Low,0.0,0.0,2018.0,0.0017734687352206,0.0,6.000000000000003,12.672083545122682,0,0
960,Pallichal Gramapanchayat,gram_panchayat,Thiruvananthapuram,59.469715481819335,7.054462228589015,168.3,2018,2944.062298100923,0.905792585988184,0.0732115509680733,11.0,0.0,1356.96,111.0,2940.0,475.0,5.0,0.0782789327470029,Low,Low,0.0,0.0,2018.0,0.0076811391111857,0.0,6.10466005285235,4.63931431881105,0,0
961,Kalliyoor Gramapanchayath,gram_panchayat,Thiruvananthapuram,31.84951651658057,5.164063054366767,153.4,2018,1026.580728222318,0.8258114814309715,0.0452048418638538,11.0,0.0,1356.96,111.0,2940.0,475.0,5.0,0.0782789327470029,Low,Low,0.0,0.0,2018.0,0.0766612674482097,0.0,4.0,12.522670206932386,1,0
962,Venganoor Gramapanchayat,gram_panchayat,Thiruvananthapuram,47.825272985518446,5.070643856390772,153.4,2018,1767.2944411853932,0.92465601984271,0.041584223891578,11.0,0.0,1356.96,111.0,2940.0,475.0,5.0,0.0782789327470029,Low,Low,0.0,0.0,2018.0,0.0151241938406842,0.0,4.0,5.1893031914653225,0,0
963,Kottukal Gramapanchayat,gram_panchayat,Thiruvananthapuram,43.4210848349288,5.5539694594716735,153.4,2018,2745.2490984461983,0.94293562907538,0.0228926395324039,11.0,0.0,1356.96,111.0,2940.0,475.0,5.0,0.0782789327470029,Low,Low,0.0,0.0,2018.0,0.0088802720394192,0.0,4.0,12.493169673844736,0,0
964,Balaramapuram Gramapanchayath,gram_panchayat,Thiruvananthapuram,60.11751866952786,5.478900569253214,153.4,2018,5402.5504745969565,0.903655865566185,0.0949544301131495,11.0,0.0,1356.96,111.0,2940.0,475.0,5.0,0.0782789327470029,Low,Low,0.0,0.0,2018.0,0.0017115881412031,0.0,4.0,4.608957616818812,0,0
965,Neyyattinkara,municipality,Thiruvananthapuram,40.56323586214456,6.082487576533596,151.5,2018,4551.78117077991,0.9188246523821316,0.0731786528772644,11.0,0.0,1356.96,111.0,2940.0,475.0,5.0,0.0782789327470029,Low,Low,0.0,0.0,2018.0,0.00406575564956,0.0,6.000000000000001,175.73080430944125,0,0
966,"Athiyannur, Thiruvananthapuram",gram_panchayat,Thiruvananthapuram,49.67199740517393,4.791509463467237,151.5,2018,3496.1899329781627,0.9637242692677276,0.033803136929659,11.0,0.0,1356.96,111.0,2940.0,475.0,5.0,0.0782789327470029,Low,Low,0.0,0.0,2018.0,0.0025241394489515,0.0,4.0,4.126214711771308,0,0
967,Kanjiramkulam Gramapanchayath,gram_panchayat,Thiruvananthapuram,62.84033945163991,3.7960911454460775,153.4,2018,2356.0012516780585,0.9743874996726786,0.0190079054084674,11.0,0.0,1356.96,111.0,2940.0,475.0,5.0,0.0782789327470029,Low,Low,0.0,0.0,2018.0,0.0028250151723896,0.0,4.0,3.799062233589083,0,0
968,Thirupuram Gramapanchayath,gram_panchayat,Thiruvananthapuram,44.05920587067856,3.9071956333254114,151.5,2018,1856.132816525106,0.971016753848762,0.0156244947156008,11.0,0.0,1356.96,111.0,2940.0,475.0,5.0,0.0782789327470029,Low,Low,0.0,0.0,2018.0,0.0035413194525328,0.0,4.0,115.85299205581416,0,0
969,Poovar Grampanchayat,gram_panchayat,Thiruvananthapuram,27.76252473766047,3.75665831313852,132.8,2018,1845.560277838537,0.9100006878411958,0.0464466414458228,11.0,0.0,1356.96,111.0,2940.0,475.0,5.0,0.0782789327470029,Low,Low,0.0,0.0,2018.0,0.0075495933761544,0.0,4.0,340.2717615262324,0,0
970,Karumkulam Gramapanchayath,gram_panchayat,Thiruvananthapuram,35.020595915997504,4.337650163883044,132.8,2018,634.6152314491501,0.7639257649124256,0.1104081430978699,11.0,0.0,1356.96,111.0,2940.0,475.0,5.0,0.0782789327470029,Low,Low,0.0,0.0,2018.0,0.0306830259118791,0.0,4.0,3.37328972635622,0,0
971,Kulathoor Grampanchayat,gram_panchayat,Thiruvananthapuram,25.388566944359987,4.567583828430945,132.8,2018,2010.93688285702,0.9074001034488072,0.0437048550222043,11.0,0.0,1356.96,111.0,2940.0,475.0,5.0,0.0782789327470029,Low,Low,0.0,0.0,2018.0,0.0095572183793166,0.0,4.0,78.88378055937734,0,0
972,Karode Gramapanchayath,gram_panchayat,Thiruvananthapuram,43.1643080242634,4.978331834101573,132.8,2018,4032.378334005671,0.9511483240607022,0.0388829582855951,11.0,0.0,1356.96,111.0,2940.0,475.0,5.0,0.0782789327470029,Low,Low,0.0,0.0,2018.0,0.0041544866758345,0.0,4.0,11.451250433931731,0,0
973,Parassala Gramapanchayath,gram_panchayat,Thiruvananthapuram,57.93993458897389,5.397933801856541,141.5,2018,5639.656552246979,0.9293883950578852,0.0653702639307587,11.0,0.0,1356.96,111.0,2940.0,475.0,5.0,0.0782789327470029,Low,Low,0.0,0.0,2018.0,0.0027906569689258,0.0,5.999999999999998,7.032075026436701,0,0
974,Chenkal Gramapanchayat,gram_panchayat,Thiruvananthapuram,33.344765451578695,4.9953769399922185,132.8,2018,2503.7534971383525,0.9503202924030232,0.0261335357767514,11.0,0.0,1356.96,111.0,2940.0,475.0,5.0,0.0782789327470029,Low,Low,0.0,0.0,2018.0,0.0056695264271726,0.0,5.999999999999998,125.42544055663554,0,0
975,Kollayil Gramapanchayath,gram_panchayat,Thiruvananthapuram,53.44076205529766,6.025827623344585,151.5,2018,5354.604031904965,0.973691880134756,0.0198498990237147,11.0,0.0,1356.96,111.0,2940.0,475.0,5.0,0.0782789327470029,Low,Low,0.0,0.0,2018.0,0.003221039304115,0.0,6.0,8.868722442399097,0,0
976,Kunnathukal Gramapanchayat,gram_panchayat,Thiruvananthapuram,88.5476102328152,7.499166952395164,180.9,2018,7960.706479239163,0.9774607287842564,0.0165673685195069,11.0,0.0,1356.96,111.0,2940.0,475.0,5.0,0.0782789327470029,Low,Low,0.0,0.0,2018.0,0.0029008400828906,0.0,6.0,8.30035491371925,0,0
977,Perumkadavila Gramapanchayath,gram_panchayat,Thiruvananthapuram,55.68760580181474,7.860054731297974,151.5,2018,7087.916368908614,0.9811864512373256,0.013686749336238,11.0,0.0,1356.96,111.0,2940.0,475.0,5.0,0.0782789327470029,Low,Low,0.0,0.0,2018.0,0.0032483036636423,0.0,6.0,105.4476633663,0,0
978,Niranam Gramapanchayath,gram_panchayat,Pathanamthitta,4.736501678617204,2.7232183868066198,282.0,2018,1527.5514149618948,0.7599967690009986,0.0175438851295691,3.0,8.0,12085.05,741.0,32775.0,550.0,68.0,0.4433894315042411,Critical,Moderate,1.0,0.0,2018.0,0.4452904866038246,0.0,4.0,1671.560883034078,1,0
979,Kadapra Gramapanchayath,gram_panchayat,Pathanamthitta,7.216841735722427,3.162527928135284,292.7,2018,681.6356135029343,0.8102308648438364,0.0473380381843242,3.0,8.0,12085.05,741.0,32775.0,550.0,68.0,0.4433894315042411,Critical,Moderate,1.0,0.0,2018.0,0.175559372506064,0.0,4.0,1365.4825546738386,1,0
980,Nedumpram Gramapanchayath,gram_panchayat,Pathanamthitta,7.820296544132213,2.8150596726633883,334.9,2018,922.1293623878508,0.8674768921842121,0.039895032145677,3.0,8.0,12085.05,741.0,32775.0,550.0,68.0,0.4433894315042411,Critical,Moderate,1.0,0.0,2018.0,0.0959690053021615,0.0,4.0,1527.3721921556485,1,0
981,Peringara Gramapanchayath,gram_panchayat,Pathanamthitta,4.254207270626401,2.530384735568608,334.9,2018,3184.329241241318,0.7082472744398131,0.0310657586802477,3.0,8.0,12085.05,741.0,32775.0,550.0,68.0,0.4433894315042411,Critical,Moderate,1.0,0.0,2018.0,0.3595545266388788,0.0,4.0,13.259449394158183,1,0
982,Thiruvalla,municipality,Pathanamthitta,14.0885796730254,3.966814514942922,334.9,2018,2817.319308463043,0.7684222706675321,0.1649841372965296,3.0,8.0,12085.05,741.0,32775.0,550.0,68.0,0.4433894315042411,Critical,Moderate,1.0,0.0,2018.0,0.0373021082553912,0.0,7.000000000000008,90.26705731286056,0,0
983,Kuttoor Gramapanchayath,gram_panchayat,Pathanamthitta,10.82414029391746,3.5672463070166347,368.3,2018,2066.966466485546,0.8828301247019608,0.0411308563342192,3.0,8.0,12085.05,741.0,32775.0,550.0,68.0,0.4433894315042411,Critical,Moderate,1.0,0.0,2018.0,0.0848790878867924,0.0,6.999999999999998,3001.088191060375,1,0
984,Eraviperoor Gramapanchayath,gram_panchayat,Pathanamthitta,16.672596283874068,4.533513834306361,368.3,2018,2745.2023235485563,0.9057128767970064,0.0397341767327553,3.0,8.0,12085.05,741.0,32775.0,550.0,68.0,0.4433894315042411,Critical,Moderate,1.0,0.0,2018.0,0.0693666034898069,0.0,6.000000000000003,953.9974832692112,1,0
985,Kaviyoor Gramapanchayath,gram_panchayat,Pathanamthitta,23.680622976891215,5.602552970350599,368.3,2018,3725.240192874753,0.911574228539232,0.0359534217166481,3.0,8.0,12085.05,741.0,32775.0,550.0,68.0,0.4433894315042411,Critical,Moderate,1.0,0.0,2018.0,0.0825125527119119,0.0,6.0,112.55672660336263,1,0
986,Kunnanthanam Gramapanchayath,gram_panchayat,Pathanamthitta,33.85257029886043,6.0557220189558105,408.1,2018,7343.281137271184,0.9411153109817026,0.0353466068728523,3.0,8.0,12085.05,741.0,32775.0,550.0,68.0,0.4433894315042411,Critical,Moderate,1.0,0.0,2018.0,0.0027057101870462,0.0,6.0,7.820356780178642,0,0
987,Kallooppara Gramapanchayath,gram_panchayat,Pathanamthitta,31.857359477789636,6.31593944816438,368.3,2018,6804.031176955877,0.9481768510629032,0.0180597737493482,3.0,8.0,12085.05,741.0,32775.0,550.0,68.0,0.4433894315042411,Critical,Moderate,1.0,0.0,2018.0,0.0360790487636294,0.0,6.0,225.38664154118413,0,0
988,Anikkadu Gramapanchayath,gram_panchayat,Pathanamthitta,47.811279486577526,7.649086510269619,357.2,2018,8804.021226336836,0.9808391899717612,0.0061077468569556,3.0,8.0,12085.05,741.0,32775.0,550.0,68.0,0.4433894315042411,Critical,Moderate,1.0,0.0,2018.0,0.0013071055112711,0.0,6.0,193.76125652432896,0,0
989,Mallappally Gramapanchayath,gram_panchayat,Pathanamthitta,40.46807060893139,6.616602805869705,357.2,2018,9249.212203269692,0.9498602175791936,0.0257642512960985,3.0,8.0,12085.05,741.0,32775.0,550.0,68.0,0.4433894315042411,Critical,Moderate,1.0,0.0,2018.0,0.0071104894516034,0.0,6.0,316.846672340637,0,0
990,Puramattam Gramapanchayath,gram_panchayat,Pathanamthitta,33.60003867925072,7.394606928714136,368.3,2018,6227.936673799792,0.9475163949681954,0.0217612483896984,3.0,8.0,12085.05,741.0,32775.0,550.0,68.0,0.4433894315042411,Critical,Moderate,1.0,0.0,2018.0,0.0134242419470819,0.0,6.0,456.4747317275959,0,0
991,Ezhumattoor Gramapanchayath,gram_panchayat,Pathanamthitta,80.13686280637023,8.883782646720801,413.9,2018,5788.637797611848,0.9707598840911854,0.012595463990515,3.0,8.0,12085.05,741.0,32775.0,550.0,68.0,0.4433894315042411,Critical,Moderate,1.0,0.0,2018.0,0.0008509285927102,0.0,6.0,5.157941709025689,0,0
992,Kottangal Gramapanchayath,gram_panchayat,Pathanamthitta,66.42843169484429,9.347847971709513,357.2,2018,5711.460909252991,0.9718366729410874,0.0075606897117955,3.0,8.0,12085.05,741.0,32775.0,550.0,68.0,0.4433894315042411,Critical,Moderate,1.0,0.0,2018.0,0.0016354644180343,0.0,6.0,187.628422182179,0,0
993,Kottanad Gramapanchayath,gram_panchayat,Pathanamthitta,76.64247612588727,8.61013586140297,432.8,2018,5419.836760435411,0.9873108109669536,0.0060914539664224,3.0,8.0,12085.05,741.0,32775.0,550.0,68.0,0.4433894315042411,Critical,Moderate,1.0,0.0,2018.0,0.0004017167986794,0.0,6.0,6.658278398383011,0,0
994,Koipram Gramapanchayath,gram_panchayat,Pathanamthitta,25.463723251770777,4.925885400888877,368.3,2018,2444.8795215614905,0.9132826122625948,0.0434077929867475,3.0,8.0,12085.05,741.0,32775.0,550.0,68.0,0.4433894315042411,Critical,Moderate,1.0,0.0,2018.0,0.0446692828782382,0.0,5.999999999999998,290.57788872211273,0,0
995,Thottappuzhassery Gramapanchayath,gram_panchayat,Pathanamthitta,45.76095920717313,7.38738008557646,413.9,2018,1413.6515370583768,0.9131141618893364,0.0207304297314617,3.0,8.0,12085.05,741.0,32775.0,550.0,68.0,0.4433894315042411,Critical,Moderate,1.0,0.0,2018.0,0.0596616110827505,0.0,5.999999999999993,650.0477951343622,1,0
996,Ayiroor Gramapanchayath,gram_panchayat,Pathanamthitta,61.65604988287285,8.652949100547069,413.9,2018,1978.8847847060924,0.9604710734640114,0.0106212641621107,3.0,8.0,12085.05,741.0,32775.0,550.0,68.0,0.4433894315042411,Critical,Moderate,1.0,0.0,2018.0,0.0092858579957415,0.0,6.0,457.8381429771533,0,0
997,Cherukole Gramapanchayath,gram_panchayat,Pathanamthitta,59.73395943712168,9.884841228661273,460.0,2018,1430.8494053813015,0.9579304259235584,0.0104992838986106,3.0,8.0,12085.05,741.0,32775.0,550.0,68.0,0.4433894315042411,Critical,Moderate,1.0,0.0,2018.0,0.0086574299106536,0.0,6.0,447.63806270675866,0,0
998,Ranni Gramapanchayath,gram_panchayat,Pathanamthitta,80.97258533484242,10.945094852013844,460.0,2018,1660.5269979555555,0.943433526069346,0.0224108691660229,3.0,8.0,12085.05,741.0,32775.0,550.0,68.0,0.4433894315042411,Critical,Moderate,1.0,0.0,2018.0,0.0054534368532706,0.0,6.0,528.871090004671,0,0
999,Ranni Angadi Gramapanchayath,gram_panchayat,Pathanamthitta,60.14351928735928,8.700756932933707,453.6,2018,3034.310529523332,0.9673552935486034,0.0145928895729418,3.0,8.0,12085.05,741.0,32775.0,550.0,68.0,0.4433894315042411,Critical,Moderate,1.0,0.0,2018.0,0.0029756694026903,0.0,6.0,125.70465031367206,0,0
1000,Ranni Pazhavangadi Gramapanchayath,gram_panchayat,Pathanamthitta,97.8384946974546,10.315698129858085,453.6,2018,4169.325440446718,0.9693531715009096,0.0180752409965341,3.0,8.0,12085.05,741.0,32775.0,550.0,68.0,0.4433894315042411,Critical,Moderate,1.0,0.0,2018.0,0.0009018438205809,0.0,6.0,86.68778277873798,0,0
1001,Naranammuzhi Gramapanchayath,gram_panchayat,Pathanamthitta,95.1785505126768,11.223100293057549,376.2,2018,5990.280932340836,0.9609000204160952,0.004163536354042,3.0,8.0,12085.05,741.0,32775.0,550.0,68.0,0.4433894315042411,Critical,Moderate,1.0,0.0,2018.0,0.0153083706715948,0.0,6.0,325.44582269608594,0,0
1002,Vechoochira Gramapanchayath,gram_panchayat,Pathanamthitta,179.07637506504557,13.842580673629255,470.1,2018,9699.94303521868,0.9712353837296228,0.0080217823294032,3.0,8.0,12085.05,741.0,32775.0,550.0,68.0,0.4433894315042411,Critical,Moderate,1.0,0.0,2018.0,0.0048175399302048,1.0,6.0,157.20604672435675,0,1
1003,Chittar Gramapanchayath,gram_panchayat,Pathanamthitta,291.2926233579384,17.04975949656849,412.9,2018,10228.847142244816,0.986237714536076,0.0018119179972551,3.0,8.0,12085.05,741.0,32775.0,550.0,68.0,0.4433894315042411,Critical,Moderate,1.0,0.0,2018.0,0.0050888776760063,10.0,5.9999999999999964,146.7907566340472,0,1
1004,Ranni Perunadu Grama Panchayat,gram_panchayat,Pathanamthitta,173.58358997752094,14.860988157088768,376.2,2018,4356.67045870125,0.9519218993249416,0.0043185436476138,3.0,8.0,12085.05,741.0,32775.0,550.0,68.0,0.4433894315042411,Critical,Moderate,1.0,0.0,2018.0,0.0033133005033964,2.0,5.999999999999997,230.7809061012438,0,1
1005,Vadasserikkara Gramapanchayath,gram_panchayat,Pathanamthitta,114.69755985267888,12.847194563450572,358.7,2018,2961.4173962130017,0.969111708586346,0.0063594554943739,3.0,8.0,12085.05,741.0,32775.0,550.0,68.0,0.4433894315042411,Critical,Moderate,1.0,0.0,2018.0,0.0040632685561479,0.0,6.0,313.3350114696173,0,0
1006,Mylapra Gramapanchayath,gram_panchayat,Pathanamthitta,109.85960139205982,11.935968630953488,460.0,2018,5415.646605528098,0.966581032598316,0.0234960790017934,3.0,8.0,12085.05,741.0,32775.0,550.0,68.0,0.4433894315042411,Critical,Moderate,1.0,0.0,2018.0,0.0011480177560079,0.0,6.0,3.265890449352836,0,0
1007,Malayalapuzha Gramapanchayath,gram_panchayat,Pathanamthitta,126.08182749565788,11.225230962936728,358.7,2018,6368.712008535717,0.982018169798814,0.0069537282209081,3.0,8.0,12085.05,741.0,32775.0,550.0,68.0,0.4433894315042411,Critical,Moderate,1.0,0.0,2018.0,0.0007113505738026,0.0,6.0,29.374049350777693,0,0
1008,Seethathodu Gramapanchayath,gram_panchayat,Pathanamthitta,862.1795610991701,19.41384319535465,715.5,2018,4195.406486909839,0.9439112890136472,0.0008327626558024,3.0,8.0,12085.05,741.0,32775.0,550.0,68.0,0.4433894315042411,Critical,Moderate,1.0,0.0,2018.0,0.0163612866186527,83.0,6.000000000000002,38.803262484080896,0,1
1009,Aruvappulam Gramapanchayath,gram_panchayat,Pathanamthitta,512.4826863811369,19.68438178738939,540.0,2018,11442.47155744354,0.9830349434034612,0.0002479381437049,3.0,8.0,12085.05,741.0,32775.0,550.0,68.0,0.4433894315042411,Critical,Moderate,1.0,0.0,2018.0,0.0045039952460974,6.0,6.000000000000004,41.30869776605911,0,1
1010,Thannithodu Gramapanchayath,gram_panchayat,Pathanamthitta,265.1797568911134,15.836952695450618,463.4,2018,9857.810333787147,0.9863300408305864,0.0014805561654309,3.0,8.0,12085.05,741.0,32775.0,550.0,68.0,0.4433894315042411,Critical,Moderate,1.0,0.0,2018.0,0.0021226676902002,3.0,6.0,90.50245708313945,0,1
1011,Kalanjoor Gramapanchayath,gram_panchayat,Pathanamthitta,115.49652011128433,11.716570127455396,359.0,2018,12923.862852920876,0.9596065502291626,0.0114069178976116,3.0,8.0,12085.05,741.0,32775.0,550.0,68.0,0.4433894315042411,Critical,Moderate,1.0,0.0,2018.0,0.0019313848584436,0.0,6.000000000000007,9.79250942460783,0,0
1012,Pramadam Gramapanchayath,gram_panchayat,Pathanamthitta,77.66671449190996,10.564060512785812,406.6,2018,13018.934769180189,0.9620311156553712,0.0173417408638002,3.0,8.0,12085.05,741.0,32775.0,550.0,68.0,0.4433894315042411,Critical,Moderate,1.0,0.0,2018.0,0.0019534088921627,0.0,6.0,81.3416569649015,0,0
1013,Konni Gramapanchayath,gram_panchayat,Pathanamthitta,92.64894775094194,10.240351481767844,377.6,2018,9748.493509086378,0.9535770158429888,0.0288635965949396,3.0,8.0,12085.05,741.0,32775.0,550.0,68.0,0.4433894315042411,Critical,Moderate,1.0,0.0,2018.0,0.0022462673635765,0.0,6.0,143.1647433129429,0,0
1014,Vallikkodu Gramapanchayath,gram_panchayat,Pathanamthitta,33.22188716243181,5.246624125388063,405.1,2018,12404.415012321271,0.9412269547807768,0.0219654405024569,3.0,8.0,12085.05,741.0,32775.0,550.0,68.0,0.4433894315042411,Critical,Moderate,1.0,0.0,2018.0,0.0097045808551438,0.0,5.999999999999997,489.7262523496899,0,0
1015,Omalloor Gramapanchayath,gram_panchayat,Pathanamthitta,46.32987171351317,6.858491796321082,405.1,2018,10586.00668973458,0.9373380000174502,0.0448333046126851,3.0,8.0,12085.05,741.0,32775.0,550.0,68.0,0.4433894315042411,Critical,Moderate,1.0,0.0,2018.0,0.004279653526204,0.0,6.0,257.3917352913612,0,0
1016,Pathanamthitta,municipality,Pathanamthitta,65.51530123665904,9.77063777858886,406.6,2018,8772.179165876682,0.8904748685204903,0.088116327857305,3.0,8.0,12085.05,741.0,32775.0,550.0,68.0,0.4433894315042411,Critical,Moderate,1.0,0.0,2018.0,0.0018723993164779,0.0,6.0,209.6115887694307,0,0
1017,Naranganam Gramapanchayath,gram_panchayat,Pathanamthitta,90.21470969310175,11.52892586341036,460.0,2018,3693.788661459124,0.970420585563755,0.0115134560488617,3.0,8.0,12085.05,741.0,32775.0,550.0,68.0,0.4433894315042411,Critical,Moderate,1.0,0.0,2018.0,0.0005332115624769,1.0,6.0,5.262126098581373,0,1
1018,Elanthoor Gramapanchayath,gram_panchayat,Pathanamthitta,48.64080862811148,9.302002499768644,429.5,2018,5475.149841469084,0.9588697727480676,0.0263686936634757,3.0,8.0,12085.05,741.0,32775.0,550.0,68.0,0.4433894315042411,Critical,Moderate,1.0,0.0,2018.0,0.0007658675437398,0.0,6.0,9.061362071583533,0,0
1019,Chenneerkara Gramapanchayath,gram_panchayat,Pathanamthitta,45.39757877238005,7.235470748371575,405.1,2018,8615.703479377118,0.9574928890116436,0.0194887419969573,3.0,8.0,12085.05,741.0,32775.0,550.0,68.0,0.4433894315042411,Critical,Moderate,1.0,0.0,2018.0,0.0115411110780313,0.0,6.000000000000001,12.26765059877039,0,0
1020,Kulanada Gramapanchayath,gram_panchayat,Pathanamthitta,31.858847379052552,6.993990782689421,305.0,2018,5948.693050089192,0.9312135224159768,0.0298802964781542,3.0,8.0,12085.05,741.0,32775.0,550.0,68.0,0.4433894315042411,Critical,Moderate,1.0,0.0,2018.0,0.0627721100021293,0.0,6.0,6.782573342970212,1,0
1021,Mezhuvely Gramapanchayath,gram_panchayat,Pathanamthitta,40.881018668202735,8.379891619008976,429.5,2018,5838.490520495923,0.9633310426104608,0.0176381432977113,3.0,8.0,12085.05,741.0,32775.0,550.0,68.0,0.4433894315042411,Critical,Moderate,1.0,0.0,2018.0,0.0011125819959824,0.0,5.999999999999996,3.5668268626408155,0,0
1022,Mallappuzhassery Gramapanchayath,gram_panchayat,Pathanamthitta,22.13767850002296,5.53097238579525,429.5,2018,2611.4493429569998,0.8411102374472311,0.0287079714718851,3.0,8.0,12085.05,741.0,32775.0,550.0,68.0,0.4433894315042411,Critical,Moderate,1.0,0.0,2018.0,0.1074819781197786,0.0,6.0,142.4896960483725,1,0
1023,Kozhanchery Gramapanchayath,gram_panchayat,Pathanamthitta,24.655428465253472,5.829418574269569,429.5,2018,1079.5719110252198,0.8393681948600279,0.0726317421787149,3.0,8.0,12085.05,741.0,32775.0,550.0,68.0,0.4433894315042411,Critical,Moderate,1.0,0.0,2018.0,0.0373797240072593,0.0,6.000000000000003,980.8616447108608,0,0
1024,Aranmula Gramapanchayath,gram_panchayat,Pathanamthitta,21.657261121346107,6.098437972748098,335.3,2018,1956.1227975913064,0.892474677806532,0.0264473210276032,3.0,8.0,12085.05,741.0,32775.0,550.0,68.0,0.4433894315042411,Critical,Moderate,1.0,0.0,2018.0,0.1151933955944502,0.0,5.999999999999996,391.7840580027172,1,0
1025,Pandalam,municipality,Pathanamthitta,21.01947192856192,4.725693552857006,291.7,2018,3496.6919636822563,0.8413988493119269,0.0518506030382613,3.0,8.0,12085.05,741.0,32775.0,550.0,68.0,0.4433894315042411,Critical,Moderate,1.0,0.0,2018.0,0.1355736225610637,0.0,6.0,554.8885514331671,1,0
1026,Thumpamon Grampanchayat,gram_panchayat,Pathanamthitta,23.08043125760001,4.6057006928499815,405.1,2018,7220.508639587323,0.9204030961741304,0.0381616813090066,3.0,8.0,12085.05,741.0,32775.0,550.0,68.0,0.4433894315042411,Critical,Moderate,1.0,0.0,2018.0,0.0789607052427984,0.0,5.999999999999997,787.060629412682,1,0
1027,Panthalam Thekkekkara Grampanchayat,gram_panchayat,Pathanamthitta,34.35083902631476,6.288770838755921,371.4,2018,9098.592697069897,0.9394814884481144,0.0156210032568578,3.0,8.0,12085.05,741.0,32775.0,550.0,68.0,0.4433894315042411,Critical,Moderate,1.0,0.0,2018.0,0.0230147165752609,0.0,6.000000000000005,58.99757331095644,0,0
1028,Kodumon Gramapanchayath,gram_panchayat,Pathanamthitta,63.38081318399293,8.863133741523187,416.5,2018,11300.41309934862,0.9704301307669418,0.0114481070053121,3.0,8.0,12085.05,741.0,32775.0,550.0,68.0,0.4433894315042411,Critical,Moderate,1.0,0.0,2018.0,0.0015480549180166,0.0,5.999999999999997,14.580116151217204,0,0
1029,Adoor,municipality,Pathanamthitta,50.98168806591676,6.178409569050006,371.4,2018,8943.802137532693,0.9029137328578756,0.072202690066745,3.0,8.0,12085.05,741.0,32775.0,550.0,68.0,0.4433894315042411,Critical,Moderate,1.0,0.0,2018.0,0.00092644442018,0.0,6.000000000000004,7.631617306732868,0,0
1030,Pallikkal Grampanchayat,gram_panchayat,Pathanamthitta,42.925351901274,6.896736568151297,291.7,2018,4505.681254969358,0.9616629173410124,0.0084906104057404,3.0,8.0,12085.05,741.0,32775.0,550.0,68.0,0.4433894315042411,Critical,Moderate,1.0,0.0,2018.0,0.0008163316370733,0.0,6.000000000000001,20.36969954138356,0,0
1031,Kadambanad Gramapanchayath,gram_panchayat,Pathanamthitta,41.42910423827012,6.268082487135677,274.8,2018,4714.036789301555,0.9558430975693512,0.0198406330907609,3.0,8.0,12085.05,741.0,32775.0,550.0,68.0,0.4433894315042411,Critical,Moderate,1.0,0.0,2018.0,0.0017358783864386,0.0,5.999999999999997,79.12616722858455,0,0
1032,Earathu Gramapanchayath,gram_panchayat,Pathanamthitta,42.69470924047874,6.553654281052108,369.2,2018,5443.590806568946,0.9516907243337877,0.0240567100670712,3.0,8.0,12085.05,741.0,32775.0,550.0,68.0,0.4433894315042411,Critical,Moderate,1.0,0.0,2018.0,0.0008475430058266,0.0,5.999999999999996,12.26124952877069,0,0
1033,Ezhamkulam Gramapanchayath,gram_panchayat,Pathanamthitta,59.26750229257232,7.4194164596039,369.2,2018,4806.159525934007,0.9532449493475073,0.0255650197564083,3.0,8.0,12085.05,741.0,32775.0,550.0,68.0,0.4433894315042411,Critical,Moderate,1.0,0.0,2018.0,0.0012139731254676,0.0,5.999999999999997,85.74425450163783,0,0
1034,Enadimangalam Gramapanchayath,gram_panchayat,Pathanamthitta,79.23318292716169,9.492081693719236,418.2,2018,6532.383327793756,0.9553355216795064,0.017032380971799,3.0,8.0,12085.05,741.0,32775.0,550.0,68.0,0.4433894315042411,Critical,Moderate,1.0,0.0,2018.0,0.0009884370468552,0.0,5.999999999999995,8.970976238097204,0,0
